ISO-10303-21;
HEADER;
FILE_DESCRIPTION (( 'STEP AP203' ),
    '1' );
FILE_NAME ('91862A557_Hex Panel Nut.STEP',
    '2026-01-08T05:55:02',
    ( 'McMaster Carr Supply' ),
    ( 'McMaster Carr Supply' ),
    'SwSTEP 2.0',
    'SolidWorks 2024',
    '' );
FILE_SCHEMA (( 'CONFIG_CONTROL_DESIGN' ));
ENDSEC;

DATA;
#1 = CARTESIAN_POINT ( 'NONE',  ( -0.07216878364870318863, -0.1250000000000000278, 0.01354166666666667927 ) ) ;
#2 = CARTESIAN_POINT ( 'NONE',  ( 0.1562500000000001388, 0.06602396353612134672, -0.02374897245763648093 ) ) ;
#3 = VERTEX_POINT ( 'NONE', #578 ) ;
#4 = CARTESIAN_POINT ( 'NONE',  ( -0.1250000000000000000, -5.261224583181003888E-17, -0.01249999999999996947 ) ) ;
#5 = EDGE_LOOP ( 'NONE', ( #67, #874 ) ) ;
#6 = CARTESIAN_POINT ( 'NONE',  ( -0.08645629314835966139, -0.07871802495897156637, 0.02021008477472942960 ) ) ;
#7 = MECHANICAL_CONTEXT ( 'NONE', #1094, 'mechanical' ) ;
#8 = CARTESIAN_POINT ( 'NONE',  ( 0.1094250504730547857, 0.06317658234670658901, -0.02526041666666667060 ) ) ;
#9 = PRODUCT_RELATED_PRODUCT_CATEGORY ( 'detail', '', ( #814 ) ) ;
#10 = CARTESIAN_POINT ( 'NONE',  ( 0.05502973080340756856, 0.1486505292289780622, 0.03125000000000002776 ) ) ;
#11 = CARTESIAN_POINT ( 'NONE',  ( 0.1074107090628372146, -0.03148324198425046794, 0.01129387886969177371 ) ) ;
#12 = VERTEX_POINT ( 'NONE', #1156 ) ;
#13 = ADVANCED_FACE ( 'NONE', ( #1025 ), #1599, .F. ) ;
#14 = CARTESIAN_POINT ( 'NONE',  ( -0.01404609957758986075, 0.1242083213261350599, 0.02854367061317370641 ) ) ;
#15 = B_SPLINE_CURVE_WITH_KNOTS ( 'NONE', 3,
 ( #339, #920, #551, #388 ),
 .UNSPECIFIED., .F., .F.,
 ( 4, 4 ),
 ( 0.01869694595456487113, 0.01901594667711184114 ),
 .UNSPECIFIED. ) ;
#16 = ORIENTED_EDGE ( 'NONE', *, *, #213, .F. ) ;
#17 = DIRECTION ( 'NONE',  ( -0.000000000000000000, -0.000000000000000000, 1.000000000000000000 ) ) ;
#18 = EDGE_LOOP ( 'NONE', ( #555, #471, #1442, #1804, #839, #1173 ) ) ;
#19 = DIRECTION ( 'NONE',  ( 1.000000000000000000, 0.000000000000000000, 0.000000000000000000 ) ) ;
#20 = CARTESIAN_POINT ( 'NONE',  ( -0.1255875672974063606, -2.307006184552072649E-17, 0.02500000000000001180 ) ) ;
#21 = VECTOR ( 'NONE', #1479, 39.37007874015748143 ) ;
#22 = CARTESIAN_POINT ( 'NONE',  ( 0.06279378364870316642, 0.1087620236790417250, -0.008333333333333324544 ) ) ;
#23 = AXIS2_PLACEMENT_3D ( 'NONE', #1226, #837, #378 ) ;
#24 = ORIENTED_EDGE ( 'NONE', *, *, #712, .T. ) ;
#25 = LOCAL_TIME ( 23, 55, 2.000000000000000000, #455 ) ;
#26 = DIRECTION ( 'NONE',  ( -1.000000000000000000, 0.000000000000000000, 0.000000000000000000 ) ) ;
#27 = ADVANCED_FACE ( 'NONE', ( #315 ), #1071, .F. ) ;
#28 = VERTEX_POINT ( 'NONE', #1176 ) ;
#29 = CARTESIAN_POINT ( 'NONE',  ( 0.000000000000000000, 0.000000000000000000, -0.03125000000000004163 ) ) ;
#30 = FACE_OUTER_BOUND ( 'NONE', #1306, .T. ) ;
#31 =( BOUNDED_CURVE ( )  B_SPLINE_CURVE ( 2, ( #1840, #424, #266, #529, #1269, #827, #1415, #1277, #121 ),
 .UNSPECIFIED., .F., .F. ) 
 B_SPLINE_CURVE_WITH_KNOTS ( ( 3, 2, 2, 2, 3 ),
 ( 0.06250000000000000000, 0.08333333333333332871, 0.1250000000000000000, 0.1666666666666666574, 0.1875000000000000278 ),
 .UNSPECIFIED. ) 
 CURVE ( )  GEOMETRIC_REPRESENTATION_ITEM ( )  RATIONAL_B_SPLINE_CURVE ( ( 0.9330127018922192983, 0.9330127018922192983, 1.000000000000000000, 0.8660254037844385966, 1.000000000000000000, 0.8660254037844385966, 1.000000000000000000, 0.9330127018922191873, 0.9330127018922192983 ) ) 
 REPRESENTATION_ITEM ( '' )  );
#32 = CARTESIAN_POINT ( 'NONE',  ( 0.1250000000000000000, -0.006295991257885648514, -0.02833486637526285573 ) ) ;
#33 = ORIENTED_EDGE ( 'NONE', *, *, #1670, .T. ) ;
#34 = COORDINATED_UNIVERSAL_TIME_OFFSET ( 6, 0, .BEHIND. ) ;
#35 = CARTESIAN_POINT ( 'NONE',  ( 0.1255875672974063606, 7.690020615173576524E-18, -0.03749999999999999861 ) ) ;
#36 = CARTESIAN_POINT ( 'NONE',  ( -0.03203584416499219434, 0.1074575645058567369, 0.01511623215476632677 ) ) ;
#37 = DIRECTION ( 'NONE',  ( -0.000000000000000000, -0.000000000000000000, 1.000000000000000000 ) ) ;
#38 = PLANE ( 'NONE',  #353 ) ;
#39 = B_SPLINE_CURVE_WITH_KNOTS ( 'NONE', 3,
 ( #794, #1375, #221, #679, #971, #664 ),
 .UNSPECIFIED., .F., .F.,
 ( 4, 2, 4 ),
 ( 0.002020630577825358130, 0.003023725136297551047, 0.004026819694769744398 ),
 .UNSPECIFIED. ) ;
#40 = ORIENTED_EDGE ( 'NONE', *, *, #105, .T. ) ;
#41 = CARTESIAN_POINT ( 'NONE',  ( 0.07812499999999993061, 0.1353164693413185793, 0.03125000000000004163 ) ) ;
#42 = FACE_OUTER_BOUND ( 'NONE', #191, .T. ) ;
#43 = DIRECTION ( 'NONE',  ( -0.000000000000000000, -0.000000000000000000, 1.000000000000000000 ) ) ;
#44 = EDGE_CURVE ( 'NONE', #132, #1158, #1477, .T. ) ;
#45 = PERSON_AND_ORGANIZATION ( #600, #355 ) ;
#46 = CARTESIAN_POINT ( 'NONE',  ( 0.09419067547305477739, 0.05438101183952086942, 0.01145833333333335854 ) ) ;
#47 = CARTESIAN_POINT ( 'NONE',  ( 0.07812500000000008327, -0.1353164693413186348, -0.03124999999999997571 ) ) ;
#48 = VERTEX_POINT ( 'NONE', #41 ) ;
#49 = CARTESIAN_POINT ( 'NONE',  ( 0.1227534028538923155, 3.605082583953591123E-15, 0.02629707346706604970 ) ) ;
#50 = CARTESIAN_POINT ( 'NONE',  ( -0.1255875672974063606, -2.307006184552072649E-17, 8.537024980200824098E-18 ) ) ;
#51 = CARTESIAN_POINT ( 'NONE',  ( 0.1463760302120048484, 0.09591171867594834588, 0.02042468245269455501 ) ) ;
#52 = CARTESIAN_POINT ( 'NONE',  ( -0.09419067547305483290, 0.05438101183952078616, -0.03020833333333331275 ) ) ;
#53 = ADVANCED_FACE ( 'NONE', ( #611 ), #1186, .T. ) ;
#54 = CARTESIAN_POINT ( 'NONE',  ( 0.09198921002385768153, 0.05979669446373808706, -0.01230569429221550770 ) ) ;
#55 = ORIENTED_EDGE ( 'NONE', *, *, #1541, .T. ) ;
#56 = CONICAL_SURFACE ( 'NONE', #1353, 0.1750000000000000444, 1.047197551196598742 ) ;
#57 = CARTESIAN_POINT ( 'NONE',  ( 0.02673777378506706284, 0.1193558531206472539, 0.02557779245884102964 ) ) ;
#58 = AXIS2_PLACEMENT_3D ( 'NONE', #345, #1509, #207 ) ;
#59 = CARTESIAN_POINT ( 'NONE',  ( 0.000000000000000000, 0.000000000000000000, 0.03125000000000000694 ) ) ;
#60 = CARTESIAN_POINT ( 'NONE',  ( 0.000000000000000000, 0.000000000000000000, 0.02042468245269455848 ) ) ;
#61 = CARTESIAN_POINT ( 'NONE',  ( -0.05507409129870582953, 0.1486249176850762965, 0.03024645550025279947 ) ) ;
#62 = ORIENTED_EDGE ( 'NONE', *, *, #659, .F. ) ;
#63 = CARTESIAN_POINT ( 'NONE',  ( 0.000000000000000000, 0.1087620236790417250, 0.04062500000000002914 ) ) ;
#64 = CARTESIAN_POINT ( 'NONE',  ( -0.1163497826094160442, 0.01591541163100937059, -0.02071263004814824504 ) ) ;
#65 = B_SPLINE_CURVE_WITH_KNOTS ( 'NONE', 3,
 ( #481, #450, #740, #1359 ),
 .UNSPECIFIED., .F., .F.,
 ( 4, 4 ),
 ( 7.823037090775846319E-18, 0.0001288139503032523778 ),
 .UNSPECIFIED. ) ;
#66 = CARTESIAN_POINT ( 'NONE',  ( -0.1562500000000000278, 0.05307485582001396363, 0.02647333932687603170 ) ) ;
#67 = ORIENTED_EDGE ( 'NONE', *, *, #907, .T. ) ;
#68 = CARTESIAN_POINT ( 'NONE',  ( 0.08672633132003425283, 0.07746377888155425717, 0.01953590722873974755 ) ) ;
#69 = DIRECTION ( 'NONE',  ( 0.000000000000000000, 0.000000000000000000, -1.000000000000000000 ) ) ;
#70 = DIRECTION ( 'NONE',  ( -0.5000000000000001110, 0.8660254037844385966, 0.000000000000000000 ) ) ;
#71 = ORIENTED_EDGE ( 'NONE', *, *, #1514, .F. ) ;
#72 = CARTESIAN_POINT ( 'NONE',  ( 0.1255875672974063606, 7.690020615173576524E-18, 0.009375000000000029143 ) ) ;
#73 = CARTESIAN_POINT ( 'NONE',  ( -0.1562500000000000278, -0.05276207356931891107, -0.02652998678314223008 ) ) ;
#74 = CARTESIAN_POINT ( 'NONE',  ( -0.03581065204865784002, 0.1148367023034645301, -0.02357647105010650737 ) ) ;
#75 = CYLINDRICAL_SURFACE ( 'NONE', #435, 0.1249999999999999861 ) ;
#76 = EDGE_CURVE ( 'NONE', #216, #1056, #466, .T. ) ;
#77 = EDGE_LOOP ( 'NONE', ( #1144, #1240, #1089, #1146, #1829, #1591 ) ) ;
#78 = CARTESIAN_POINT ( 'NONE',  ( -0.1562500000000000278, -0.02648279248444504463, 0.03025940417291388129 ) ) ;
#79 = ORIENTED_EDGE ( 'NONE', *, *, #1275, .F. ) ;
#80 = CARTESIAN_POINT ( 'NONE',  ( 1.331950641673270831E-17, -0.1087620236790417250, -0.02187499999999997086 ) ) ;
#81 = CARTESIAN_POINT ( 'NONE',  ( 0.000000000000000000, 0.000000000000000000, 0.02042468245269455848 ) ) ;
#82 = VERTEX_POINT ( 'NONE', #843 ) ;
#83 = CARTESIAN_POINT ( 'NONE',  ( 0.009873969787995359737, -0.1747212200066888543, 0.03125000000000000694 ) ) ;
#84 = CIRCLE ( 'NONE', #1314, 0.1562500000000000000 ) ;
#85 = VECTOR ( 'NONE', #1655, 39.37007874015748143 ) ;
#86 = EDGE_CURVE ( 'NONE', #881, #1034, #936, .T. ) ;
#87 = DIRECTION ( 'NONE',  ( 0.7071067811865486830, 0.000000000000000000, 0.7071067811865462405 ) ) ;
#88 = AXIS2_PLACEMENT_3D ( 'NONE', #1812, #806, #1795 ) ;
#89 = ORIENTED_EDGE ( 'NONE', *, *, #188, .F. ) ;
#90 = DIRECTION ( 'NONE',  ( -0.000000000000000000, -0.000000000000000000, 1.000000000000000000 ) ) ;
#91 = CARTESIAN_POINT ( 'NONE',  ( -0.07295003364870314422, -0.1263531646934131780, 0.03932291666666665880 ) ) ;
#92 = VERTEX_POINT ( 'NONE', #1417 ) ;
#93 = CARTESIAN_POINT ( 'NONE',  ( 0.000000000000000000, 0.000000000000000000, 0.02042468245269455848 ) ) ;
#94 = CARTESIAN_POINT ( 'NONE',  ( 0.07812500000000004163, -0.1353164693413185238, 0.03125000000000004163 ) ) ;
#95 = APPROVAL_DATE_TIME ( #807, #343 ) ;
#96 = CARTESIAN_POINT ( 'NONE',  ( 0.1459000672974063995, 8.933802520557606297E-18, -0.02578124999999995698 ) ) ;
#97 = EDGE_CURVE ( 'NONE', #444, #1787, #1436, .T. ) ;
#98 = DIRECTION ( 'NONE',  ( 1.000000000000000000, 0.000000000000000000, 0.000000000000000000 ) ) ;
#99 = FACE_OUTER_BOUND ( 'NONE', #938, .T. ) ;
#100 = CARTESIAN_POINT ( 'NONE',  ( -0.03232493535701210646, 0.1617591489918499270, -0.02716506112274343424 ) ) ;
#101 = CARTESIAN_POINT ( 'NONE',  ( 0.08811753936799050779, 0.06489999213477314066, 0.01186131484361576706 ) ) ;
#102 = CARTESIAN_POINT ( 'NONE',  ( 0.04695157493927414744, -0.1017010021633403538, -0.01531152583406697812 ) ) ;
#103 = CARTESIAN_POINT ( 'NONE',  ( 0.1249999999999999861, 1.601242264446392367E-17, 0.02187500000000000555 ) ) ;
#104 = CARTESIAN_POINT ( 'NONE',  ( -0.07295003364870314422, -0.1263531646934131780, 0.01432291666666666262 ) ) ;
#105 = EDGE_CURVE ( 'NONE', #956, #1374, #655, .T. ) ;
#106 = CARTESIAN_POINT ( 'NONE',  ( -0.1250000000000000278, 0.03349364905389026759, 0.008258545031536996053 ) ) ;
#107 = CARTESIAN_POINT ( 'NONE',  ( 0.09419067547305477739, 0.05438101183952086942, -0.03854166666666663382 ) ) ;
#108 = LINE ( 'NONE', #943, #1620 ) ;
#109 = CYLINDRICAL_SURFACE ( 'NONE', #1354, 0.1249999999999999861 ) ;
#110 = AXIS2_PLACEMENT_3D ( 'NONE', #242, #1257, #447 ) ;
#111 = CARTESIAN_POINT ( 'NONE',  ( 0.1094250504730547857, 0.06317658234670658901, 0.001302083333333377713 ) ) ;
#112 = AXIS2_PLACEMENT_3D ( 'NONE', #910, #151, #766 ) ;
#113 = CARTESIAN_POINT ( 'NONE',  ( 0.1562500000000000000, 0.000000000000000000, 0.03125000000000004163 ) ) ;
#114 = CARTESIAN_POINT ( 'NONE',  ( 0.1094250504730547996, -0.06317658234670654738, 0.02057291666666665950 ) ) ;
#115 = CARTESIAN_POINT ( 'NONE',  ( -0.07216878364870327189, 0.1249999999999999861, 0.008333333333333366177 ) ) ;
#116 = CARTESIAN_POINT ( 'NONE',  ( 1.331950641673270831E-17, -0.1087620236790417250, -0.04374999999999999722 ) ) ;
#117 = DIRECTION ( 'NONE',  ( -0.000000000000000000, -0.000000000000000000, -1.000000000000000000 ) ) ;
#118 = EDGE_CURVE ( 'NONE', #1056, #1747, #1120, .T. ) ;
#119 = CARTESIAN_POINT ( 'NONE',  ( 0.1249999999999999584, 0.03349364905389034391, -0.02388354503153695962 ) ) ;
#120 = CARTESIAN_POINT ( 'NONE',  ( -0.1094250504730548551, 0.06317658234670647799, 0.009635416666666710497 ) ) ;
#121 = CARTESIAN_POINT ( 'NONE',  ( -0.1249999999999999861, 3.888731213655524452E-17, 0.01250000000000002845 ) ) ;
#122 = CARTESIAN_POINT ( 'NONE',  ( -0.07295003364870325524, 0.1263531646934131225, 0.005989583333333328534 ) ) ;
#123 = CARTESIAN_POINT ( 'NONE',  ( -0.09419067547305476351, -0.05438101183952091106, 0.02395833333333336271 ) ) ;
#124 = CARTESIAN_POINT ( 'NONE',  ( 0.000000000000000000, 0.000000000000000000, 0.02854367061317370641 ) ) ;
#125 = EDGE_CURVE ( 'NONE', #732, #48, #1118, .T. ) ;
#126 = B_SPLINE_CURVE_WITH_KNOTS ( 'NONE', 3,
 ( #1565, #1702, #273, #854, #1422, #710, #283, #864, #416, #127, #1444, #1583, #265, #996, #1721, #148, #699, #559, #1741, #1276, #1168, #1594, #442, #6, #1147, #1018, #579, #876, #1464, #1157, #1139, #1432 ),
 .UNSPECIFIED., .F., .F.,
 ( 4, 2, 2, 2, 2, 2, 2, 2, 2, 2, 2, 2, 2, 2, 2, 4 ),
 ( 0.004463544871686033096, 0.005643436792471796457, 0.006233382752864678571, 0.006823328713257560685, 0.007413274673650441932, 0.008003220634043323178, 0.008593166594436206160, 0.009183112554829087407, 0.009773058515221970388, 0.01036300447561485163, 0.01095295043600773288, 0.01154289639640061413, 0.01213284235679349711, 0.01272278831718638009, 0.01331273427757926134, 0.01390268023797214259 ),
 .UNSPECIFIED. ) ;
#127 = CARTESIAN_POINT ( 'NONE',  ( 0.06258257338325876051, -0.1028845142698991272, 0.02371632989803945657 ) ) ;
#128 = CARTESIAN_POINT ( 'NONE',  ( -0.009873969787995085651, -0.1747212200066888821, 0.03125000000000000694 ) ) ;
#129 = CARTESIAN_POINT ( 'NONE',  ( 0.000000000000000000, 0.1263531646934131503, -0.02109375000000000833 ) ) ;
#130 = CARTESIAN_POINT ( 'NONE',  ( -0.1249999999999999584, 0.03349364905389031616, 0.01138354503153701791 ) ) ;
#131 = CARTESIAN_POINT ( 'NONE',  ( 0.06279378364870318030, 0.1087620236790417250, 0.03854166666666669627 ) ) ;
#132 = VERTEX_POINT ( 'NONE', #1151 ) ;
#133 = CARTESIAN_POINT ( 'NONE',  ( -0.1255875672974063884, -2.307006184552072649E-17, -0.003124999999999975887 ) ) ;
#134 = ORIENTED_EDGE ( 'NONE', *, *, #967, .T. ) ;
#135 = EDGE_CURVE ( 'NONE', #434, #506, #624, .T. ) ;
#136 = CARTESIAN_POINT ( 'NONE',  ( -0.1239416788817769566, -0.1088641974555500241, 0.02650362112875557716 ) ) ;
#137 = EDGE_CURVE ( 'NONE', #1660, #144, #1675, .T. ) ;
#138 = CARTESIAN_POINT ( 'NONE',  ( 0.000000000000000000, 0.000000000000000000, 0.03125000000000000694 ) ) ;
#139 = CONICAL_SURFACE ( 'NONE', #1767, 0.1277063293868263283, 0.7853981633974500554 ) ;
#140 = CARTESIAN_POINT ( 'NONE',  ( 0.09419067547305479127, -0.05438101183952083473, 0.03541666666666667962 ) ) ;
#141 = AXIS2_PLACEMENT_3D ( 'NONE', #1827, #507, #954 ) ;
#142 = CARTESIAN_POINT ( 'NONE',  ( 0.000000000000000000, 0.000000000000000000, 0.03125000000000004163 ) ) ;
#143 = DIRECTION ( 'NONE',  ( 1.000000000000000000, 0.000000000000000000, 0.000000000000000000 ) ) ;
#144 = VERTEX_POINT ( 'NONE', #1009 ) ;
#145 = CARTESIAN_POINT ( 'NONE',  ( -0.07216878364870327189, 0.1249999999999999861, -0.01666666666666663868 ) ) ;
#146 = EDGE_LOOP ( 'NONE', ( #728, #892, #156, #1632, #629, #219 ) ) ;
#147 = B_SPLINE_CURVE_WITH_KNOTS ( 'NONE', 3,
 ( #1293, #1718, #1730, #1738, #1145, #1598 ),
 .UNSPECIFIED., .F., .F.,
 ( 4, 2, 4 ),
 ( 0.001993082242862937413, 0.002999662442251423145, 0.004006242641639908876 ),
 .UNSPECIFIED. ) ;
#148 = CARTESIAN_POINT ( 'NONE',  ( -0.004736305461461784265, -0.1188624925822697326, 0.02224181873081317734 ) ) ;
#149 = APPROVAL ( #1743, 'UNSPECIFIED' ) ;
#150 = ORIENTED_EDGE ( 'NONE', *, *, #1409, .T. ) ;
#151 = DIRECTION ( 'NONE',  ( 0.000000000000000000, 0.000000000000000000, 1.000000000000000000 ) ) ;
#152 = CARTESIAN_POINT ( 'NONE',  ( 1.547379987039267552E-17, -0.1263531646934131503, -0.008593750000000005898 ) ) ;
#153 = EDGE_CURVE ( 'NONE', #1212, #1470, #210, .T. ) ;
#154 = CARTESIAN_POINT ( 'NONE',  ( 0.1082531754730548107, 0.06250000000000001388, 0.02708333333333336895 ) ) ;
#155 = DIRECTION ( 'NONE',  ( 0.000000000000000000, 0.000000000000000000, -1.000000000000000000 ) ) ;
#156 = ORIENTED_EDGE ( 'NONE', *, *, #44, .T. ) ;
#157 = CARTESIAN_POINT ( 'NONE',  ( -0.09419067547305476351, -0.05438101183952091106, -0.001041666666666644101 ) ) ;
#158 = ORIENTED_EDGE ( 'NONE', *, *, #862, .F. ) ;
#159 = ORIENTED_EDGE ( 'NONE', *, *, #163, .T. ) ;
#160 = CARTESIAN_POINT ( 'NONE',  ( -0.1249999999999999861, 3.888731213655524452E-17, 0.01250000000000002845 ) ) ;
#161 = ORIENTED_EDGE ( 'NONE', *, *, #430, .F. ) ;
#162 = CARTESIAN_POINT ( 'NONE',  ( -0.09419067547305476351, -0.05438101183952091106, -0.02291666666666665811 ) ) ;
#163 = EDGE_CURVE ( 'NONE', #793, #1635, #222, .T. ) ;
#164 = CARTESIAN_POINT ( 'NONE',  ( 0.000000000000000000, 0.1087620236790417250, -0.006249999999999993408 ) ) ;
#165 = ORIENTED_EDGE ( 'NONE', *, *, #890, .F. ) ;
#166 = CARTESIAN_POINT ( 'NONE',  ( 0.000000000000000000, 0.000000000000000000, 0.02042468245269455848 ) ) ;
#167 = ORIENTED_EDGE ( 'NONE', *, *, #1816, .T. ) ;
#168 = CARTESIAN_POINT ( 'NONE',  ( 0.03230832111822326547, -0.1617687412270870650, 0.02650362112875555634 ) ) ;
#169 = CARTESIAN_POINT ( 'NONE',  ( 0.1249999999999999584, 0.03349364905389034391, -0.02700854503153698322 ) ) ;
#170 = VERTEX_POINT ( 'NONE', #518 ) ;
#171 = CARTESIAN_POINT ( 'NONE',  ( -0.09419067547305483290, 0.05438101183952078616, 0.02291666666666667546 ) ) ;
#172 = AXIS2_PLACEMENT_3D ( 'NONE', #1520, #1663, #777 ) ;
#173 = CARTESIAN_POINT ( 'NONE',  ( -0.06279378364870324969, 0.1087620236790416833, -0.004166666666666653598 ) ) ;
#174 = CIRCLE ( 'NONE', #1852, 0.1562500000000000000 ) ;
#175 = EDGE_LOOP ( 'NONE', ( #1498, #1153, #361, #697, #586, #62, #1068, #1166 ) ) ;
#176 = DIRECTION ( 'NONE',  ( -0.000000000000000000, -0.000000000000000000, 1.000000000000000000 ) ) ;
#177 = ADVANCED_FACE ( 'NONE', ( #1784 ), #676, .T. ) ;
#178 = CARTESIAN_POINT ( 'NONE',  ( 0.1463760302120048207, -0.09591171867594834588, 0.03125000000000000694 ) ) ;
#179 = CARTESIAN_POINT ( 'NONE',  ( 0.09419067547305479127, -0.05438101183952083473, 0.03541666666666667962 ) ) ;
#180 = DIRECTION ( 'NONE',  ( -0.4999999999999996114, -0.8660254037844388186, 0.000000000000000000 ) ) ;
#181 = ORIENTED_EDGE ( 'NONE', *, *, #1692, .T. ) ;
#182 = DATE_AND_TIME ( #1020, #403 ) ;
#183 = CARTESIAN_POINT ( 'NONE',  ( -0.1277063293868263283, 1.563951475144344211E-17, 0.03125000000000004163 ) ) ;
#184 = CARTESIAN_POINT ( 'NONE',  ( 0.01248730963517569355, 0.1104710696259981056, 0.01415074518709513382 ) ) ;
#185 = ORIENTED_EDGE ( 'NONE', *, *, #1245, .F. ) ;
#186 = LINE ( 'NONE', #760, #656 ) ;
#187 = ORIENTED_EDGE ( 'NONE', *, *, #493, .T. ) ;
#188 = EDGE_CURVE ( 'NONE', #132, #942, #1101, .T. ) ;
#189 = CARTESIAN_POINT ( 'NONE',  ( -0.1011759087012943370, 0.1220080209975608759, -0.03024645550025273355 ) ) ;
#190 = CARTESIAN_POINT ( 'NONE',  ( -0.009873969787995229633, 0.1747212200066888543, 0.02042468245269457583 ) ) ;
#191 = EDGE_LOOP ( 'NONE', ( #351, #921, #161, #1313, #1855 ) ) ;
#192 = APPROVAL_ROLE ( '' ) ;
#193 = CARTESIAN_POINT ( 'NONE',  ( 0.1255875672974063606, 7.690020615173576524E-18, -0.01562499999999997745 ) ) ;
#194 = CARTESIAN_POINT ( 'NONE',  ( 0.1562500000000001388, 0.07880950133074036967, -0.02042468245269449950 ) ) ;
#195 = ORIENTED_EDGE ( 'NONE', *, *, #1106, .F. ) ;
#196 = CARTESIAN_POINT ( 'NONE',  ( 0.1463760302120048484, 0.09591171867594834588, -0.02042468245269449950 ) ) ;
#197 = CARTESIAN_POINT ( 'NONE',  ( 0.06279378364870322193, -0.1087620236790417111, 0.008333333333333341891 ) ) ;
#198 = CARTESIAN_POINT ( 'NONE',  ( -0.1463760302120048484, -0.09591171867594833200, -0.02042468245269449950 ) ) ;
#199 = EDGE_CURVE ( 'NONE', #1371, #1292, #801, .T. ) ;
#200 = VERTEX_POINT ( 'NONE', #1712 ) ;
#201 = CARTESIAN_POINT ( 'NONE',  ( 0.1459000672974063995, 8.933802520557606297E-18, 0.02421875000000004233 ) ) ;
#202 = CARTESIAN_POINT ( 'NONE',  ( -0.1168098910143713087, -7.182715300516672880E-16, -0.02035356162754504636 ) ) ;
#203 = DIRECTION ( 'NONE',  ( 1.000000000000000000, 0.000000000000000000, 0.000000000000000000 ) ) ;
#204 = AXIS2_PLACEMENT_3D ( 'NONE', #933, #800, #330 ) ;
#205 = CARTESIAN_POINT ( 'NONE',  ( -0.005784531996893824309, 0.1245425384434534627, 0.02794742858273467634 ) ) ;
#206 = CARTESIAN_POINT ( 'NONE',  ( 0.06279378364870322193, -0.1087620236790417111, -0.01666666666666665603 ) ) ;
#207 = DIRECTION ( 'NONE',  ( 1.000000000000000000, 0.000000000000000000, 0.000000000000000000 ) ) ;
#208 = EDGE_LOOP ( 'NONE', ( #947, #802, #304, #1696, #1424, #1809 ) ) ;
#209 = CARTESIAN_POINT ( 'NONE',  ( 0.07295003364870324136, -0.1263531646934131225, 0.02005208333333338006 ) ) ;
#210 =( BOUNDED_CURVE ( )  B_SPLINE_CURVE ( 2, ( #869, #1448, #154, #725, #583 ),
 .UNSPECIFIED., .F., .T. ) 
 B_SPLINE_CURVE_WITH_KNOTS ( ( 3, 2, 3 ),
 ( 0.02667882066181975070, 0.04166666666666666435, 0.06250000000000000000 ),
 .UNSPECIFIED. ) 
 CURVE ( )  GEOMETRIC_REPRESENTATION_ITEM ( )  RATIONAL_B_SPLINE_CURVE ( ( 0.9382864135721356025, 0.9518082252006307975, 1.000000000000000000, 0.9330127018922192983, 0.9330127018922192983 ) ) 
 REPRESENTATION_ITEM ( '' )  );
#211 = CARTESIAN_POINT ( 'NONE',  ( -0.1135139942788452594, 0.03141081832490517922, -0.02105987893955644369 ) ) ;
#212 = CARTESIAN_POINT ( 'NONE',  ( 0.05502973080340776979, -0.1486505292289780900, -0.03124999999999989592 ) ) ;
#213 = EDGE_CURVE ( 'NONE', #1660, #1652, #1294, .T. ) ;
#214 = CARTESIAN_POINT ( 'NONE',  ( 0.009873969787995413513, -0.1747212200066888543, 0.02042468245269455848 ) ) ;
#215 = DIRECTION ( 'NONE',  ( -0.000000000000000000, -0.000000000000000000, 1.000000000000000000 ) ) ;
#216 = VERTEX_POINT ( 'NONE', #1351 ) ;
#217 = DIRECTION ( 'NONE',  ( -1.000000000000000000, 0.000000000000000000, 0.000000000000000000 ) ) ;
#218 = CARTESIAN_POINT ( 'NONE',  ( -0.1562500000000000833, 0.06602396353612149937, 0.02374897245763655726 ) ) ;
#219 = ORIENTED_EDGE ( 'NONE', *, *, #1532, .T. ) ;
#220 = EDGE_CURVE ( 'NONE', #421, #434, #576, .T. ) ;
#221 = CARTESIAN_POINT ( 'NONE',  ( 0.1011759087012942954, -0.1220080209975609592, -0.03024645550025269886 ) ) ;
#222 = B_SPLINE_CURVE_WITH_KNOTS ( 'NONE', 3,
 ( #389, #1688, #1022, #300, #1458, #458, #618, #736, #1171, #1745, #1031, #889, #1326, #36, #1181, #320, #184, #1661, #1527, #516, #1800, #1814, #1500, #950 ),
 .UNSPECIFIED., .F., .F.,
 ( 4, 2, 2, 2, 2, 2, 2, 2, 2, 2, 2, 4 ),
 ( 0.01390268023797214432, 0.01474851210400343615, 0.01559434397003472972, 0.01601725990305037650, 0.01644017583606602328, 0.01686309176908166660, 0.01728600770209731338, 0.01813183956812860695, 0.01897767143415990052, 0.01940058736717554730, 0.01982350330019119408, 0.02066933516622248765 ),
 .UNSPECIFIED. ) ;
#223 = CARTESIAN_POINT ( 'NONE',  ( -0.07216878364870327189, 0.1249999999999999861, 0.005208333333333343453 ) ) ;
#224 = DIRECTION ( 'NONE',  ( 0.000000000000000000, 0.000000000000000000, 1.000000000000000000 ) ) ;
#225 = CARTESIAN_POINT ( 'NONE',  ( 0.08665422767027200490, -0.06906237907445303414, -0.01410269265400091419 ) ) ;
#226 = CARTESIAN_POINT ( 'NONE',  ( 0.1079701762266111059, 0.01949915192806652223, -0.01230569429221549035 ) ) ;
#227 = EDGE_LOOP ( 'NONE', ( #558, #1511, #431, #1135 ) ) ;
#228 = LINE ( 'NONE', #1090, #1678 ) ;
#229 = PRODUCT_DEFINITION_FORMATION_WITH_SPECIFIED_SOURCE ( 'ANY', '', #814, .NOT_KNOWN. ) ;
#230 = AXIS2_PLACEMENT_3D ( 'NONE', #1370, #43, #937 ) ;
#231 = CARTESIAN_POINT ( 'NONE',  ( -0.1082531754730547829, -0.06250000000000004163, -0.01354166666666666193 ) ) ;
#232 = CARTESIAN_POINT ( 'NONE',  ( 0.08196380018467294692, -0.07480803849880289513, -0.01426962245292227698 ) ) ;
#233 = CARTESIAN_POINT ( 'NONE',  ( 0.1562500000000001388, -0.02648279248444491626, -0.03025940417291377721 ) ) ;
#234 = B_SPLINE_CURVE_WITH_KNOTS ( 'NONE', 3,
 ( #196, #630, #332, #472 ),
 .UNSPECIFIED., .F., .F.,
 ( 4, 4 ),
 ( 7.864008071450614497E-07, 0.002020630577825366803 ),
 .UNSPECIFIED. ) ;
#235 = CARTESIAN_POINT ( 'NONE',  ( 0.09419067547305479127, -0.05438101183952083473, 0.007291666666666692803 ) ) ;
#236 = CARTESIAN_POINT ( 'NONE',  ( 0.1249999999999999861, 1.601242264446392367E-17, -0.02812499999999999722 ) ) ;
#237 = CARTESIAN_POINT ( 'NONE',  ( -0.1562500000000000833, -0.06590065161755780110, 0.02378103404041549684 ) ) ;
#238 = EDGE_CURVE ( 'NONE', #1597, #170, #1391, .T. ) ;
#239 = CARTESIAN_POINT ( 'NONE',  ( 0.07158718838619641811, -0.08523515055621955216, -0.01460980261320842313 ) ) ;
#240 = CARTESIAN_POINT ( 'NONE',  ( 0.1154556127496875195, 0.04542932597886355228, 0.02726726942518416935 ) ) ;
#241 = CARTESIAN_POINT ( 'NONE',  ( 0.07295003364870324136, -0.1263531646934131225, 0.01848958333333331969 ) ) ;
#242 = CARTESIAN_POINT ( 'NONE',  ( 0.000000000000000000, 0.000000000000000000, 0.03125000000000004163 ) ) ;
#243 = DIRECTION ( 'NONE',  ( -0.000000000000000000, -0.000000000000000000, 1.000000000000000000 ) ) ;
#244 = LINE ( 'NONE', #1377, #1770 ) ;
#245 = CARTESIAN_POINT ( 'NONE',  ( -0.03238712095125250573, -0.1090853869034004719, -0.01709589493445265104 ) ) ;
#246 = ADVANCED_FACE ( 'NONE', ( #30 ), #401, .T. ) ;
#247 = CARTESIAN_POINT ( 'NONE',  ( 0.1562500000000001388, -0.06590065161755771783, 0.02378103404041547256 ) ) ;
#248 = DIRECTION ( 'NONE',  ( 1.000000000000000000, -0.000000000000000000, 0.000000000000000000 ) ) ;
#249 = CARTESIAN_POINT ( 'NONE',  ( 0.1255875672974063606, 7.690020615173576524E-18, 0.009375000000000029143 ) ) ;
#250 = DIRECTION ( 'NONE',  ( 1.000000000000000000, 0.000000000000000000, 0.000000000000000000 ) ) ;
#251 = ORIENTED_EDGE ( 'NONE', *, *, #297, .F. ) ;
#252 = CARTESIAN_POINT ( 'NONE',  ( 0.06365885828527743928, 0.1045539448408668165, -0.02569861854997908951 ) ) ;
#253 = CARTESIAN_POINT ( 'NONE',  ( -0.004733622427903895306, 0.1208444701418869699, -0.02422457020412217138 ) ) ;
#254 = AXIS2_PLACEMENT_3D ( 'NONE', #60, #69, #1043 ) ;
#255 = CARTESIAN_POINT ( 'NONE',  ( 0.000000000000000000, 0.000000000000000000, 0.03125000000000000694 ) ) ;
#256 = AXIS2_PLACEMENT_3D ( 'NONE', #1218, #897, #755 ) ;
#257 = CARTESIAN_POINT ( 'NONE',  ( -0.1094250504730548551, 0.06317658234670647799, -0.04036458333333329401 ) ) ;
#258 = AXIS2_PLACEMENT_3D ( 'NONE', #138, #550, #1433 ) ;
#259 = CARTESIAN_POINT ( 'NONE',  ( 0.1562500000000001388, -0.02648279248444501341, 0.03025940417291383619 ) ) ;
#260 = CARTESIAN_POINT ( 'NONE',  ( 0.1562500000000001388, -0.07880950133074036967, -0.02042468245269449950 ) ) ;
#261 = CARTESIAN_POINT ( 'NONE',  ( 0.03232493535701196075, 0.1617591489918499548, 0.02716506112274349669 ) ) ;
#262 = EDGE_CURVE ( 'NONE', #1431, #652, #1616, .T. ) ;
#263 = CARTESIAN_POINT ( 'NONE',  ( 0.06279378364870322193, -0.1087620236790417111, -0.04166666666666665048 ) ) ;
#264 = DIRECTION ( 'NONE',  ( 1.000000000000000000, 0.000000000000000000, 0.000000000000000000 ) ) ;
#265 = CARTESIAN_POINT ( 'NONE',  ( 0.03384221871942883625, -0.1148591740893304819, 0.02303406096024928837 ) ) ;
#266 = CARTESIAN_POINT ( 'NONE',  ( 0.1082531754730548107, -0.06249999999999996531, 0.02291666666666669974 ) ) ;
#267 = CARTESIAN_POINT ( 'NONE',  ( 0.07295003364870324136, -0.1263531646934131225, 0.04348958333333332454 ) ) ;
#268 = DIRECTION ( 'NONE',  ( -0.000000000000000000, -0.000000000000000000, 1.000000000000000000 ) ) ;
#269 = CARTESIAN_POINT ( 'NONE',  ( 0.1255875672974063606, 7.690020615173576524E-18, -0.04062499999999997363 ) ) ;
#270 = ADVANCED_FACE ( 'NONE', ( #306, #1238 ), #1332, .F. ) ;
#271 = ORIENTED_EDGE ( 'NONE', *, *, #953, .T. ) ;
#272 = CARTESIAN_POINT ( 'NONE',  ( 0.1170793390197868850, -0.01814317470194011517, -0.02167780231820987460 ) ) ;
#273 = CARTESIAN_POINT ( 'NONE',  ( 0.1190709457775506602, -0.03107665692168452842, 0.02562544401046606621 ) ) ;
#274 = CARTESIAN_POINT ( 'NONE',  ( 0.1562500000000001388, 0.07880950133074036967, 0.02042468245269456542 ) ) ;
#275 = CARTESIAN_POINT ( 'NONE',  ( 0.06279378364870322193, -0.1087620236790417111, -0.04166666666666665048 ) ) ;
#276 = CARTESIAN_POINT ( 'NONE',  ( 0.1249999999999999584, -0.03349364905389031616, -0.02611645496846298417 ) ) ;
#277 = CARTESIAN_POINT ( 'NONE',  ( 0.1062130181348450164, 0.02703399851638852228, 0.01230569429221550597 ) ) ;
#278 = VERTEX_POINT ( 'NONE', #631 ) ;
#279 = CARTESIAN_POINT ( 'NONE',  ( 0.000000000000000000, 0.1249999999999999861, 0.02812500000000000763 ) ) ;
#280 = EDGE_LOOP ( 'NONE', ( #308, #564, #1233, #1621 ) ) ;
#281 = VERTEX_POINT ( 'NONE', #1630 ) ;
#282 = ADVANCED_FACE ( 'NONE', ( #42 ), #1183, .T. ) ;
#283 = CARTESIAN_POINT ( 'NONE',  ( 0.09259759882288100263, -0.07828606400891392758, 0.02455181177523181255 ) ) ;
#284 = AXIS2_PLACEMENT_3D ( 'NONE', #609, #1736, #1312 ) ;
#285 = ORIENTED_EDGE ( 'NONE', *, *, #86, .T. ) ;
#286 = DATE_AND_TIME ( #476, #25 ) ;
#287 = AXIS2_PLACEMENT_3D ( 'NONE', #1649, #70, #632 ) ;
#288 = CARTESIAN_POINT ( 'NONE',  ( 0.06279378364870322193, -0.1087620236790417111, 0.008333333333333341891 ) ) ;
#289 = AXIS2_PLACEMENT_3D ( 'NONE', #682, #224, #966 ) ;
#290 = CYLINDRICAL_SURFACE ( 'NONE', #1849, 0.1249999999999999861 ) ;
#291 = ORIENTED_EDGE ( 'NONE', *, *, #44, .F. ) ;
#292 = CARTESIAN_POINT ( 'NONE',  ( 0.1166155853064909098, 1.131003161157471058E-12, -0.02015925591966465785 ) ) ;
#293 = ORIENTED_EDGE ( 'NONE', *, *, #457, .F. ) ;
#294 = EDGE_LOOP ( 'NONE', ( #1460, #502, #1739, #480, #302, #866 ) ) ;
#295 = CARTESIAN_POINT ( 'NONE',  ( -0.08812727468907895212, -0.07435081967747099452, -0.01861086988524641300 ) ) ;
#296 = B_SPLINE_CURVE_WITH_KNOTS ( 'NONE', 3,
 ( #1724, #408, #259, #387, #247, #1859 ),
 .UNSPECIFIED., .F., .F.,
 ( 4, 2, 4 ),
 ( 0.004006242641639915815, 0.005013302113871541399, 0.006020361586103167850 ),
 .UNSPECIFIED. ) ;
#297 = EDGE_CURVE ( 'NONE', #1710, #1844, #84, .T. ) ;
#298 = ORIENTED_EDGE ( 'NONE', *, *, #1340, .F. ) ;
#299 = CARTESIAN_POINT ( 'NONE',  ( 0.1255875672974063606, 7.690020615173576524E-18, -0.01249999999999999549 ) ) ;
#300 = CARTESIAN_POINT ( 'NONE',  ( -0.1057861242811481278, 0.04344762756895129835, 0.01736458880103314631 ) ) ;
#301 = FACE_OUTER_BOUND ( 'NONE', #1588, .T. ) ;
#302 = ORIENTED_EDGE ( 'NONE', *, *, #1638, .T. ) ;
#303 = CARTESIAN_POINT ( 'NONE',  ( 0.1082531754730548107, 0.06250000000000001388, -0.02291666666666663729 ) ) ;
#304 = ORIENTED_EDGE ( 'NONE', *, *, #1808, .T. ) ;
#305 = CARTESIAN_POINT ( 'NONE',  ( 0.000000000000000000, 0.000000000000000000, 0.03125000000000000694 ) ) ;
#306 = FACE_BOUND ( 'NONE', #1578, .T. ) ;
#307 = DIRECTION ( 'NONE',  ( 1.000000000000000000, 0.000000000000000000, 0.000000000000000000 ) ) ;
#308 = ORIENTED_EDGE ( 'NONE', *, *, #585, .F. ) ;
#309 = APPROVAL_ROLE ( '' ) ;
#310 = CARTESIAN_POINT ( 'NONE',  ( -0.06279378364870324969, 0.1087620236790416833, -0.004166666666666653598 ) ) ;
#311 = CARTESIAN_POINT ( 'NONE',  ( 0.1249999999999999861, 0.000000000000000000, 0.03125000000000000694 ) ) ;
#312 = EDGE_LOOP ( 'NONE', ( #79, #1148, #1582, #886 ) ) ;
#313 = DIRECTION ( 'NONE',  ( 1.000000000000000000, 0.000000000000000000, 0.000000000000000000 ) ) ;
#314 = ORIENTED_EDGE ( 'NONE', *, *, #1165, .T. ) ;
#315 = FACE_OUTER_BOUND ( 'NONE', #1002, .T. ) ;
#316 = CARTESIAN_POINT ( 'NONE',  ( -0.02104648292670979054, -0.1682707665385272944, -0.02377896888725926708 ) ) ;
#317 = DIRECTION ( 'NONE',  ( -0.000000000000000000, -0.000000000000000000, 1.000000000000000000 ) ) ;
#318 = PERSON_AND_ORGANIZATION_ROLE ( 'creator' ) ;
#319 = CARTESIAN_POINT ( 'NONE',  ( -0.09419067547305483290, 0.05438101183952078616, -0.005208333333333306156 ) ) ;
#320 = CARTESIAN_POINT ( 'NONE',  ( 0.001287568175525755391, 0.1113952232814893611, 0.01437731269394310757 ) ) ;
#321 = CIRCLE ( 'NONE', #1045, 0.1750000000000000444 ) ;
#322 = DIRECTION ( 'NONE',  ( -0.000000000000000000, -0.000000000000000000, 1.000000000000000000 ) ) ;
#323 = ADVANCED_FACE ( 'NONE', ( #99 ), #1350, .T. ) ;
#324 = DIRECTION ( 'NONE',  ( -0.8660254037844389297, 0.4999999999999995559, 0.000000000000000000 ) ) ;
#325 = CARTESIAN_POINT ( 'NONE',  ( 0.000000000000000000, 0.000000000000000000, -0.03125000000000004163 ) ) ;
#326 = CARTESIAN_POINT ( 'NONE',  ( -0.03230832111822309199, 0.1617687412270870928, 0.02650362112875558063 ) ) ;
#327 = EDGE_LOOP ( 'NONE', ( #765, #1564, #33, #451 ) ) ;
#328 = DIRECTION ( 'NONE',  ( 0.7071067811865486830, 0.000000000000000000, -0.7071067811865462405 ) ) ;
#329 = CARTESIAN_POINT ( 'NONE',  ( 0.06279378364870318030, 0.1087620236790417250, 0.03854166666666669627 ) ) ;
#330 = DIRECTION ( 'NONE',  ( 1.000000000000000000, 0.000000000000000000, 0.000000000000000000 ) ) ;
#331 = ORIENTED_EDGE ( 'NONE', *, *, #1753, .T. ) ;
#332 = CARTESIAN_POINT ( 'NONE',  ( 0.1012202691965923274, 0.1219824094536591380, -0.03124999999999995143 ) ) ;
#333 = EDGE_CURVE ( 'NONE', #788, #1465, #1677, .T. ) ;
#334 = CARTESIAN_POINT ( 'NONE',  ( -0.1255875672974063606, -2.307006184552072649E-17, 0.02500000000000001180 ) ) ;
#335 = CARTESIAN_POINT ( 'NONE',  ( 0.1249999999999999861, 1.601242264446392367E-17, -0.02499999999999997710 ) ) ;
#336 = ORIENTED_EDGE ( 'NONE', *, *, #384, .T. ) ;
#337 = SHAPE_DEFINITION_REPRESENTATION ( #995, #545 ) ;
#338 = CARTESIAN_POINT ( 'NONE',  ( -0.06279378364870324969, 0.1087620236790416833, -0.03229166666666664215 ) ) ;
#339 = CARTESIAN_POINT ( 'NONE',  ( 0.1247345734670658735, -2.479638020942698799E-15, -0.02827824408023964925 ) ) ;
#340 = CARTESIAN_POINT ( 'NONE',  ( -0.1016498032567837578, 0.06075990197404835397, -0.02170652518100748760 ) ) ;
#341 = VERTEX_POINT ( 'NONE', #438 ) ;
#342 = CARTESIAN_POINT ( 'NONE',  ( 0.1088852085616585225, 7.512891455445520145E-13, -0.01242887917483233642 ) ) ;
#343 = APPROVAL ( #1388, 'UNSPECIFIED' ) ;
#344 = CARTESIAN_POINT ( 'NONE',  ( 0.06279378364870318030, 0.1087620236790417250, -0.008333333333333324544 ) ) ;
#345 = CARTESIAN_POINT ( 'NONE',  ( 0.000000000000000000, 0.000000000000000000, 0.03125000000000000694 ) ) ;
#346 = EDGE_CURVE ( 'NONE', #12, #1652, #1200, .T. ) ;
#347 = CARTESIAN_POINT ( 'NONE',  ( 0.06279378364870322193, -0.1087620236790417111, 0.005208333333333357330 ) ) ;
#348 = AXIS2_PLACEMENT_3D ( 'NONE', #1221, #912, #1065 ) ;
#349 = CARTESIAN_POINT ( 'NONE',  ( 0.07812499999999995837, 0.1353164693413186070, -0.03124999999999997571 ) ) ;
#350 = CARTESIAN_POINT ( 'NONE',  ( -0.05747808838096005180, 0.1050808127003673154, -0.02305644597351506550 ) ) ;
#351 = ORIENTED_EDGE ( 'NONE', *, *, #1256, .T. ) ;
#352 = B_SPLINE_CURVE_WITH_KNOTS ( 'NONE', 3,
 ( #1858, #1731, #1454, #136, #567, #731 ),
 .UNSPECIFIED., .F., .F.,
 ( 4, 2, 4 ),
 ( 0.002020630577825361599, 0.003023725136297557119, 0.004026819694769752205 ),
 .UNSPECIFIED. ) ;
#353 = AXIS2_PLACEMENT_3D ( 'NONE', #1041, #1619, #324 ) ;
#354 = CARTESIAN_POINT ( 'NONE',  ( 0.000000000000000000, 0.000000000000000000, -0.03124999999999997571 ) ) ;
#355 = ORGANIZATION ( 'UNSPECIFIED', 'UNSPECIFIED', '' ) ;
#356 = LINE ( 'NONE', #1760, #1229 ) ;
#357 = EDGE_LOOP ( 'NONE', ( #195, #159, #1686, #271, #738, #1336, #392, #1723, #1857 ) ) ;
#358 = CARTESIAN_POINT ( 'NONE',  ( 0.06279378364870318030, 0.1087620236790417250, -0.01145833333333330824 ) ) ;
#359 = EDGE_CURVE ( 'NONE', #1378, #660, #706, .T. ) ;
#360 = CARTESIAN_POINT ( 'NONE',  ( -0.1463760302120049039, 0.09591171867594824874, 0.03125000000000000694 ) ) ;
#361 = ORIENTED_EDGE ( 'NONE', *, *, #1847, .T. ) ;
#362 = CARTESIAN_POINT ( 'NONE',  ( 0.1249999999999999861, 0.000000000000000000, 0.03125000000000000694 ) ) ;
#363 = CARTESIAN_POINT ( 'NONE',  ( 0.1082531754730548107, -0.06249999999999996531, -0.005208333333333329575 ) ) ;
#364 = CARTESIAN_POINT ( 'NONE',  ( 0.1094250504730547996, -0.06317658234670654738, -0.05286458333333329818 ) ) ;
#365 = CARTESIAN_POINT ( 'NONE',  ( -0.1562500000000001110, 0.02671750327012542212, 0.03023810221762511172 ) ) ;
#366 = ORIENTED_EDGE ( 'NONE', *, *, #1670, .F. ) ;
#367 = CARTESIAN_POINT ( 'NONE',  ( 0.000000000000000000, 0.000000000000000000, -0.03124999999999997571 ) ) ;
#368 = DIRECTION ( 'NONE',  ( -0.000000000000000000, -0.000000000000000000, 1.000000000000000000 ) ) ;
#369 = ORIENTED_EDGE ( 'NONE', *, *, #727, .F. ) ;
#370 = B_SPLINE_CURVE_WITH_KNOTS ( 'NONE', 3,
 ( #260, #1537, #1131, #233, #1244, #1262 ),
 .UNSPECIFIED., .F., .F.,
 ( 4, 2, 4 ),
 ( 0.004374604073371893449, 0.005384184861325679375, 0.006393765649279464433 ),
 .UNSPECIFIED. ) ;
#371 = CARTESIAN_POINT ( 'NONE',  ( -0.1459000672974063995, -2.680140756167282351E-17, -0.03828124999999994726 ) ) ;
#372 = LOCAL_TIME ( 23, 55, 2.000000000000000000, #1190 ) ;
#373 = DIRECTION ( 'NONE',  ( -0.000000000000000000, -0.000000000000000000, 1.000000000000000000 ) ) ;
#374 = CARTESIAN_POINT ( 'NONE',  ( 0.000000000000000000, 0.000000000000000000, 0.03125000000000004163 ) ) ;
#375 = DIRECTION ( 'NONE',  ( 1.000000000000000000, 0.000000000000000000, 0.000000000000000000 ) ) ;
#376 = EDGE_CURVE ( 'NONE', #1635, #278, #1074, .T. ) ;
#377 = AXIS2_PLACEMENT_3D ( 'NONE', #1669, #1687, #976 ) ;
#378 = DIRECTION ( 'NONE',  ( 1.000000000000000000, 0.000000000000000000, 0.000000000000000000 ) ) ;
#379 = AXIS2_PLACEMENT_3D ( 'NONE', #964, #1657, #1531 ) ;
#380 = DIRECTION ( 'NONE',  ( -0.000000000000000000, -0.000000000000000000, 1.000000000000000000 ) ) ;
#381 = CARTESIAN_POINT ( 'NONE',  ( 0.1094250504730547857, 0.06317658234670658901, 0.02473958333333332524 ) ) ;
#382 = DIRECTION ( 'NONE',  ( 0.000000000000000000, 0.000000000000000000, -1.000000000000000000 ) ) ;
#383 = DIRECTION ( 'NONE',  ( 0.000000000000000000, 0.000000000000000000, -1.000000000000000000 ) ) ;
#384 = EDGE_CURVE ( 'NONE', #1034, #835, #592, .T. ) ;
#385 = DIRECTION ( 'NONE',  ( 1.000000000000000000, 0.000000000000000000, 0.000000000000000000 ) ) ;
#386 = CARTESIAN_POINT ( 'NONE',  ( -0.01792537233486815249, -0.1120390393745875901, -0.01676745665770794369 ) ) ;
#387 = CARTESIAN_POINT ( 'NONE',  ( 0.1562500000000001388, -0.05276207356931902903, 0.02652998678314223008 ) ) ;
#388 = CARTESIAN_POINT ( 'NONE',  ( 0.1243673728350689345, -0.01256011839527265868, -0.02854367061317501786 ) ) ;
#389 = CARTESIAN_POINT ( 'NONE',  ( -0.1148287204011976953, 3.431233423813697973E-17, 0.01837239101437146416 ) ) ;
#390 = CARTESIAN_POINT ( 'NONE',  ( -0.1255875672974063606, -2.307006184552072649E-17, 0.02187500000000002637 ) ) ;
#391 = DIRECTION ( 'NONE',  ( -1.000000000000000000, 0.000000000000000000, 0.000000000000000000 ) ) ;
#392 = ORIENTED_EDGE ( 'NONE', *, *, #1838, .T. ) ;
#393 =( BOUNDED_CURVE ( )  B_SPLINE_CURVE ( 2, ( #903, #11, #1483, #716, #584, #1182, #880, #1756, #427, #173, #164, #22, #871, #574, #1586 ),
 .UNSPECIFIED., .F., .T. ) 
 B_SPLINE_CURVE_WITH_KNOTS ( ( 3, 2, 2, 2, 2, 2, 2, 3 ),
 ( 0.3143138836209640741, 0.3333333333333333148, 0.3750000000000000000, 0.4166666666666666852, 0.4583333333333333148, 0.5000000000000000000, 0.5416666666666666297, 0.5606861163790364255 ),
 .UNSPECIFIED. ) 
 CURVE ( )  GEOMETRIC_REPRESENTATION_ITEM ( )  RATIONAL_B_SPLINE_CURVE ( ( 0.9335205031524347330, 0.9388450457090357082, 1.000000000000000000, 0.8660254037844387076, 1.000000000000000000, 0.8660254037844387076, 1.000000000000000000, 0.8660254037844387076, 1.000000000000000000, 0.8660254037844387076, 1.000000000000000000, 0.8660254037844387076, 1.000000000000000000, 0.9388450457090341539, 0.9335205031524345110 ) ) 
 REPRESENTATION_ITEM ( '' )  );
#394 = CARTESIAN_POINT ( 'NONE',  ( 0.1012202691965924245, -0.1219824094536591658, 0.03124999999999996184 ) ) ;
#395 = CARTESIAN_POINT ( 'NONE',  ( 0.1037855243723354581, -0.03647950208948371603, -0.01330703429566828730 ) ) ;
#396 = ADVANCED_FACE ( 'NONE', ( #301 ), #774, .F. ) ;
#397 = CARTESIAN_POINT ( 'NONE',  ( 0.09499104732537133611, 0.05880012053982258680, -0.01498122884988991980 ) ) ;
#398 = CARTESIAN_POINT ( 'NONE',  ( -0.1459000672974063995, -2.680140756167282351E-17, 0.01015624999999998994 ) ) ;
#399 = CARTESIAN_POINT ( 'NONE',  ( -0.1082531754730548523, 0.06249999999999989592, 0.01041666666666669558 ) ) ;
#400 = CARTESIAN_POINT ( 'NONE',  ( -0.1255875672974063606, -2.307006184552072649E-17, -0.02812499999999997294 ) ) ;
#401 = CONICAL_SURFACE ( 'NONE', #254, 0.1750000000000000444, 1.047197551196598742 ) ;
#402 = CARTESIAN_POINT ( 'NONE',  ( -0.07812500000000004163, 0.1353164693413185238, 0.03125000000000004163 ) ) ;
#403 = LOCAL_TIME ( 23, 55, 2.000000000000000000, #445 ) ;
#404 =( BOUNDED_CURVE ( )  B_SPLINE_CURVE ( 2, ( #885, #169, #743, #1333, #454, #640, #1178, #1752, #787 ),
 .UNSPECIFIED., .F., .T. ) 
 B_SPLINE_CURVE_WITH_KNOTS ( ( 3, 2, 2, 2, 3 ),
 ( 0.06250000000000000000, 0.08333333333333337034, 0.1250000000000000000, 0.1666666666666666297, 0.1875000000000000000 ),
 .UNSPECIFIED. ) 
 CURVE ( )  GEOMETRIC_REPRESENTATION_ITEM ( )  RATIONAL_B_SPLINE_CURVE ( ( 0.9330127018922192983, 0.9330127018922192983, 1.000000000000000000, 0.8660254037844385966, 1.000000000000000000, 0.8660254037844385966, 1.000000000000000000, 0.9330127018922192983, 0.9330127018922192983 ) ) 
 REPRESENTATION_ITEM ( '' )  );
#405 = CIRCLE ( 'NONE', #230, 0.1750000000000000444 ) ;
#406 = CARTESIAN_POINT ( 'NONE',  ( -0.1126808608974516207, -0.02911817632956701513, -0.01969155808112971542 ) ) ;
#407 = CIRCLE ( 'NONE', #289, 0.1249999999999999861 ) ;
#408 = CARTESIAN_POINT ( 'NONE',  ( 0.1562500000000001110, -0.01327819994384481748, 0.03124999999999994102 ) ) ;
#409 = DIRECTION ( 'NONE',  ( 1.000000000000000000, 0.000000000000000000, 0.000000000000000000 ) ) ;
#410 = ADVANCED_FACE ( 'NONE', ( #858 ), #290, .F. ) ;
#411 = CARTESIAN_POINT ( 'NONE',  ( 0.1249999999999999861, 1.601242264446392367E-17, 3.123852096263720519E-17 ) ) ;
#412 = CARTESIAN_POINT ( 'NONE',  ( 0.09419067547305477739, 0.05438101183952086942, -0.03541666666666665186 ) ) ;
#413 = B_SPLINE_CURVE_WITH_KNOTS ( 'NONE', 3,
 ( #1107, #237, #1555, #78, #1394, #501 ),
 .UNSPECIFIED., .F., .F.,
 ( 4, 2, 4 ),
 ( 0.004374604073371883908, 0.005384184861325674171, 0.006393765649279465300 ),
 .UNSPECIFIED. ) ;
#414 = ORIENTED_EDGE ( 'NONE', *, *, #1664, .F. ) ;
#415 = CARTESIAN_POINT ( 'NONE',  ( -0.06279378364870324969, 0.1087620236790416833, -0.007291666666666637292 ) ) ;
#416 = CARTESIAN_POINT ( 'NONE',  ( 0.07550147101705007024, -0.09425014169661584396, 0.02405602519702124825 ) ) ;
#417 = CARTESIAN_POINT ( 'NONE',  ( -0.009873969787995181061, 0.1747212200066888543, -0.02042468245269449950 ) ) ;
#418 = CARTESIAN_POINT ( 'NONE',  ( -0.1255875672974063606, -2.307006184552072649E-17, -0.02499999999999999098 ) ) ;
#419 = CARTESIAN_POINT ( 'NONE',  ( 1.530808498934191201E-17, -0.1249999999999999861, 0.01562500000000000347 ) ) ;
#420 = CARTESIAN_POINT ( 'NONE',  ( -0.1250000000000000000, -5.261224583181003888E-17, -0.01249999999999996947 ) ) ;
#421 = VERTEX_POINT ( 'NONE', #1615 ) ;
#422 = ORIENTED_EDGE ( 'NONE', *, *, #1808, .F. ) ;
#423 = CARTESIAN_POINT ( 'NONE',  ( 0.1249999999999999861, 1.601242264446392367E-17, -0.02812499999999999722 ) ) ;
#424 = CARTESIAN_POINT ( 'NONE',  ( 0.1249999999999999584, -0.03349364905389032310, 0.02388354503153701860 ) ) ;
#425 = CARTESIAN_POINT ( 'NONE',  ( -0.06279378364870324969, 0.1087620236790416833, -0.02916666666666665672 ) ) ;
#426 = CARTESIAN_POINT ( 'NONE',  ( 0.1082531754730548107, -0.06249999999999996531, 0.01979166666666667615 ) ) ;
#427 = CARTESIAN_POINT ( 'NONE',  ( -0.09419067547305483290, 0.05438101183952078616, -0.002083333333333322462 ) ) ;
#428 = ORIENTED_EDGE ( 'NONE', *, *, #512, .F. ) ;
#429 = CARTESIAN_POINT ( 'NONE',  ( 0.06279378364870322193, -0.1087620236790417111, 0.005208333333333357330 ) ) ;
#430 = EDGE_CURVE ( 'NONE', #1540, #1475, #393, .T. ) ;
#431 = ORIENTED_EDGE ( 'NONE', *, *, #359, .F. ) ;
#432 = AXIS2_PLACEMENT_3D ( 'NONE', #999, #268, #857 ) ;
#433 = CARTESIAN_POINT ( 'NONE',  ( -0.1104127276007385583, -0.03626964079783317335, -0.01952772235856687841 ) ) ;
#434 = VERTEX_POINT ( 'NONE', #598 ) ;
#435 = AXIS2_PLACEMENT_3D ( 'NONE', #1239, #1114, #1247 ) ;
#436 = CARTESIAN_POINT ( 'NONE',  ( -0.1459000672974063995, -2.680140756167282351E-17, -0.01484375000000000798 ) ) ;
#437 = CONICAL_SURFACE ( 'NONE', #1512, 0.1562500000000000000, 1.047197551196598742 ) ;
#438 = CARTESIAN_POINT ( 'NONE',  ( 0.1243673728350689345, -0.01256011839527265868, -0.02854367061317501786 ) ) ;
#439 = ORIENTED_EDGE ( 'NONE', *, *, #879, .T. ) ;
#440 = CARTESIAN_POINT ( 'NONE',  ( 0.1051981086738734694, -0.06169225861874635952, -0.02516356739109567447 ) ) ;
#441 = ORIENTED_EDGE ( 'NONE', *, *, #547, .F. ) ;
#442 = CARTESIAN_POINT ( 'NONE',  ( -0.07551012595155090490, -0.08971624778871493955, 0.02055058644905263104 ) ) ;
#443 = EDGE_CURVE ( 'NONE', #1750, #942, #1607, .T. ) ;
#444 = VERTEX_POINT ( 'NONE', #459 ) ;
#445 = COORDINATED_UNIVERSAL_TIME_OFFSET ( 6, 0, .BEHIND. ) ;
#446 = CARTESIAN_POINT ( 'NONE',  ( 0.06279378364870318030, 0.1087620236790417250, -0.008333333333333324544 ) ) ;
#447 = DIRECTION ( 'NONE',  ( 1.000000000000000000, 0.000000000000000000, 0.000000000000000000 ) ) ;
#448 = APPLICATION_CONTEXT ( 'configuration controlled 3d designs of mechanical parts and assemblies' ) ;
#449 = ORIENTED_EDGE ( 'NONE', *, *, #648, .F. ) ;
#450 = CARTESIAN_POINT ( 'NONE',  ( 0.1088768585761963614, -0.003380048840420665866, 0.01245970214101147812 ) ) ;
#451 = ORIENTED_EDGE ( 'NONE', *, *, #86, .F. ) ;
#452 = DIRECTION ( 'NONE',  ( -0.000000000000000000, -0.000000000000000000, -1.000000000000000000 ) ) ;
#453 = CARTESIAN_POINT ( 'NONE',  ( 1.331950641673270831E-17, -0.1087620236790417250, 0.03125000000000000694 ) ) ;
#454 = CARTESIAN_POINT ( 'NONE',  ( 0.000000000000000000, 0.1249999999999999861, -0.02187499999999999861 ) ) ;
#455 = COORDINATED_UNIVERSAL_TIME_OFFSET ( 6, 0, .BEHIND. ) ;
#456 = CARTESIAN_POINT ( 'NONE',  ( -0.06279378364870315254, -0.1087620236790417388, 0.004166666666666679619 ) ) ;
#457 = EDGE_CURVE ( 'NONE', #1522, #956, #726, .T. ) ;
#458 = CARTESIAN_POINT ( 'NONE',  ( -0.09121973013656753393, 0.06733591687511392143, 0.01678833769830634370 ) ) ;
#459 = CARTESIAN_POINT ( 'NONE',  ( 0.009873969787995061365, 0.1747212200066888821, -0.02042468245269449950 ) ) ;
#460 = CARTESIAN_POINT ( 'NONE',  ( 0.1249999999999999861, -2.287488949209131623E-18, 0.02500000000000003261 ) ) ;
#461 = ORIENTED_EDGE ( 'NONE', *, *, #1629, .F. ) ;
#462 = CARTESIAN_POINT ( 'NONE',  ( -0.08959456736620749484, 0.1286945115349501512, -0.03124999999999995143 ) ) ;
#463 = DIRECTION ( 'NONE',  ( 0.7071067811865486830, 0.000000000000000000, 0.7071067811865462405 ) ) ;
#464 = PERSON_AND_ORGANIZATION_ROLE ( 'design_owner' ) ;
#465 = CARTESIAN_POINT ( 'NONE',  ( -0.09419067547305476351, -0.05438101183952091106, -0.02604166666666664354 ) ) ;
#466 =( BOUNDED_CURVE ( )  B_SPLINE_CURVE ( 2, ( #1083, #1658, #945, #762, #1524, #223, #796, #106, #686 ),
 .UNSPECIFIED., .F., .T. ) 
 B_SPLINE_CURVE_WITH_KNOTS ( ( 3, 2, 2, 2, 3 ),
 ( 0.3125000000000000000, 0.3333333333333333703, 0.3750000000000000000, 0.4166666666666666852, 0.4375000000000000000 ),
 .UNSPECIFIED. ) 
 CURVE ( )  GEOMETRIC_REPRESENTATION_ITEM ( )  RATIONAL_B_SPLINE_CURVE ( ( 0.9330127018922192983, 0.9330127018922192983, 1.000000000000000000, 0.8660254037844385966, 1.000000000000000000, 0.8660254037844385966, 1.000000000000000000, 0.9330127018922192983, 0.9330127018922192983 ) ) 
 REPRESENTATION_ITEM ( '' )  );
#467 = AXIS2_PLACEMENT_3D ( 'NONE', #1352, #215, #485 ) ;
#468 = ADVANCED_FACE ( 'NONE', ( #1172 ), #139, .F. ) ;
#469 = LINE ( 'NONE', #1775, #85 ) ;
#470 = AXIS2_PLACEMENT_3D ( 'NONE', #825, #658, #1819 ) ;
#471 = ORIENTED_EDGE ( 'NONE', *, *, #359, .T. ) ;
#472 = CARTESIAN_POINT ( 'NONE',  ( 0.07812499999999995837, 0.1353164693413186070, -0.03124999999999997571 ) ) ;
#473 = CARTESIAN_POINT ( 'NONE',  ( 0.000000000000000000, 0.1087620236790417250, 0.01875000000000000971 ) ) ;
#474 = DIRECTION ( 'NONE',  ( 0.8660254037844388186, -0.4999999999999996114, 0.000000000000000000 ) ) ;
#475 = ORIENTED_EDGE ( 'NONE', *, *, #1419, .F. ) ;
#476 = CALENDAR_DATE ( 2026, 7, 1 ) ;
#477 = CARTESIAN_POINT ( 'NONE',  ( 0.06279378364870322193, -0.1087620236790417111, -0.04479166666666663937 ) ) ;
#478 = B_SPLINE_CURVE_WITH_KNOTS ( 'NONE', 3,
 ( #1393, #100, #670, #786 ),
 .UNSPECIFIED., .F., .F.,
 ( 4, 4 ),
 ( 7.864008071407451816E-07, 0.002020630577825362900 ),
 .UNSPECIFIED. ) ;
#479 = CARTESIAN_POINT ( 'NONE',  ( 0.009873969787995061365, 0.1747212200066888821, -0.02042468245269449950 ) ) ;
#480 = ORIENTED_EDGE ( 'NONE', *, *, #819, .T. ) ;
#481 = CARTESIAN_POINT ( 'NONE',  ( 0.1086436984949643025, -0.005071939677847616713, 0.01230569429221550423 ) ) ;
#482 = B_SPLINE_CURVE_WITH_KNOTS ( 'NONE', 3,
 ( #1284, #1856, #994, #1413, #440, #1013, #851, #272, #565, #292 ),
 .UNSPECIFIED., .F., .F.,
 ( 4, 2, 2, 2, 4 ),
 ( 0.0004400684836933393441, 0.001129396753719596677, 0.001818725023745854227, 0.002508053293772111777, 0.003197381563798369110 ),
 .UNSPECIFIED. ) ;
#483 = EDGE_CURVE ( 'NONE', #1042, #1475, #870, .T. ) ;
#484 = CARTESIAN_POINT ( 'NONE',  ( 0.02104648292671009585, -0.1682707665385272944, 0.02377896888725932259 ) ) ;
#485 = DIRECTION ( 'NONE',  ( 1.000000000000000000, 0.000000000000000000, 0.000000000000000000 ) ) ;
#486 = CARTESIAN_POINT ( 'NONE',  ( 0.000000000000000000, 0.000000000000000000, -0.02042468245269449256 ) ) ;
#487 = CARTESIAN_POINT ( 'NONE',  ( 0.000000000000000000, 0.000000000000000000, 0.02042468245269455848 ) ) ;
#488 = CARTESIAN_POINT ( 'NONE',  ( 0.1044047235323850159, 0.03372407350438672707, -0.01230569429221550944 ) ) ;
#489 = CARTESIAN_POINT ( 'NONE',  ( 0.06665543263379269945, -0.1419384271476870352, 0.03124999999999996531 ) ) ;
#490 = CARTESIAN_POINT ( 'NONE',  ( -0.09295140555627320889, 0.07388967040455275692, -0.02202429855276750309 ) ) ;
#491 = ORIENTED_EDGE ( 'NONE', *, *, #153, .T. ) ;
#492 = DIRECTION ( 'NONE',  ( 1.000000000000000000, 0.000000000000000000, 0.000000000000000000 ) ) ;
#493 = EDGE_CURVE ( 'NONE', #1285, #1385, #1820, .T. ) ;
#494 = CARTESIAN_POINT ( 'NONE',  ( 0.000000000000000000, 0.000000000000000000, -0.02042468245269449256 ) ) ;
#495 = ORIENTED_EDGE ( 'NONE', *, *, #1592, .F. ) ;
#496 = CARTESIAN_POINT ( 'NONE',  ( 0.1087226858189094120, -0.003379988362830439741, 0.01230569429221554587 ) ) ;
#497 = CARTESIAN_POINT ( 'NONE',  ( 0.06665543263379251904, 0.1419384271476870074, -0.03124999999999995143 ) ) ;
#498 = CC_DESIGN_APPROVAL ( #1682, ( #229 ) ) ;
#499 = DIRECTION ( 'NONE',  ( -0.000000000000000000, -0.000000000000000000, 1.000000000000000000 ) ) ;
#500 = CONICAL_SURFACE ( 'NONE', #838, 0.1750000000000000444, 1.047197551196598742 ) ;
#501 = CARTESIAN_POINT ( 'NONE',  ( -0.1562500000000000000, 0.000000000000000000, 0.03125000000000004163 ) ) ;
#502 = ORIENTED_EDGE ( 'NONE', *, *, #627, .T. ) ;
#503 = CARTESIAN_POINT ( 'NONE',  ( 0.09419067547305479127, -0.05438101183952083473, 0.007291666666666692803 ) ) ;
#504 = B_SPLINE_CURVE_WITH_KNOTS ( 'NONE', 3,
 ( #1126, #1274, #1701, #402 ),
 .UNSPECIFIED., .F., .F.,
 ( 4, 4 ),
 ( 7.864008071456621020E-07, 0.002020630577825365936 ),
 .UNSPECIFIED. ) ;
#505 = CARTESIAN_POINT ( 'NONE',  ( 0.03232493535701223136, -0.1617591489918499548, -0.02716506112274338913 ) ) ;
#506 = VERTEX_POINT ( 'NONE', #635 ) ;
#507 = DIRECTION ( 'NONE',  ( -0.000000000000000000, -0.000000000000000000, 1.000000000000000000 ) ) ;
#508 = CARTESIAN_POINT ( 'NONE',  ( 0.000000000000000000, 0.000000000000000000, -0.03124999999999997571 ) ) ;
#509 = VERTEX_POINT ( 'NONE', #940 ) ;
#510 = CARTESIAN_POINT ( 'NONE',  ( -0.07295003364870325524, 0.1263531646934131225, -0.04244791666666662688 ) ) ;
#511 = PLANE ( 'NONE',  #1253 ) ;
#512 = EDGE_CURVE ( 'NONE', #1747, #1470, #1088, .T. ) ;
#513 = CARTESIAN_POINT ( 'NONE',  ( 0.06279378364870318030, 0.1087620236790417250, 0.04166666666666668517 ) ) ;
#514 = CARTESIAN_POINT ( 'NONE',  ( 0.1086436984949643025, -0.005071939677847616713, 0.01230569429221550423 ) ) ;
#515 = CARTESIAN_POINT ( 'NONE',  ( 0.07987349809331852069, 0.07382006568066079577, 0.01230569429221538801 ) ) ;
#516 = CARTESIAN_POINT ( 'NONE',  ( 0.04448317645317244329, 0.1005718587686351279, 0.01337233323654378470 ) ) ;
#517 = CARTESIAN_POINT ( 'NONE',  ( 0.1459000672974063995, 8.933802520557606297E-18, -0.0007812499999999532058 ) ) ;
#518 = CARTESIAN_POINT ( 'NONE',  ( -0.1463760302120049039, 0.09591171867594824874, -0.02042468245269449950 ) ) ;
#519 = CYLINDRICAL_SURFACE ( 'NONE', #377, 0.1249999999999999861 ) ;
#520 = EDGE_CURVE ( 'NONE', #1844, #1385, #1027, .T. ) ;
#521 = CARTESIAN_POINT ( 'NONE',  ( -0.09419067547305483290, 0.05438101183952078616, -0.03020833333333331275 ) ) ;
#522 = LINE ( 'NONE', #362, #1440 ) ;
#523 = VECTOR ( 'NONE', #1230, 39.37007874015748143 ) ;
#524 = EDGE_CURVE ( 'NONE', #170, #1285, #651, .T. ) ;
#525 = CIRCLE ( 'NONE', #379, 0.1562500000000000000 ) ;
#526 = FACE_OUTER_BOUND ( 'NONE', #312, .T. ) ;
#527 = AXIS2_PLACEMENT_3D ( 'NONE', #1155, #1430, #1579 ) ;
#528 = CARTESIAN_POINT ( 'NONE',  ( 0.01164689017809365963, -0.1122439665116186924, -0.01615058451970824774 ) ) ;
#529 = CARTESIAN_POINT ( 'NONE',  ( 0.07216878364870327189, -0.1249999999999999861, 0.02083333333333336687 ) ) ;
#530 = FACE_OUTER_BOUND ( 'NONE', #280, .T. ) ;
#531 = CARTESIAN_POINT ( 'NONE',  ( 0.000000000000000000, 0.1087620236790417250, 0.04062500000000002914 ) ) ;
#532 = FACE_OUTER_BOUND ( 'NONE', #1319, .T. ) ;
#533 = ORIENTED_EDGE ( 'NONE', *, *, #536, .T. ) ;
#534 = CARTESIAN_POINT ( 'NONE',  ( 0.04201487925709259524, 0.1144265636226709792, -0.02518463360773642856 ) ) ;
#535 = CARTESIAN_POINT ( 'NONE',  ( 0.000000000000000000, 0.000000000000000000, 0.03125000000000000694 ) ) ;
#536 = EDGE_CURVE ( 'NONE', #1056, #881, #1214, .T. ) ;
#537 = CARTESIAN_POINT ( 'NONE',  ( 0.1094250504730547996, -0.06317658234670654738, -0.02786458333333328985 ) ) ;
#538 = CARTESIAN_POINT ( 'NONE',  ( 0.1245669608544286433, 0.007914672115818061071, -0.02811063146760224563 ) ) ;
#539 = CARTESIAN_POINT ( 'NONE',  ( 0.1099726470894608482, 0.03085960619290519652, -0.01749325880264759533 ) ) ;
#540 = DIRECTION ( 'NONE',  ( 0.000000000000000000, -0.000000000000000000, 1.000000000000000000 ) ) ;
#541 = CARTESIAN_POINT ( 'NONE',  ( 0.1203259174856576436, 0.03125339889030469970, -0.02761304544710902614 ) ) ;
#542 = CARTESIAN_POINT ( 'NONE',  ( 0.07216878364870327189, -0.1249999999999999861, 0.01770833333333333981 ) ) ;
#543 = CARTESIAN_POINT ( 'NONE',  ( 0.1255875672974063606, 7.690020615173576524E-18, -0.01562499999999997745 ) ) ;
#544 = CARTESIAN_POINT ( 'NONE',  ( -0.07812500000000004163, 0.1353164693413185238, 0.03125000000000004163 ) ) ;
#545 = ADVANCED_BREP_SHAPE_REPRESENTATION ( '91862A557_Hex Panel Nut', ( #944, #112 ), #934 ) ;
#546 = CARTESIAN_POINT ( 'NONE',  ( -0.1082531754730548523, 0.06249999999999989592, -0.01458333333333330234 ) ) ;
#547 = EDGE_CURVE ( 'NONE', #28, #1597, #1535, .T. ) ;
#548 = CARTESIAN_POINT ( 'NONE',  ( -0.1094250504730547718, -0.06317658234670663064, -0.03619791666666662133 ) ) ;
#549 = B_SPLINE_CURVE_WITH_KNOTS ( 'NONE', 3,
 ( #1549, #1414, #958, #1534, #395, #968, #979, #225, #232, #239, #818, #1395, #102, #1250, #1821, #528, #1108, #1685, #386, #245, #826, #1601, #721, #1026, #846, #295, #1321, #1296, #1711, #433, #406, #1846, #988, #1006 ),
 .UNSPECIFIED., .F., .F.,
 ( 4, 2, 2, 2, 2, 2, 2, 2, 2, 2, 2, 2, 2, 2, 2, 2, 4 ),
 ( 0.0001276505013853081758, 0.0006880830240576943455, 0.001248515546730080651, 0.001808948069402467607, 0.002369380592074853912, 0.002929813114747240217, 0.003490245637419626956, 0.004050678160092013695, 0.004611110682764399567, 0.005171543205436786306, 0.005731975728109172177, 0.006292408250781558049, 0.006852840773453945655, 0.007413273296126330660, 0.007973705818798715664, 0.008534138341471099801, 0.009094570864143485672 ),
 .UNSPECIFIED. ) ;
#550 = DIRECTION ( 'NONE',  ( -0.000000000000000000, -0.000000000000000000, 1.000000000000000000 ) ) ;
#551 = CARTESIAN_POINT ( 'NONE',  ( 0.1246998562783137865, -0.008393507422557842587, -0.02845580633496041720 ) ) ;
#552 = APPROVAL_PERSON_ORGANIZATION ( #1603, #1682, #309 ) ;
#553 = CARTESIAN_POINT ( 'NONE',  ( 0.07798334005348854514, -0.09769134390563188886, -0.02854367061311961426 ) ) ;
#554 = CARTESIAN_POINT ( 'NONE',  ( 0.09419067547305477739, 0.05438101183952086942, -0.01354166666666663937 ) ) ;
#555 = ORIENTED_EDGE ( 'NONE', *, *, #727, .T. ) ;
#556 = CARTESIAN_POINT ( 'NONE',  ( -0.1463760302120048484, -0.09591171867594833200, -0.02042468245269449950 ) ) ;
#557 = AXIS2_PLACEMENT_3D ( 'NONE', #1825, #1559, #98 ) ;
#558 = ORIENTED_EDGE ( 'NONE', *, *, #1387, .F. ) ;
#559 = CARTESIAN_POINT ( 'NONE',  ( -0.02767974348069130244, -0.1151958702341500107, 0.02176552921364240459 ) ) ;
#560 = CARTESIAN_POINT ( 'NONE',  ( 0.1562500000000001388, 0.01327188067391642592, 0.03124999999999996531 ) ) ;
#561 = CARTESIAN_POINT ( 'NONE',  ( 0.06279378364870322193, -0.1087620236790417111, 0.03333333333333333981 ) ) ;
#562 = CARTESIAN_POINT ( 'NONE',  ( -0.1082531754730547829, -0.06250000000000004163, 0.01145833333333333599 ) ) ;
#563 = CARTESIAN_POINT ( 'NONE',  ( 0.08906352021533800456, 0.06387643846125377889, 0.01230569429221551291 ) ) ;
#564 = ORIENTED_EDGE ( 'NONE', *, *, #135, .F. ) ;
#565 = CARTESIAN_POINT ( 'NONE',  ( 0.1173864840373059631, -0.009118969546889846983, -0.02093015465039126458 ) ) ;
#566 = EDGE_LOOP ( 'NONE', ( #730, #1189, #1005, #719 ) ) ;
#567 = CARTESIAN_POINT ( 'NONE',  ( -0.1352035170732901470, -0.1023621721441098781, 0.02377896888725931218 ) ) ;
#568 = ORIENTED_EDGE ( 'NONE', *, *, #1106, .T. ) ;
#569 = CARTESIAN_POINT ( 'NONE',  ( 0.1076987973133290977, 0.06231518194094160662, 0.02762396547003587513 ) ) ;
#570 = CARTESIAN_POINT ( 'NONE',  ( 0.09419067547305479127, -0.05438101183952083473, -0.01458333333333332489 ) ) ;
#571 = B_SPLINE_CURVE_WITH_KNOTS ( 'NONE', 3,
 ( #1628, #1184, #1196, #1494, #751, #769, #610, #68, #1053, #1504, #1348, #914, #1461, #57, #779, #1207, #205, #1216 ),
 .UNSPECIFIED., .F., .F.,
 ( 4, 2, 2, 2, 2, 2, 2, 2, 4 ),
 ( 0.0001288139503032523778, 0.0007561768718122992240, 0.001383539793321345935, 0.002010902714830392971, 0.002638265636339439790, 0.003265628557848487042, 0.003892991479357534729, 0.004520354400866581114, 0.005147717322375629234 ),
 .UNSPECIFIED. ) ;
#572 = CARTESIAN_POINT ( 'NONE',  ( 0.009873969787995054426, 0.1747212200066888821, 0.02042468245269456542 ) ) ;
#573 = EDGE_CURVE ( 'NONE', #28, #444, #735, .T. ) ;
#574 = CARTESIAN_POINT ( 'NONE',  ( 0.1074107090628376032, 0.03148324198424985731, -0.01129387886969177718 ) ) ;
#575 = ORIENTED_EDGE ( 'NONE', *, *, #512, .T. ) ;
#576 = B_SPLINE_CURVE_WITH_KNOTS ( 'NONE', 3,
 ( #1320, #770, #1810, #1771, #316, #916 ),
 .UNSPECIFIED., .F., .F.,
 ( 4, 2, 4 ),
 ( 0.002020630577825365936, 0.003023725136297560588, 0.004026819694769755674 ),
 .UNSPECIFIED. ) ;
#577 = CARTESIAN_POINT ( 'NONE',  ( 0.000000000000000000, 0.1249999999999999861, -0.01874999999999997155 ) ) ;
#578 = CARTESIAN_POINT ( 'NONE',  ( 0.1092217559197601884, 1.372493369525478974E-17, 0.01276542653293397632 ) ) ;
#579 = CARTESIAN_POINT ( 'NONE',  ( -0.1036380394909825614, -0.05274377394721200402, 0.01957339518989002769 ) ) ;
#580 = EDGE_LOOP ( 'NONE', ( #1016, #251, #298, #187 ) ) ;
#581 = PERSON_AND_ORGANIZATION ( #600, #355 ) ;
#582 = CARTESIAN_POINT ( 'NONE',  ( 0.09419067547305477739, 0.05438101183952086942, -0.01041666666666665568 ) ) ;
#583 = CARTESIAN_POINT ( 'NONE',  ( 0.1249999999999999861, -2.287488949209131623E-18, 0.02500000000000003261 ) ) ;
#584 = CARTESIAN_POINT ( 'NONE',  ( 1.331950641673270831E-17, -0.1087620236790417250, 0.006250000000000009888 ) ) ;
#585 = EDGE_CURVE ( 'NONE', #506, #1206, #646, .T. ) ;
#586 = ORIENTED_EDGE ( 'NONE', *, *, #1154, .T. ) ;
#587 = DIRECTION ( 'NONE',  ( -0.000000000000000000, -0.000000000000000000, 1.000000000000000000 ) ) ;
#588 = ORIENTED_EDGE ( 'NONE', *, *, #573, .F. ) ;
#589 = CARTESIAN_POINT ( 'NONE',  ( 0.1079564985858410403, 0.06038713985002736040, -0.02699136210067771408 ) ) ;
#590 = ORIENTED_EDGE ( 'NONE', *, *, #931, .F. ) ;
#591 = CIRCLE ( 'NONE', #1163, 0.1562500000000000000 ) ;
#592 =( BOUNDED_CURVE ( )  B_SPLINE_CURVE ( 2, ( #1143, #1302, #1023, #737, #1716, #1596, #1327, #1727, #420 ),
 .UNSPECIFIED., .F., .T. ) 
 B_SPLINE_CURVE_WITH_KNOTS ( ( 3, 2, 2, 2, 3 ),
 ( 0.3125000000000000000, 0.3333333333333333148, 0.3750000000000000000, 0.4166666666666666852, 0.4375000000000000000 ),
 .UNSPECIFIED. ) 
 CURVE ( )  GEOMETRIC_REPRESENTATION_ITEM ( )  RATIONAL_B_SPLINE_CURVE ( ( 0.9330127018922192983, 0.9330127018922192983, 1.000000000000000000, 0.8660254037844385966, 1.000000000000000000, 0.8660254037844385966, 1.000000000000000000, 0.9330127018922192983, 0.9330127018922192983 ) ) 
 REPRESENTATION_ITEM ( '' )  );
#593 = ORIENTED_EDGE ( 'NONE', *, *, #97, .F. ) ;
#594 =( CONVERSION_BASED_UNIT ( 'INCH', #1297 ) LENGTH_UNIT ( ) NAMED_UNIT ( #1109 ) );
#595 = AXIS2_PLACEMENT_3D ( 'NONE', #1672, #243, #375 ) ;
#596 = CARTESIAN_POINT ( 'NONE',  ( 0.06279378364870318030, 0.1087620236790417250, 0.01666666666666668031 ) ) ;
#597 = AXIS2_PLACEMENT_3D ( 'NONE', #713, #1566, #1694 ) ;
#598 = CARTESIAN_POINT ( 'NONE',  ( -0.009873969787995085651, -0.1747212200066888821, -0.02042468245269449950 ) ) ;
#599 = ORIENTED_EDGE ( 'NONE', *, *, #125, .F. ) ;
#600 = PERSON ( 'UNSPECIFIED', 'UNSPECIFIED', 'UNSPECIFIED', ('UNSPECIFIED'), ('UNSPECIFIED'), ('UNSPECIFIED') ) ;
#601 = CARTESIAN_POINT ( 'NONE',  ( 0.1086436984949643025, 0.005071939677847474466, -0.01230569429221548862 ) ) ;
#602 = B_SPLINE_CURVE_WITH_KNOTS ( 'NONE', 3,
 ( #198, #613, #1188, #1339 ),
 .UNSPECIFIED., .F., .F.,
 ( 4, 4 ),
 ( 7.864008071437140321E-07, 0.002020630577825365936 ),
 .UNSPECIFIED. ) ;
#603 = DIRECTION ( 'NONE',  ( 1.000000000000000000, 0.000000000000000000, 0.000000000000000000 ) ) ;
#604 = ADVANCED_FACE ( 'NONE', ( #1801 ), #1346, .T. ) ;
#605 = CARTESIAN_POINT ( 'NONE',  ( 0.000000000000000000, 0.1087620236790417250, 0.04375000000000001110 ) ) ;
#606 = CARTESIAN_POINT ( 'NONE',  ( 0.1249999999999999861, 1.601242264446392367E-17, 3.123852096263720519E-17 ) ) ;
#607 = CALENDAR_DATE ( 2026, 7, 1 ) ;
#608 = CARTESIAN_POINT ( 'NONE',  ( 0.000000000000000000, 0.1087620236790417250, 0.04375000000000001110 ) ) ;
#609 = CARTESIAN_POINT ( 'NONE',  ( 0.000000000000000000, 0.000000000000000000, -0.03125000000000004163 ) ) ;
#610 = CARTESIAN_POINT ( 'NONE',  ( 0.09577477985929472304, 0.06362894485903221320, 0.01823262584953857027 ) ) ;
#611 = FACE_OUTER_BOUND ( 'NONE', #1011, .T. ) ;
#612 = CARTESIAN_POINT ( 'NONE',  ( 1.331950641673270831E-17, -0.1087620236790417250, 0.006250000000000009888 ) ) ;
#613 = CARTESIAN_POINT ( 'NONE',  ( -0.1239250646429879421, -0.1088737896907872732, -0.02716506112274342730 ) ) ;
#614 = EDGE_CURVE ( 'NONE', #509, #1506, #1722, .T. ) ;
#615 = ORIENTED_EDGE ( 'NONE', *, *, #819, .F. ) ;
#616 = PERSON_AND_ORGANIZATION_ROLE ( 'classification_officer' ) ;
#617 = CARTESIAN_POINT ( 'NONE',  ( 0.1086436984949643025, -0.005071939677847616713, 0.01230569429221550423 ) ) ;
#618 = CARTESIAN_POINT ( 'NONE',  ( -0.08772112569464225740, 0.07164755883896356536, 0.01666838595000081844 ) ) ;
#619 = DIRECTION ( 'NONE',  ( -0.000000000000000000, -0.000000000000000000, 1.000000000000000000 ) ) ;
#620 = CARTESIAN_POINT ( 'NONE',  ( 0.1088442875470376353, 0.001686765333071136002, -0.01238795816022307539 ) ) ;
#621 = CARTESIAN_POINT ( 'NONE',  ( 0.06279378364870322193, -0.1087620236790417111, 0.03333333333333333981 ) ) ;
#622 = CARTESIAN_POINT ( 'NONE',  ( 0.1562500000000001388, -0.07880950133074036967, -0.02042468245269449950 ) ) ;
#623 = CARTESIAN_POINT ( 'NONE',  ( 0.06279378364870318030, 0.1087620236790417250, -0.03645833333333331483 ) ) ;
#624 = CIRCLE ( 'NONE', #432, 0.1750000000000000444 ) ;
#625 = VECTOR ( 'NONE', #1785, 39.37007874015748143 ) ;
#626 = CARTESIAN_POINT ( 'NONE',  ( -0.1562500000000000833, 0.09021097956087900660, -0.03124999999999997571 ) ) ;
#627 = EDGE_CURVE ( 'NONE', #48, #1710, #653, .T. ) ;
#628 = VECTOR ( 'NONE', #176, 39.37007874015748143 ) ;
#629 = ORIENTED_EDGE ( 'NONE', *, *, #213, .T. ) ;
#630 = CARTESIAN_POINT ( 'NONE',  ( 0.1239250646429879282, 0.1088737896907872593, -0.02716506112274343077 ) ) ;
#631 = CARTESIAN_POINT ( 'NONE',  ( 0.1087620236790417111, -8.995047045196083808E-13, 0.01230569429221548688 ) ) ;
#632 = DIRECTION ( 'NONE',  ( -0.8660254037844385966, -0.5000000000000001110, 0.000000000000000000 ) ) ;
#633 = EDGE_LOOP ( 'NONE', ( #1123, #449, #475, #636 ) ) ;
#634 = CARTESIAN_POINT ( 'NONE',  ( 0.06279378364870322193, -0.1087620236790417111, 0.03020833333333336479 ) ) ;
#635 = CARTESIAN_POINT ( 'NONE',  ( 0.009873969787995359737, -0.1747212200066888543, -0.02042468245269449950 ) ) ;
#636 = ORIENTED_EDGE ( 'NONE', *, *, #927, .T. ) ;
#637 = EDGE_CURVE ( 'NONE', #1161, #1787, #469, .T. ) ;
#638 = DIRECTION ( 'NONE',  ( -0.000000000000000000, -0.000000000000000000, 1.000000000000000000 ) ) ;
#639 = DIRECTION ( 'NONE',  ( -0.000000000000000000, -0.000000000000000000, 1.000000000000000000 ) ) ;
#640 = CARTESIAN_POINT ( 'NONE',  ( -0.07216878364870327189, 0.1249999999999999861, -0.01979166666666666921 ) ) ;
#641 = ORIENTED_EDGE ( 'NONE', *, *, #1828, .F. ) ;
#642 = CARTESIAN_POINT ( 'NONE',  ( 0.000000000000000000, 0.1263531646934131503, 0.03046875000000004788 ) ) ;
#643 = CARTESIAN_POINT ( 'NONE',  ( -0.1562500000000000833, -0.06590065161755757905, -0.02378103404041548644 ) ) ;
#644 = ORIENTED_EDGE ( 'NONE', *, *, #118, .T. ) ;
#645 = CARTESIAN_POINT ( 'NONE',  ( -0.07812499999999993061, -0.1353164693413185515, 0.03125000000000004163 ) ) ;
#646 = B_SPLINE_CURVE_WITH_KNOTS ( 'NONE', 3,
 ( #768, #505, #212, #47 ),
 .UNSPECIFIED., .F., .F.,
 ( 4, 4 ),
 ( 7.864008071407451816E-07, 0.002020630577825358130 ),
 .UNSPECIFIED. ) ;
#647 = CARTESIAN_POINT ( 'NONE',  ( 0.000000000000000000, 0.000000000000000000, -0.03124999999999997571 ) ) ;
#648 = EDGE_CURVE ( 'NONE', #1717, #200, #1381, .T. ) ;
#649 = ORIENTED_EDGE ( 'NONE', *, *, #648, .T. ) ;
#650 = CARTESIAN_POINT ( 'NONE',  ( -0.09419067547305483290, 0.05438101183952078616, 0.01979166666666669003 ) ) ;
#651 = LINE ( 'NONE', #360, #523 ) ;
#652 = VERTEX_POINT ( 'NONE', #1634 ) ;
#653 = CIRCLE ( 'NONE', #1406, 0.1562500000000000000 ) ;
#654 = ORIENTED_EDGE ( 'NONE', *, *, #188, .T. ) ;
#655 =( BOUNDED_CURVE ( )  B_SPLINE_CURVE ( 2, ( #1435, #276, #702, #1842, #553 ),
 .UNSPECIFIED., .F., .F. ) 
 B_SPLINE_CURVE_WITH_KNOTS ( ( 3, 2, 3 ),
 ( 0.5625000000000000000, 0.5833333333333333703, 0.5983211793394768163 ),
 .UNSPECIFIED. ) 
 CURVE ( )  GEOMETRIC_REPRESENTATION_ITEM ( )  RATIONAL_B_SPLINE_CURVE ( ( 0.9330127018922192983, 0.9330127018922192983, 1.000000000000000000, 0.9518082251964619100, 0.9382864135697961405 ) ) 
 REPRESENTATION_ITEM ( '' )  );
#656 = VECTOR ( 'NONE', #1386, 39.37007874015748143 ) ;
#657 = DIRECTION ( 'NONE',  ( 0.000000000000000000, 0.000000000000000000, -1.000000000000000000 ) ) ;
#658 = DIRECTION ( 'NONE',  ( -0.000000000000000000, -0.000000000000000000, 1.000000000000000000 ) ) ;
#659 = EDGE_CURVE ( 'NONE', #1292, #341, #15, .T. ) ;
#660 = VERTEX_POINT ( 'NONE', #194 ) ;
#661 = CARTESIAN_POINT ( 'NONE',  ( 0.000000000000000000, 0.1263531646934131503, -0.01953124999999995837 ) ) ;
#662 = CARTESIAN_POINT ( 'NONE',  ( 0.000000000000000000, 0.1562500000000000000, -0.03124999999999997571 ) ) ;
#663 = ORIENTED_EDGE ( 'NONE', *, *, #852, .T. ) ;
#664 = CARTESIAN_POINT ( 'NONE',  ( 0.1463760302120048207, -0.09591171867594834588, -0.02042468245269449950 ) ) ;
#665 = CARTESIAN_POINT ( 'NONE',  ( 0.1239250646429879421, -0.1088737896907873148, 0.02716506112274347240 ) ) ;
#666 = CARTESIAN_POINT ( 'NONE',  ( 0.000000000000000000, 0.000000000000000000, 0.03125000000000004163 ) ) ;
#667 = ADVANCED_FACE ( 'NONE', ( #1567, #990 ), #1807, .F. ) ;
#668 = CARTESIAN_POINT ( 'NONE',  ( -0.1562500000000000833, 0.07880950133074050845, -0.02042468245269449950 ) ) ;
#669 = CARTESIAN_POINT ( 'NONE',  ( -0.06279378364870315254, -0.1087620236790417388, -0.02395833333333331414 ) ) ;
#670 = CARTESIAN_POINT ( 'NONE',  ( -0.05502973080340769346, 0.1486505292289780344, -0.03124999999999995837 ) ) ;
#671 = CARTESIAN_POINT ( 'NONE',  ( 0.09419067547305477739, 0.05438101183952086942, 0.01145833333333335854 ) ) ;
#672 = CARTESIAN_POINT ( 'NONE',  ( 0.1459000672974063995, 8.933802520557606297E-18, -0.05078124999999995837 ) ) ;
#673 = CC_DESIGN_DATE_AND_TIME_ASSIGNMENT ( #957, #948, ( #1794 ) ) ;
#674 = CARTESIAN_POINT ( 'NONE',  ( 0.1229516030961838868, 0.009210370636185561538, 0.02649527370935787773 ) ) ;
#675 = DIRECTION ( 'NONE',  ( 0.000000000000000000, 0.000000000000000000, -1.000000000000000000 ) ) ;
#676 = CONICAL_SURFACE ( 'NONE', #1162, 0.1750000000000000444, 1.047197551196598742 ) ;
#677 = ADVANCED_FACE ( 'NONE', ( #685 ), #511, .T. ) ;
#678 = CARTESIAN_POINT ( 'NONE',  ( 1.331950641673270831E-17, -0.1087620236790417250, 0.003125000000000026628 ) ) ;
#679 = CARTESIAN_POINT ( 'NONE',  ( 0.1239416788817769566, -0.1088641974555501074, -0.02650362112875548348 ) ) ;
#680 = CARTESIAN_POINT ( 'NONE',  ( 0.03449316273961750001, 0.1167427389157048162, -0.02501715904924960154 ) ) ;
#681 = AXIS2_PLACEMENT_3D ( 'NONE', #893, #1174, #313 ) ;
#682 = CARTESIAN_POINT ( 'NONE',  ( 0.000000000000000000, 0.000000000000000000, -0.02854367061317370641 ) ) ;
#683 = CARTESIAN_POINT ( 'NONE',  ( 0.1094250504730547996, -0.06317658234670654738, -0.002864583333333288462 ) ) ;
#684 = CARTESIAN_POINT ( 'NONE',  ( 0.08508623173886141478, 0.09177426231717712712, 0.02835054713572516746 ) ) ;
#685 = FACE_OUTER_BOUND ( 'NONE', #18, .T. ) ;
#686 = CARTESIAN_POINT ( 'NONE',  ( -0.1250000000000000000, -5.261224583181003888E-17, 0.009375000000000004857 ) ) ;
#687 = CARTESIAN_POINT ( 'NONE',  ( -0.09419067547305476351, -0.05438101183952091106, -0.001041666666666644101 ) ) ;
#688 = CARTESIAN_POINT ( 'NONE',  ( 0.000000000000000000, 0.000000000000000000, -0.03125000000000004163 ) ) ;
#689 = ADVANCED_FACE ( 'NONE', ( #530 ), #708, .T. ) ;
#690 = CARTESIAN_POINT ( 'NONE',  ( 0.1249999999999999861, 1.601242264446392367E-17, -0.02499999999999997710 ) ) ;
#691 = CARTESIAN_POINT ( 'NONE',  ( 0.07295003364870324136, -0.1263531646934131225, -0.02994791666666662272 ) ) ;
#692 = CARTESIAN_POINT ( 'NONE',  ( 0.1562500000000001388, -0.07880950133074078601, 0.02042468245269488461 ) ) ;
#693 = FACE_OUTER_BOUND ( 'NONE', #1019, .T. ) ;
#694 = CARTESIAN_POINT ( 'NONE',  ( 0.1236323485351216028, 0.01586698370306649161, -0.02794152906284683158 ) ) ;
#695 = CARTESIAN_POINT ( 'NONE',  ( 0.09419067547305477739, 0.05438101183952086942, 0.01145833333333335854 ) ) ;
#696 = DIRECTION ( 'NONE',  ( -0.000000000000000000, -0.000000000000000000, 1.000000000000000000 ) ) ;
#697 = ORIENTED_EDGE ( 'NONE', *, *, #1289, .F. ) ;
#698 = ADVANCED_FACE ( 'NONE', ( #969 ), #961, .T. ) ;
#699 = CARTESIAN_POINT ( 'NONE',  ( -0.01248655548188834681, -0.1181399226892351356, 0.02208946992133111256 ) ) ;
#700 = DIRECTION ( 'NONE',  ( -0.000000000000000000, -0.000000000000000000, 1.000000000000000000 ) ) ;
#701 = CARTESIAN_POINT ( 'NONE',  ( 0.07295003364870318585, 0.1263531646934131503, 0.001822916666666657371 ) ) ;
#702 = CARTESIAN_POINT ( 'NONE',  ( 0.1082531754730548107, -0.06249999999999996531, -0.02708333333333330303 ) ) ;
#703 = CARTESIAN_POINT ( 'NONE',  ( 0.06279378364870318030, 0.1087620236790417250, 0.01354166666666669488 ) ) ;
#704 = ORIENTED_EDGE ( 'NONE', *, *, #879, .F. ) ;
#705 = CARTESIAN_POINT ( 'NONE',  ( -0.1463760302120048484, 0.09591171867594827649, 0.02042468245269456889 ) ) ;
#706 = B_SPLINE_CURVE_WITH_KNOTS ( 'NONE', 3,
 ( #1152, #1040, #1291, #1335, #2, #750 ),
 .UNSPECIFIED., .F., .F.,
 ( 4, 2, 4 ),
 ( 0.006393765649279464433, 0.007402865964462809756, 0.008411966279646155079 ),
 .UNSPECIFIED. ) ;
#707 = ORIENTED_EDGE ( 'NONE', *, *, #1267, .F. ) ;
#708 = CONICAL_SURFACE ( 'NONE', #557, 0.1562500000000000000, 1.047197551196598742 ) ;
#709 = ORIENTED_EDGE ( 'NONE', *, *, #829, .T. ) ;
#710 = CARTESIAN_POINT ( 'NONE',  ( 0.09752889242838806705, -0.07231867774602297738, 0.02470877466456193952 ) ) ;
#711 = CIRCLE ( 'NONE', #141, 0.1562500000000000000 ) ;
#712 = EDGE_CURVE ( 'NONE', #92, #82, #1815, .T. ) ;
#713 = CARTESIAN_POINT ( 'NONE',  ( 0.000000000000000000, 0.000000000000000000, 0.03125000000000000694 ) ) ;
#714 = CARTESIAN_POINT ( 'NONE',  ( 0.000000000000000000, 0.1087620236790417250, -0.006249999999999993408 ) ) ;
#715 = DIRECTION ( 'NONE',  ( -0.000000000000000000, -0.000000000000000000, 1.000000000000000000 ) ) ;
#716 = CARTESIAN_POINT ( 'NONE',  ( 0.06279378364870322193, -0.1087620236790417111, 0.008333333333333341891 ) ) ;
#717 = VERTEX_POINT ( 'NONE', #668 ) ;
#718 = CARTESIAN_POINT ( 'NONE',  ( 1.331950641673270831E-17, -0.1087620236790417250, 0.003125000000000026628 ) ) ;
#719 = ORIENTED_EDGE ( 'NONE', *, *, #1331, .F. ) ;
#720 = ORIENTED_EDGE ( 'NONE', *, *, #1317, .T. ) ;
#721 = CARTESIAN_POINT ( 'NONE',  ( -0.05963206858517496739, -0.09771503780454646182, -0.01777666536706615577 ) ) ;
#722 = ORIENTED_EDGE ( 'NONE', *, *, #967, .F. ) ;
#723 = APPROVAL_DATE_TIME ( #286, #149 ) ;
#724 = CARTESIAN_POINT ( 'NONE',  ( 0.000000000000000000, 0.1263531646934131503, 0.003906249999999988291 ) ) ;
#725 = CARTESIAN_POINT ( 'NONE',  ( 0.1249999999999999584, 0.03349364905389033698, 0.02611645496846304315 ) ) ;
#726 = LINE ( 'NONE', #311, #1473 ) ;
#727 = EDGE_CURVE ( 'NONE', #942, #1378, #370, .T. ) ;
#728 = ORIENTED_EDGE ( 'NONE', *, *, #585, .T. ) ;
#729 = CARTESIAN_POINT ( 'NONE',  ( 0.07216878364870321638, 0.1249999999999999861, -0.02083333333333331483 ) ) ;
#730 = ORIENTED_EDGE ( 'NONE', *, *, #1489, .F. ) ;
#731 = CARTESIAN_POINT ( 'NONE',  ( -0.1463760302120048484, -0.09591171867594833200, 0.02042468245269455154 ) ) ;
#732 = VERTEX_POINT ( 'NONE', #1112 ) ;
#733 =( NAMED_UNIT ( * ) PLANE_ANGLE_UNIT ( ) SI_UNIT ( $, .RADIAN. ) );
#734 = CARTESIAN_POINT ( 'NONE',  ( 0.1255875672974063606, 7.690020615173576524E-18, 0.03750000000000001249 ) ) ;
#735 = B_SPLINE_CURVE_WITH_KNOTS ( 'NONE', 3,
 ( #349, #497, #1373, #1515, #913, #479 ),
 .UNSPECIFIED., .F., .F.,
 ( 4, 2, 4 ),
 ( 0.002020630577825366803, 0.003023725136297561455, 0.004026819694769756541 ),
 .UNSPECIFIED. ) ;
#736 = CARTESIAN_POINT ( 'NONE',  ( -0.08005600383773374407, 0.07977018263267544873, 0.01642005621723986036 ) ) ;
#737 = CARTESIAN_POINT ( 'NONE',  ( 0.07216878364870327189, -0.1249999999999999861, -0.004166666666666638853 ) ) ;
#738 = ORIENTED_EDGE ( 'NONE', *, *, #1396, .T. ) ;
#739 = ADVANCED_FACE ( 'NONE', ( #810 ), #519, .F. ) ;
#740 = CARTESIAN_POINT ( 'NONE',  ( 0.1090692684284241820, -0.001689410590389710341, 0.01261293904159795434 ) ) ;
#741 = DIRECTION ( 'NONE',  ( 1.000000000000000000, 0.000000000000000000, 0.000000000000000000 ) ) ;
#742 = DIRECTION ( 'NONE',  ( 1.000000000000000000, 0.000000000000000000, 0.000000000000000000 ) ) ;
#743 = CARTESIAN_POINT ( 'NONE',  ( 0.1082531754730548107, 0.06250000000000001388, -0.02604166666666666088 ) ) ;
#744 = AXIS2_PLACEMENT_3D ( 'NONE', #626, #1077, #1205 ) ;
#745 = VERTEX_POINT ( 'NONE', #1833 ) ;
#746 = APPROVAL_STATUS ( 'not_yet_approved' ) ;
#747 = VECTOR ( 'NONE', #1098, 39.37007874015748143 ) ;
#748 = CARTESIAN_POINT ( 'NONE',  ( 0.06279378364870318030, 0.1087620236790417250, -0.03333333333333333287 ) ) ;
#749 = CONICAL_SURFACE ( 'NONE', #778, 0.1277063293868263283, 0.7853981633974500554 ) ;
#750 = CARTESIAN_POINT ( 'NONE',  ( 0.1562500000000001388, 0.07880950133074036967, -0.02042468245269449950 ) ) ;
#751 = CARTESIAN_POINT ( 'NONE',  ( 0.1054497412335397705, 0.04087386482593091674, 0.01634143495811222688 ) ) ;
#752 = ADVANCED_FACE ( 'NONE', ( #693 ), #785, .T. ) ;
#753 = ORIENTED_EDGE ( 'NONE', *, *, #927, .F. ) ;
#754 = CARTESIAN_POINT ( 'NONE',  ( 0.09419067547305477739, 0.05438101183952086942, 0.01458333333333334224 ) ) ;
#755 = DIRECTION ( 'NONE',  ( 0.8660254037844384856, 0.5000000000000002220, 0.000000000000000000 ) ) ;
#756 = SECURITY_CLASSIFICATION_LEVEL ( 'unclassified' ) ;
#757 = CARTESIAN_POINT ( 'NONE',  ( 0.06279378364870322193, -0.1087620236790417111, -0.01979166666666664146 ) ) ;
#758 = CARTESIAN_POINT ( 'NONE',  ( 0.000000000000000000, 0.000000000000000000, 0.02042468245269455848 ) ) ;
#759 = EDGE_LOOP ( 'NONE', ( #1526, #575, #863, #720 ) ) ;
#760 = CARTESIAN_POINT ( 'NONE',  ( 0.1562500000000001388, 0.07880950133074036967, 0.03125000000000000694 ) ) ;
#761 = EDGE_LOOP ( 'NONE', ( #1742, #1215, #1085, #1593 ) ) ;
#762 = CARTESIAN_POINT ( 'NONE',  ( 0.07216878364870321638, 0.1249999999999999861, 0.001041666666666671856 ) ) ;
#763 = CARTESIAN_POINT ( 'NONE',  ( -0.06279378364870315254, -0.1087620236790417388, 0.02916666666666667754 ) ) ;
#764 = CARTESIAN_POINT ( 'NONE',  ( 0.1011759087012942121, 0.1220080209975609176, 0.03024645550025280294 ) ) ;
#765 = ORIENTED_EDGE ( 'NONE', *, *, #536, .F. ) ;
#766 = DIRECTION ( 'NONE',  ( 1.000000000000000000, 0.000000000000000000, 0.000000000000000000 ) ) ;
#767 = CARTESIAN_POINT ( 'NONE',  ( -0.06279378364870315254, -0.1087620236790417388, 0.02604166666666669558 ) ) ;
#768 = CARTESIAN_POINT ( 'NONE',  ( 0.009873969787995359737, -0.1747212200066888543, -0.02042468245269449950 ) ) ;
#769 = CARTESIAN_POINT ( 'NONE',  ( 0.09960679871021345388, 0.05621835720348779264, 0.01762711781364725144 ) ) ;
#770 = CARTESIAN_POINT ( 'NONE',  ( -0.06665543263379253291, -0.1419384271476870074, -0.03124999999999995143 ) ) ;
#771 = CARTESIAN_POINT ( 'NONE',  ( -0.1562500000000000833, -0.09021097956087907599, -0.03124999999999997571 ) ) ;
#772 = ORIENTED_EDGE ( 'NONE', *, *, #125, .T. ) ;
#773 = CARTESIAN_POINT ( 'NONE',  ( 0.000000000000000000, 0.1087620236790417250, -0.009374999999999977102 ) ) ;
#774 = CONICAL_SURFACE ( 'NONE', #284, 0.1277063293868263283, 0.7853981633974500554 ) ;
#775 = ADVANCED_FACE ( 'NONE', ( #1860 ), #56, .T. ) ;
#776 = AXIS2_PLACEMENT_3D ( 'NONE', #1516, #1818, #804 ) ;
#777 = DIRECTION ( 'NONE',  ( 1.000000000000000000, 0.000000000000000000, 0.000000000000000000 ) ) ;
#778 = AXIS2_PLACEMENT_3D ( 'NONE', #688, #117, #250 ) ;
#779 = CARTESIAN_POINT ( 'NONE',  ( 0.01880649199998950943, 0.1214824538099100598, 0.02619974318430171728 ) ) ;
#780 = CARTESIAN_POINT ( 'NONE',  ( 1.331950641673270831E-17, -0.1087620236790417250, -0.01874999999999998890 ) ) ;
#781 = FACE_OUTER_BOUND ( 'NONE', #146, .T. ) ;
#782 = ORIENTED_EDGE ( 'NONE', *, *, #346, .F. ) ;
#783 = DIRECTION ( 'NONE',  ( -0.000000000000000000, -0.000000000000000000, 1.000000000000000000 ) ) ;
#784 = CARTESIAN_POINT ( 'NONE',  ( -0.1562500000000000833, -0.01327819994384475850, -0.03124999999999992714 ) ) ;
#785 =( BOUNDED_SURFACE ( )  B_SPLINE_SURFACE ( 1, 2, ( 
 ( #1416, #1552, #960, #1102, #828, #267, #1383, #91, #1407, #1270, #1679, #1122, #1236, #1695, #381, #1545, #114, #241, #1398, #104, #1254, #398, #981, #122, #724, #701, #878, #1850, #856, #1595, #152, #1141, #1457, #436, #1310, #1714, #129, #1613, #8, #1725, #1159, #1030, #1278 ),
 ( #608, #1575, #1434, #734, #140, #561, #1170, #848, #1584, #20, #171, #1734, #868, #596, #1021, #1744, #1180, #288, #1755, #456, #1447, #1604, #1298, #310, #714, #446, #582, #299, #570, #1426, #1039, #887, #162, #418, #1150, #425, #1468, #748, #1324, #35, #998, #275, #1288 ) ),
 .UNSPECIFIED., .F., .F., .T. ) 
 B_SPLINE_SURFACE_WITH_KNOTS ( ( 2, 2 ),
 ( 3, 2, 2, 2, 2, 2, 2, 2, 2, 2, 2, 2, 2, 2, 2, 2, 2, 2, 2, 2, 2, 3 ),
 ( 0.000000000000000000, 1.000000000000000000 ),
 ( 0.000000000000000000, 0.04166666666666666435, 0.08333333333333332871, 0.1250000000000000000, 0.1666666666666666574, 0.2083333333333333426, 0.2500000000000000000, 0.2916666666666666852, 0.3333333333333333148, 0.3750000000000000000, 0.4166666666666666852, 0.4583333333333333148, 0.5000000000000000000, 0.5416666666666666297, 0.5833333333333333703, 0.6250000000000000000, 0.6666666666666666297, 0.7083333333333333703, 0.7500000000000000000, 0.7916666666666666297, 0.8333333333333333703, 0.8750000000000000000 ),
 .UNSPECIFIED. ) 
 GEOMETRIC_REPRESENTATION_ITEM ( )  RATIONAL_B_SPLINE_SURFACE ( (
 ( 1.000000000000000000, 0.8660254037844387076, 1.000000000000000000, 0.8660254037844387076, 1.000000000000000000, 0.8660254037844387076, 1.000000000000000000, 0.8660254037844387076, 1.000000000000000000, 0.8660254037844387076, 1.000000000000000000, 0.8660254037844387076, 1.000000000000000000, 0.8660254037844387076, 1.000000000000000000, 0.8660254037844387076, 1.000000000000000000, 0.8660254037844387076, 1.000000000000000000, 0.8660254037844387076, 1.000000000000000000, 0.8660254037844387076, 1.000000000000000000, 0.8660254037844387076, 1.000000000000000000, 0.8660254037844387076, 1.000000000000000000, 0.8660254037844387076, 1.000000000000000000, 0.8660254037844387076, 1.000000000000000000, 0.8660254037844387076, 1.000000000000000000, 0.8660254037844387076, 1.000000000000000000, 0.8660254037844387076, 1.000000000000000000, 0.8660254037844387076, 1.000000000000000000, 0.8660254037844387076, 1.000000000000000000, 0.8660254037844387076, 1.000000000000000000),
 ( 1.000000000000000000, 0.8660254037844387076, 1.000000000000000000, 0.8660254037844387076, 1.000000000000000000, 0.8660254037844387076, 1.000000000000000000, 0.8660254037844387076, 1.000000000000000000, 0.8660254037844387076, 1.000000000000000000, 0.8660254037844387076, 1.000000000000000000, 0.8660254037844387076, 1.000000000000000000, 0.8660254037844387076, 1.000000000000000000, 0.8660254037844387076, 1.000000000000000000, 0.8660254037844387076, 1.000000000000000000, 0.8660254037844387076, 1.000000000000000000, 0.8660254037844387076, 1.000000000000000000, 0.8660254037844387076, 1.000000000000000000, 0.8660254037844387076, 1.000000000000000000, 0.8660254037844387076, 1.000000000000000000, 0.8660254037844387076, 1.000000000000000000, 0.8660254037844387076, 1.000000000000000000, 0.8660254037844387076, 1.000000000000000000, 0.8660254037844387076, 1.000000000000000000, 0.8660254037844387076, 1.000000000000000000, 0.8660254037844387076, 1.000000000000000000) ) ) 
 REPRESENTATION_ITEM ( '' )  SURFACE ( )  );
#786 = CARTESIAN_POINT ( 'NONE',  ( -0.07812500000000005551, 0.1353164693413185515, -0.03124999999999997571 ) ) ;
#787 = CARTESIAN_POINT ( 'NONE',  ( -0.1250000000000000000, -5.261224583181003888E-17, -0.01562499999999999827 ) ) ;
#788 = VERTEX_POINT ( 'NONE', #183 ) ;
#789 = APPROVAL_ROLE ( '' ) ;
#790 = CARTESIAN_POINT ( 'NONE',  ( -0.06279378364870324969, 0.1087620236790416833, 0.01770833333333336063 ) ) ;
#791 = CARTESIAN_POINT ( 'NONE',  ( 0.1249999999999999861, 0.000000000000000000, 0.03125000000000000694 ) ) ;
#792 = ORIENTED_EDGE ( 'NONE', *, *, #614, .T. ) ;
#793 = VERTEX_POINT ( 'NONE', #902 ) ;
#794 = CARTESIAN_POINT ( 'NONE',  ( 0.07812500000000008327, -0.1353164693413186348, -0.03124999999999997571 ) ) ;
#795 = EDGE_CURVE ( 'NONE', #170, #717, #1618, .T. ) ;
#796 = CARTESIAN_POINT ( 'NONE',  ( -0.1082531754730548523, 0.06249999999999989592, 0.007291666666666673721 ) ) ;
#797 = CYLINDRICAL_SURFACE ( 'NONE', #901, 0.1750000000000000444 ) ;
#798 = ORIENTED_EDGE ( 'NONE', *, *, #1204, .T. ) ;
#799 = CARTESIAN_POINT ( 'NONE',  ( 0.07295003364870318585, 0.1263531646934131503, -0.02161458333333329124 ) ) ;
#800 = DIRECTION ( 'NONE',  ( -0.000000000000000000, -0.000000000000000000, 1.000000000000000000 ) ) ;
#801 = B_SPLINE_CURVE_WITH_KNOTS ( 'NONE', 3,
 ( #202, #1763, #64, #211, #888, #1325, #340, #490, #1384, #1067, #1644, #350, #1365, #74, #1079, #1521, #253, #1248, #824, #680, #534, #1116, #252, #836, #1208, #1368, #1082, #589, #1311, #1576, #541, #694, #538, #1423 ),
 .UNSPECIFIED., .F., .F.,
 ( 4, 2, 2, 2, 2, 2, 2, 2, 2, 2, 2, 2, 2, 2, 2, 2, 4 ),
 ( 0.009094570864143485672, 0.009694719307294822480, 0.01029486775044615929, 0.01089501619359749610, 0.01149516463674883290, 0.01209531307990016971, 0.01269546152305150478, 0.01329560996620284333, 0.01389575840935417840, 0.01449590685250551521, 0.01509605529565685202, 0.01569620373880818709, 0.01629635218195952390, 0.01689650062511086070, 0.01749664906826219751, 0.01809679751141353432, 0.01869694595456487113 ),
 .UNSPECIFIED. ) ;
#802 = ORIENTED_EDGE ( 'NONE', *, *, #220, .T. ) ;
#803 = VECTOR ( 'NONE', #1400, 39.37007874015748854 ) ;
#804 = DIRECTION ( 'NONE',  ( 1.000000000000000000, 0.000000000000000000, 0.000000000000000000 ) ) ;
#805 = EDGE_CURVE ( 'NONE', #278, #1540, #1115, .T. ) ;
#806 = DIRECTION ( 'NONE',  ( -0.000000000000000000, -0.000000000000000000, 1.000000000000000000 ) ) ;
#807 = DATE_AND_TIME ( #1782, #1466 ) ;
#808 = ADVANCED_FACE ( 'NONE', ( #939 ), #1379, .T. ) ;
#809 = CARTESIAN_POINT ( 'NONE',  ( 1.547379987039267552E-17, -0.1263531646934131503, -0.007031249999999955071 ) ) ;
#810 = FACE_OUTER_BOUND ( 'NONE', #759, .T. ) ;
#811 = CARTESIAN_POINT ( 'NONE',  ( -0.1255875672974063606, -2.307006184552072649E-17, -0.02499999999999999098 ) ) ;
#812 = CARTESIAN_POINT ( 'NONE',  ( 0.07812500000000004163, -0.1353164693413185238, 0.03125000000000004163 ) ) ;
#813 = ORIENTED_EDGE ( 'NONE', *, *, #953, .F. ) ;
#814 = PRODUCT ( '91862A557_Hex Panel Nut', '91862A557_Hex Panel Nut', '', ( #7 ) ) ;
#815 = DIRECTION ( 'NONE',  ( 1.000000000000000000, 0.000000000000000000, 0.000000000000000000 ) ) ;
#816 = CC_DESIGN_PERSON_AND_ORGANIZATION_ASSIGNMENT ( #1179, #464, ( #814 ) ) ;
#817 = B_SPLINE_CURVE_WITH_KNOTS ( 'NONE', 3,
 ( #1713, #1557, #1832, #539, #1140, #1425, #397, #855, #841, #1551 ),
 .UNSPECIFIED., .F., .F.,
 ( 4, 2, 2, 2, 4 ),
 ( 0.003197381563798369110, 0.003799518849237505831, 0.004401656134676642552, 0.005003793420115778406, 0.005605930705554915128 ),
 .UNSPECIFIED. ) ;
#818 = CARTESIAN_POINT ( 'NONE',  ( 0.06582176160658324837, -0.08998472534240792298, -0.01478550401923630665 ) ) ;
#819 = EDGE_CURVE ( 'NONE', #1844, #1617, #591, .T. ) ;
#820 = CARTESIAN_POINT ( 'NONE',  ( 0.1183277928175948818, 0.03668168171086383378, 0.02708172302992627178 ) ) ;
#821 = CARTESIAN_POINT ( 'NONE',  ( 0.1463760302120048484, 0.09591171867594834588, 0.03125000000000000694 ) ) ;
#822 = CARTESIAN_POINT ( 'NONE',  ( -0.06279378364870324969, 0.1087620236790416833, 0.01770833333333336063 ) ) ;
#823 = LINE ( 'NONE', #1681, #932 ) ;
#824 = CARTESIAN_POINT ( 'NONE',  ( 0.01895609009908165443, 0.1199138488874050418, -0.02468750056065071793 ) ) ;
#825 = CARTESIAN_POINT ( 'NONE',  ( 0.000000000000000000, 0.000000000000000000, -0.03124999999999997571 ) ) ;
#826 = CARTESIAN_POINT ( 'NONE',  ( -0.03956516062880707091, -0.1068725797401891137, -0.01726693091693328255 ) ) ;
#827 = CARTESIAN_POINT ( 'NONE',  ( -0.07216878364870318863, -0.1250000000000000278, 0.01666666666666670460 ) ) ;
#828 = CARTESIAN_POINT ( 'NONE',  ( 0.1094250504730547996, -0.06317658234670654738, 0.04557291666666665741 ) ) ;
#829 = EDGE_CURVE ( 'NONE', #732, #1161, #1438, .T. ) ;
#830 = DIRECTION ( 'NONE',  ( 1.000000000000000000, 0.000000000000000000, 0.000000000000000000 ) ) ;
#831 = CC_DESIGN_APPROVAL ( #343, ( #1794 ) ) ;
#832 = CARTESIAN_POINT ( 'NONE',  ( -0.06279378364870315254, -0.1087620236790417388, 0.001041666666666695492 ) ) ;
#833 = CARTESIAN_POINT ( 'NONE',  ( -0.1562500000000000833, -0.07880950133074092478, 0.02042468245269488461 ) ) ;
#834 = AXIS2_PLACEMENT_3D ( 'NONE', #1307, #17, #307 ) ;
#835 = VERTEX_POINT ( 'NONE', #840 ) ;
#836 = CARTESIAN_POINT ( 'NONE',  ( 0.07676432713777826822, 0.09578200225252782307, -0.02603778296919949387 ) ) ;
#837 = DIRECTION ( 'NONE',  ( -0.000000000000000000, -0.000000000000000000, 1.000000000000000000 ) ) ;
#838 = AXIS2_PLACEMENT_3D ( 'NONE', #1690, #1412, #391 ) ;
#839 = ORIENTED_EDGE ( 'NONE', *, *, #1797, .T. ) ;
#840 = CARTESIAN_POINT ( 'NONE',  ( -0.1250000000000000000, -5.261224583181003272E-17, -0.01249999999999996947 ) ) ;
#841 = CARTESIAN_POINT ( 'NONE',  ( 0.07882185880250641707, 0.07638279837149226925, -0.01301341480460868442 ) ) ;
#842 = CC_DESIGN_PERSON_AND_ORGANIZATION_ASSIGNMENT ( #1612, #318, ( #229 ) ) ;
#843 = CARTESIAN_POINT ( 'NONE',  ( 0.1463760302120048484, 0.09591171867594834588, -0.02042468245269449950 ) ) ;
#844 = CARTESIAN_POINT ( 'NONE',  ( 0.09419067547305479127, -0.05438101183952083473, -0.01770833333333330858 ) ) ;
#845 = CARTESIAN_POINT ( 'NONE',  ( -0.09419067547305483290, 0.05438101183952078616, -0.005208333333333306156 ) ) ;
#846 = CARTESIAN_POINT ( 'NONE',  ( -0.07771926723532292247, -0.08473258207065784142, -0.01828640189249700759 ) ) ;
#847 = LINE ( 'NONE', #128, #1078 ) ;
#848 = CARTESIAN_POINT ( 'NONE',  ( -0.06279378364870315254, -0.1087620236790417388, 0.02916666666666667754 ) ) ;
#849 = CARTESIAN_POINT ( 'NONE',  ( 0.09419067547305479127, -0.05438101183952083473, -0.04270833333333331344 ) ) ;
#850 = VERTEX_POINT ( 'NONE', #949 ) ;
#851 = CARTESIAN_POINT ( 'NONE',  ( 0.1143932526072631573, -0.03600915921753363586, -0.02313214183741138172 ) ) ;
#852 = EDGE_CURVE ( 'NONE', #872, #1371, #549, .T. ) ;
#853 = ORIENTED_EDGE ( 'NONE', *, *, #547, .T. ) ;
#854 = CARTESIAN_POINT ( 'NONE',  ( 0.1099920983390674234, -0.05245641741870575581, 0.02515787657179701861 ) ) ;
#855 = CARTESIAN_POINT ( 'NONE',  ( 0.08470464130643776124, 0.07086371525966704554, -0.01369864570530638162 ) ) ;
#856 = CARTESIAN_POINT ( 'NONE',  ( 0.1094250504730547996, -0.06317658234670654738, -0.004427083333333344493 ) ) ;
#857 = DIRECTION ( 'NONE',  ( 1.000000000000000000, 0.000000000000000000, 0.000000000000000000 ) ) ;
#858 = FACE_OUTER_BOUND ( 'NONE', #1305, .T. ) ;
#859 = ORIENTED_EDGE ( 'NONE', *, *, #1396, .F. ) ;
#860 = CARTESIAN_POINT ( 'NONE',  ( -0.007045360435219959541, 0.1249999999999999861, 0.02832838203719061781 ) ) ;
#861 = VECTOR ( 'NONE', #1058, 39.37007874015748143 ) ;
#862 = EDGE_CURVE ( 'NONE', #341, #1522, #1698, .T. ) ;
#863 = ORIENTED_EDGE ( 'NONE', *, *, #153, .F. ) ;
#864 = CARTESIAN_POINT ( 'NONE',  ( 0.08162063599313720830, -0.08923247007120749252, 0.02422634972106697815 ) ) ;
#865 = CIRCLE ( 'NONE', #776, 0.1277063293868263283 ) ;
#866 = ORIENTED_EDGE ( 'NONE', *, *, #137, .T. ) ;
#867 = FACE_OUTER_BOUND ( 'NONE', #1308, .T. ) ;
#868 = CARTESIAN_POINT ( 'NONE',  ( 0.000000000000000000, 0.1087620236790417250, 0.01875000000000000971 ) ) ;
#869 = CARTESIAN_POINT ( 'NONE',  ( 0.07798334005663883073, 0.09769134390305915516, 0.02854367061307425818 ) ) ;
#870 = B_SPLINE_CURVE_WITH_KNOTS ( 'NONE', 3,
 ( #1050, #951, #54, #488, #226, #1643 ),
 .UNSPECIFIED., .F., .F.,
 ( 4, 2, 4 ),
 ( 0.000000000000000000, 0.001100096141221116892, 0.002200192282442233783 ),
 .UNSPECIFIED. ) ;
#871 = CARTESIAN_POINT ( 'NONE',  ( 0.09419067547305477739, 0.05438101183952086942, -0.01041666666666665568 ) ) ;
#872 = VERTEX_POINT ( 'NONE', #1128 ) ;
#873 = CARTESIAN_POINT ( 'NONE',  ( 0.1247345734670658735, -2.479638020942698799E-15, -0.02827824408023964925 ) ) ;
#874 = ORIENTED_EDGE ( 'NONE', *, *, #262, .T. ) ;
#875 = ORIENTED_EDGE ( 'NONE', *, *, #1684, .F. ) ;
#876 = CARTESIAN_POINT ( 'NONE',  ( -0.1094247995061323614, -0.03839015648216702326, 0.01924906775307433371 ) ) ;
#877 = EDGE_LOOP ( 'NONE', ( #722, #1719, #1273, #1450 ) ) ;
#878 = CARTESIAN_POINT ( 'NONE',  ( 0.1094250504730547857, 0.06317658234670658901, -0.0002604166666666738730 ) ) ;
#879 = EDGE_CURVE ( 'NONE', #1443, #793, #126, .T. ) ;
#880 = CARTESIAN_POINT ( 'NONE',  ( -0.09419067547305476351, -0.05438101183952091106, 0.002083333333333339376 ) ) ;
#881 = VERTEX_POINT ( 'NONE', #160 ) ;
#882 = FACE_OUTER_BOUND ( 'NONE', #1032, .T. ) ;
#883 = DIRECTION ( 'NONE',  ( -0.000000000000000000, -0.000000000000000000, 1.000000000000000000 ) ) ;
#884 = CARTESIAN_POINT ( 'NONE',  ( -0.06279378364870315254, -0.1087620236790417388, 0.004166666666666679619 ) ) ;
#885 = CARTESIAN_POINT ( 'NONE',  ( 0.1249999999999999861, 1.601242264446392367E-17, -0.02812499999999999722 ) ) ;
#886 = ORIENTED_EDGE ( 'NONE', *, *, #1629, .T. ) ;
#887 = CARTESIAN_POINT ( 'NONE',  ( -0.06279378364870315254, -0.1087620236790417388, -0.02083333333333332524 ) ) ;
#888 = CARTESIAN_POINT ( 'NONE',  ( -0.1113264117596514807, 0.03898413889805657506, -0.02122882877216876463 ) ) ;
#889 = CARTESIAN_POINT ( 'NONE',  ( -0.05281210540072003162, 0.09903453610158173548, 0.01564189338189002354 ) ) ;
#890 = EDGE_CURVE ( 'NONE', #1617, #200, #352, .T. ) ;
#891 = DIRECTION ( 'NONE',  ( -0.000000000000000000, -0.000000000000000000, 1.000000000000000000 ) ) ;
#892 = ORIENTED_EDGE ( 'NONE', *, *, #1550, .T. ) ;
#893 = CARTESIAN_POINT ( 'NONE',  ( 0.000000000000000000, 0.000000000000000000, -0.03124999999999997571 ) ) ;
#894 = CARTESIAN_POINT ( 'NONE',  ( -0.009873969787995085651, -0.1747212200066888821, 0.02042468245269455848 ) ) ;
#895 = AXIS2_PLACEMENT_3D ( 'NONE', #1187, #1622, #908 ) ;
#896 = CARTESIAN_POINT ( 'NONE',  ( -0.06279378364870324969, 0.1087620236790416833, 0.02083333333333334259 ) ) ;
#897 = DIRECTION ( 'NONE',  ( 0.5000000000000003331, -0.8660254037844385966, 0.000000000000000000 ) ) ;
#898 = AXIS2_PLACEMENT_3D ( 'NONE', #1704, #373, #409 ) ;
#899 = ORIENTED_EDGE ( 'NONE', *, *, #1072, .F. ) ;
#900 = PERSON_AND_ORGANIZATION ( #600, #355 ) ;
#901 = AXIS2_PLACEMENT_3D ( 'NONE', #255, #972, #815 ) ;
#902 = CARTESIAN_POINT ( 'NONE',  ( -0.1148287204011976953, 3.431233423813697973E-17, 0.01837239101437146416 ) ) ;
#903 = CARTESIAN_POINT ( 'NONE',  ( 0.1086436984949643025, -0.005071939677847616713, 0.01230569429221550423 ) ) ;
#904 = PRODUCT_DEFINITION ( 'UNKNOWN', '', #229, #1421 ) ;
#905 = EDGE_LOOP ( 'NONE', ( #590, #753, #1484, #798 ) ) ;
#906 = LINE ( 'NONE', #1474, #628 ) ;
#907 = EDGE_CURVE ( 'NONE', #652, #1431, #1281, .T. ) ;
#908 = DIRECTION ( 'NONE',  ( -1.000000000000000000, 0.000000000000000000, -0.000000000000000000 ) ) ;
#909 = CARTESIAN_POINT ( 'NONE',  ( -0.02104648292670993626, 0.1682707665385272666, 0.02377896888725933647 ) ) ;
#910 = CARTESIAN_POINT ( 'NONE',  ( 0.000000000000000000, 0.000000000000000000, 0.000000000000000000 ) ) ;
#911 = CARTESIAN_POINT ( 'NONE',  ( 1.331950641673270831E-17, -0.1087620236790417250, 0.003125000000000026628 ) ) ;
#912 = DIRECTION ( 'NONE',  ( -0.000000000000000000, -0.000000000000000000, 1.000000000000000000 ) ) ;
#913 = CARTESIAN_POINT ( 'NONE',  ( 0.02104648292670977319, 0.1682707665385272944, -0.02377896888725927749 ) ) ;
#914 = CARTESIAN_POINT ( 'NONE',  ( 0.04958731918731677790, 0.1096455170487322245, 0.02360306585600112708 ) ) ;
#915 = EDGE_CURVE ( 'NONE', #1522, #850, #404, .T. ) ;
#916 = CARTESIAN_POINT ( 'NONE',  ( -0.009873969787995085651, -0.1747212200066888821, -0.02042468245269449950 ) ) ;
#917 = PLANE ( 'NONE',  #287 ) ;
#918 = ORIENTED_EDGE ( 'NONE', *, *, #199, .T. ) ;
#919 = CARTESIAN_POINT ( 'NONE',  ( 0.07295003364870318585, 0.1263531646934131503, 0.02838541666666671154 ) ) ;
#920 = CARTESIAN_POINT ( 'NONE',  ( 0.1248236656660867139, -0.004206936054708614037, -0.02836733627926051743 ) ) ;
#921 = ORIENTED_EDGE ( 'NONE', *, *, #483, .T. ) ;
#922 =( BOUNDED_CURVE ( )  B_SPLINE_CURVE ( 2, ( #4, #1164, #546, #145, #577, #729, #303, #119, #690 ),
 .UNSPECIFIED., .F., .T. ) 
 B_SPLINE_CURVE_WITH_KNOTS ( ( 3, 2, 2, 2, 3 ),
 ( 0.4375000000000000000, 0.4583333333333333148, 0.5000000000000000000, 0.5416666666666666297, 0.5625000000000000000 ),
 .UNSPECIFIED. ) 
 CURVE ( )  GEOMETRIC_REPRESENTATION_ITEM ( )  RATIONAL_B_SPLINE_CURVE ( ( 0.9330127018922192983, 0.9330127018922192983, 1.000000000000000000, 0.8660254037844385966, 1.000000000000000000, 0.8660254037844385966, 1.000000000000000000, 0.9330127018922192983, 0.9330127018922192983 ) ) 
 REPRESENTATION_ITEM ( '' )  );
#923 = CARTESIAN_POINT ( 'NONE',  ( 0.1562500000000001388, 0.000000000000000000, -0.03124999999999997571 ) ) ;
#924 = CARTESIAN_POINT ( 'NONE',  ( 0.09419067547305477739, 0.05438101183952086942, -0.01041666666666665568 ) ) ;
#925 = CARTESIAN_POINT ( 'NONE',  ( 0.1352035170732901193, 0.1023621721441099197, 0.02377896888725932606 ) ) ;
#926 = CARTESIAN_POINT ( 'NONE',  ( 0.05507409129870591280, -0.1486249176850763243, 0.03024645550025275437 ) ) ;
#927 = EDGE_CURVE ( 'NONE', #1506, #1347, #405, .T. ) ;
#928 = ORIENTED_EDGE ( 'NONE', *, *, #430, .T. ) ;
#929 = CARTESIAN_POINT ( 'NONE',  ( 0.1094250504730547996, -0.06317658234670654738, 0.02213541666666671293 ) ) ;
#930 = AXIS2_PLACEMENT_3D ( 'NONE', #662, #540, #1841 ) ;
#931 = EDGE_CURVE ( 'NONE', #1347, #421, #602, .T. ) ;
#932 = VECTOR ( 'NONE', #383, 39.37007874015748143 ) ;
#933 = CARTESIAN_POINT ( 'NONE',  ( 0.000000000000000000, 0.000000000000000000, -0.03124999999999997571 ) ) ;
#934 =( GEOMETRIC_REPRESENTATION_CONTEXT ( 3 ) GLOBAL_UNCERTAINTY_ASSIGNED_CONTEXT ( ( #1780 ) ) GLOBAL_UNIT_ASSIGNED_CONTEXT ( ( #594, #733, #1733 ) ) REPRESENTATION_CONTEXT ( 'NONE', 'WORKASPACE' ) );
#935 = CYLINDRICAL_SURFACE ( 'NONE', #595, 0.1249999999999999861 ) ;
#936 =( BOUNDED_CURVE ( )  B_SPLINE_CURVE ( 2, ( #1427, #130, #399, #115, #1132, #1271, #1299, #1279, #411 ),
 .UNSPECIFIED., .F., .T. ) 
 B_SPLINE_CURVE_WITH_KNOTS ( ( 3, 2, 2, 2, 3 ),
 ( 0.1875000000000000278, 0.2083333333333333426, 0.2500000000000000000, 0.2916666666666666852, 0.3125000000000000000 ),
 .UNSPECIFIED. ) 
 CURVE ( )  GEOMETRIC_REPRESENTATION_ITEM ( )  RATIONAL_B_SPLINE_CURVE ( ( 0.9330127018922192983, 0.9330127018922194093, 1.000000000000000000, 0.8660254037844385966, 1.000000000000000000, 0.8660254037844385966, 1.000000000000000000, 0.9330127018922192983, 0.9330127018922192983 ) ) 
 REPRESENTATION_ITEM ( '' )  );
#937 = DIRECTION ( 'NONE',  ( 1.000000000000000000, 0.000000000000000000, 0.000000000000000000 ) ) ;
#938 = EDGE_LOOP ( 'NONE', ( #1737, #1169, #641, #181 ) ) ;
#939 = FACE_OUTER_BOUND ( 'NONE', #1446, .T. ) ;
#940 = CARTESIAN_POINT ( 'NONE',  ( -0.1562500000000000833, 0.000000000000000000, -0.03124999999999997571 ) ) ;
#941 = EDGE_CURVE ( 'NONE', #660, #82, #321, .T. ) ;
#942 = VERTEX_POINT ( 'NONE', #622 ) ;
#943 = CARTESIAN_POINT ( 'NONE',  ( -0.1463760302120048484, -0.09591171867594833200, 0.03125000000000000694 ) ) ;
#944 = MANIFOLD_SOLID_BREP ( 'Mirror1', #1404 ) ;
#945 = CARTESIAN_POINT ( 'NONE',  ( 0.1082531754730548107, 0.06250000000000001388, -0.001041666666666659496 ) ) ;
#946 = FACE_OUTER_BOUND ( 'NONE', #357, .T. ) ;
#947 = ORIENTED_EDGE ( 'NONE', *, *, #931, .T. ) ;
#948 = DATE_TIME_ROLE ( 'classification_date' ) ;
#949 = CARTESIAN_POINT ( 'NONE',  ( -0.1250000000000000000, -5.261224583181003272E-17, -0.01562499999999999827 ) ) ;
#950 = CARTESIAN_POINT ( 'NONE',  ( 0.07987349809331852069, 0.07382006568066079577, 0.01230569429221538801 ) ) ;
#951 = CARTESIAN_POINT ( 'NONE',  ( 0.08317778629851617367, 0.07154880674614805258, -0.01230569429221549556 ) ) ;
#952 = ORIENTED_EDGE ( 'NONE', *, *, #1486, .F. ) ;
#953 = EDGE_CURVE ( 'NONE', #278, #3, #356, .T. ) ;
#954 = DIRECTION ( 'NONE',  ( 1.000000000000000000, 0.000000000000000000, 0.000000000000000000 ) ) ;
#955 = CARTESIAN_POINT ( 'NONE',  ( 0.07798334005663883073, 0.09769134390305915516, 0.02854367061307425818 ) ) ;
#956 = VERTEX_POINT ( 'NONE', #335 ) ;
#957 = DATE_AND_TIME ( #1761, #372 ) ;
#958 = CARTESIAN_POINT ( 'NONE',  ( 0.1084941325620565333, -0.01473745784229830470, -0.01278552188368657812 ) ) ;
#959 = AXIS2_PLACEMENT_3D ( 'NONE', #305, #883, #741 ) ;
#960 = CARTESIAN_POINT ( 'NONE',  ( 0.1094250504730547857, 0.06317658234670658901, 0.04973958333333332316 ) ) ;
#961 = CONICAL_SURFACE ( 'NONE', #898, 0.1562500000000000000, 1.047197551196598742 ) ;
#962 = DIRECTION ( 'NONE',  ( -0.000000000000000000, -0.000000000000000000, 1.000000000000000000 ) ) ;
#963 = CIRCLE ( 'NONE', #681, 0.1562500000000000000 ) ;
#964 = CARTESIAN_POINT ( 'NONE',  ( 0.000000000000000000, 0.000000000000000000, 0.03125000000000004163 ) ) ;
#965 = ORIENTED_EDGE ( 'NONE', *, *, #1142, .F. ) ;
#966 = DIRECTION ( 'NONE',  ( -1.000000000000000000, -1.776356839400250465E-15, 0.000000000000000000 ) ) ;
#967 = EDGE_CURVE ( 'NONE', #444, #732, #1361, .T. ) ;
#968 = CARTESIAN_POINT ( 'NONE',  ( 0.09828361692013459772, -0.05013993036540891068, -0.01363222059413269661 ) ) ;
#969 = FACE_OUTER_BOUND ( 'NONE', #227, .T. ) ;
#970 = DIRECTION ( 'NONE',  ( -1.000000000000000000, 0.000000000000000000, 0.000000000000000000 ) ) ;
#971 = CARTESIAN_POINT ( 'NONE',  ( 0.1352035170732901193, -0.1023621721441099336, -0.02377896888725924973 ) ) ;
#972 = DIRECTION ( 'NONE',  ( -0.000000000000000000, -0.000000000000000000, 1.000000000000000000 ) ) ;
#973 = ADVANCED_FACE ( 'NONE', ( #1070 ), #1044, .T. ) ;
#974 = CARTESIAN_POINT ( 'NONE',  ( -0.1094250504730548551, 0.06317658234670647799, -0.01536458333333328742 ) ) ;
#975 = CARTESIAN_POINT ( 'NONE',  ( -0.05502973080340758938, -0.1486505292289780900, 0.03125000000000000694 ) ) ;
#976 = DIRECTION ( 'NONE',  ( 1.000000000000000000, 0.000000000000000000, 0.000000000000000000 ) ) ;
#977 = CARTESIAN_POINT ( 'NONE',  ( -0.09419067547305483290, 0.05438101183952078616, 0.01979166666666669003 ) ) ;
#978 = FACE_OUTER_BOUND ( 'NONE', #877, .T. ) ;
#979 = CARTESIAN_POINT ( 'NONE',  ( 0.09485586386393936309, -0.05665606125034321205, -0.01378102437244247552 ) ) ;
#980 = CARTESIAN_POINT ( 'NONE',  ( 0.1277063293868263283, 0.000000000000000000, -0.03125000000000004163 ) ) ;
#981 = CARTESIAN_POINT ( 'NONE',  ( -0.1094250504730548551, 0.06317658234670647799, 0.008072916666666658803 ) ) ;
#982 = EDGE_CURVE ( 'NONE', #48, #92, #1345, .T. ) ;
#983 = AXIS2_PLACEMENT_3D ( 'NONE', #325, #639, #742 ) ;
#984 = CARTESIAN_POINT ( 'NONE',  ( -0.06279378364870315254, -0.1087620236790417388, -0.02083333333333332524 ) ) ;
#985 = VECTOR ( 'NONE', #1095, 39.37007874015748143 ) ;
#986 = CIRCLE ( 'NONE', #527, 0.1750000000000000444 ) ;
#987 = CYLINDRICAL_SURFACE ( 'NONE', #1318, 0.1750000000000000444 ) ;
#988 = CARTESIAN_POINT ( 'NONE',  ( -0.1166430362756070011, -0.007378321074678357433, -0.02018670688878082889 ) ) ;
#989 = FACE_OUTER_BOUND ( 'NONE', #1571, .T. ) ;
#990 = FACE_OUTER_BOUND ( 'NONE', #1035, .T. ) ;
#991 = ADVANCED_FACE ( 'NONE', ( #781 ), #1611, .T. ) ;
#992 = CARTESIAN_POINT ( 'NONE',  ( -0.06279378364870324969, 0.1087620236790416833, -0.03229166666666664215 ) ) ;
#993 = ORIENTED_EDGE ( 'NONE', *, *, #483, .F. ) ;
#994 = CARTESIAN_POINT ( 'NONE',  ( 0.09051833069291892464, -0.08465573889235855631, -0.02714503968166455047 ) ) ;
#995 = PRODUCT_DEFINITION_SHAPE ( 'NONE', 'NONE',  #904 ) ;
#996 = CARTESIAN_POINT ( 'NONE',  ( 0.01866130901549400978, -0.1179472437665824297, 0.02270668715465389356 ) ) ;
#997 = CARTESIAN_POINT ( 'NONE',  ( 0.07798334005663883073, 0.09769134390305915516, 0.02854367061307425818 ) ) ;
#998 = CARTESIAN_POINT ( 'NONE',  ( 0.09419067547305479127, -0.05438101183952083473, -0.03958333333333333148 ) ) ;
#999 = CARTESIAN_POINT ( 'NONE',  ( 0.000000000000000000, 0.000000000000000000, -0.02042468245269449256 ) ) ;
#1000 = DIRECTION ( 'NONE',  ( 1.000000000000000000, 0.000000000000000000, 0.000000000000000000 ) ) ;
#1001 = ADVANCED_FACE ( 'NONE', ( #1623 ), #1558, .T. ) ;
#1002 = EDGE_LOOP ( 'NONE', ( #1749, #1024, #993, #1195 ) ) ;
#1003 = CARTESIAN_POINT ( 'NONE',  ( 0.1082531754730548107, 0.06250000000000001388, 0.02395833333333333842 ) ) ;
#1004 = ORIENTED_EDGE ( 'NONE', *, *, #862, .T. ) ;
#1005 = ORIENTED_EDGE ( 'NONE', *, *, #457, .T. ) ;
#1006 = CARTESIAN_POINT ( 'NONE',  ( -0.1168098910143713087, -7.182715300516672880E-16, -0.02035356162754504636 ) ) ;
#1007 = CARTESIAN_POINT ( 'NONE',  ( 0.1562500000000001665, 0.05307485582001383873, 0.02647333932687602476 ) ) ;
#1008 = CARTESIAN_POINT ( 'NONE',  ( 0.000000000000000000, 0.000000000000000000, 0.02042468245269455848 ) ) ;
#1009 = CARTESIAN_POINT ( 'NONE',  ( 0.1562500000000000000, 0.000000000000000000, 0.03125000000000004163 ) ) ;
#1010 = CARTESIAN_POINT ( 'NONE',  ( 0.1087620236791533995, 0.01350445987192654129, 0.01230569429221548515 ) ) ;
#1011 = EDGE_LOOP ( 'NONE', ( #1439, #782, #422, #1637 ) ) ;
#1012 = AXIS2_PLACEMENT_3D ( 'NONE', #81, #619, #1194 ) ;
#1013 = CARTESIAN_POINT ( 'NONE',  ( 0.1119570949196813242, -0.04493623988270376707, -0.02384528825766110346 ) ) ;
#1014 = ORIENTED_EDGE ( 'NONE', *, *, #1673, .T. ) ;
#1015 = AXIS2_PLACEMENT_3D ( 'NONE', #93, #1105, #1554 ) ;
#1016 = ORIENTED_EDGE ( 'NONE', *, *, #520, .F. ) ;
#1017 = EDGE_CURVE ( 'NONE', #1710, #1161, #1851, .T. ) ;
#1018 = CARTESIAN_POINT ( 'NONE',  ( -0.09997843422848615158, -0.05969249705512313930, 0.01972414671160702127 ) ) ;
#1019 = EDGE_LOOP ( 'NONE', ( #928, #1059, #663, #918, #1480, #1004, #1282, #1798, #1455, #644, #1503, #859, #1303 ) ) ;
#1020 = CALENDAR_DATE ( 2026, 7, 1 ) ;
#1021 = CARTESIAN_POINT ( 'NONE',  ( 0.09419067547305477739, 0.05438101183952086942, 0.01458333333333334224 ) ) ;
#1022 = CARTESIAN_POINT ( 'NONE',  ( -0.1126584124266587078, 0.02233341378685049089, 0.01785683804020461035 ) ) ;
#1023 = CARTESIAN_POINT ( 'NONE',  ( 0.1082531754730548107, -0.06249999999999996531, -0.002083333333333302947 ) ) ;
#1024 = ORIENTED_EDGE ( 'NONE', *, *, #1358, .F. ) ;
#1025 = FACE_OUTER_BOUND ( 'NONE', #1167, .T. ) ;
#1026 = CARTESIAN_POINT ( 'NONE',  ( -0.07196583554839537655, -0.08946063697383994928, -0.01811789078287738206 ) ) ;
#1027 = B_SPLINE_CURVE_WITH_KNOTS ( 'NONE', 3,
 ( #1357, #1529, #365, #66, #218, #1066 ),
 .UNSPECIFIED., .F., .F.,
 ( 4, 2, 4 ),
 ( 0.006393765649279465300, 0.007402865964462813225, 0.008411966279646160283 ),
 .UNSPECIFIED. ) ;
#1028 = ORIENTED_EDGE ( 'NONE', *, *, #1256, .F. ) ;
#1029 = DATE_TIME_ROLE ( 'creation_date' ) ;
#1030 = CARTESIAN_POINT ( 'NONE',  ( 0.07295003364870324136, -0.1263531646934131225, -0.03151041666666667962 ) ) ;
#1031 = CARTESIAN_POINT ( 'NONE',  ( -0.06249227260640004972, 0.09354381650029956752, 0.01590373233951321644 ) ) ;
#1032 = EDGE_LOOP ( 'NONE', ( #16, #1322, #1219, #1341 ) ) ;
#1033 = CARTESIAN_POINT ( 'NONE',  ( -0.1168098910143713087, -7.182715300516672880E-16, -0.02035356162754504636 ) ) ;
#1034 = VERTEX_POINT ( 'NONE', #606 ) ;
#1035 = EDGE_LOOP ( 'NONE', ( #1080, #1349, #952, #1046, #461, #441 ) ) ;
#1036 = CARTESIAN_POINT ( 'NONE',  ( -0.09419067547305483290, 0.05438101183952078616, 0.02291666666666667546 ) ) ;
#1037 = CARTESIAN_POINT ( 'NONE',  ( 0.1239416788817769149, 0.1088641974555500241, 0.02650362112875557716 ) ) ;
#1038 = ORIENTED_EDGE ( 'NONE', *, *, #1245, .T. ) ;
#1039 = CARTESIAN_POINT ( 'NONE',  ( 1.331950641673270831E-17, -0.1087620236790417250, -0.01874999999999998890 ) ) ;
#1040 = CARTESIAN_POINT ( 'NONE',  ( 0.1562500000000001110, 0.01327188067391641899, -0.03124999999999989245 ) ) ;
#1041 = CARTESIAN_POINT ( 'NONE',  ( 0.1562500000000001388, 0.09021097956087904823, -0.03124999999999997571 ) ) ;
#1042 = VERTEX_POINT ( 'NONE', #1772 ) ;
#1043 = DIRECTION ( 'NONE',  ( -1.000000000000000000, 0.000000000000000000, 0.000000000000000000 ) ) ;
#1044 = PLANE ( 'NONE',  #1075 ) ;
#1045 = AXIS2_PLACEMENT_3D ( 'NONE', #494, #317, #1640 ) ;
#1046 = ORIENTED_EDGE ( 'NONE', *, *, #1204, .F. ) ;
#1047 = DATE_AND_TIME ( #607, #1647 ) ;
#1048 = CIRCLE ( 'NONE', #1587, 0.1249999999999999861 ) ;
#1049 = CARTESIAN_POINT ( 'NONE',  ( 0.1087620236790277362, -0.001689345230836883545, 0.01230569429221548862 ) ) ;
#1050 = CARTESIAN_POINT ( 'NONE',  ( 0.07239983346554862420, 0.08116305753802807721, -0.01230569429221549729 ) ) ;
#1051 = EDGE_LOOP ( 'NONE', ( #1766, #1610, #134, #772, #1792, #24 ) ) ;
#1052 = ADVANCED_FACE ( 'NONE', ( #1631 ), #917, .T. ) ;
#1053 = CARTESIAN_POINT ( 'NONE',  ( 0.08154079541590784908, 0.08383309158885542123, 0.02020250215717036418 ) ) ;
#1054 = CARTESIAN_POINT ( 'NONE',  ( -0.09419067547305483290, 0.05438101183952078616, -0.002083333333333322462 ) ) ;
#1055 = CARTESIAN_POINT ( 'NONE',  ( 0.08959456736620743933, 0.1286945115349501789, 0.03125000000000001388 ) ) ;
#1056 = VERTEX_POINT ( 'NONE', #1211 ) ;
#1057 = CARTESIAN_POINT ( 'NONE',  ( -0.06279378364870324969, 0.1087620236790416833, -0.007291666666666637292 ) ) ;
#1058 = DIRECTION ( 'NONE',  ( -0.000000000000000000, -0.000000000000000000, 1.000000000000000000 ) ) ;
#1059 = ORIENTED_EDGE ( 'NONE', *, *, #1358, .T. ) ;
#1060 = CARTESIAN_POINT ( 'NONE',  ( -0.1562500000000000833, -0.07880950133074050845, 0.03125000000000000694 ) ) ;
#1061 = ADVANCED_FACE ( 'NONE', ( #1781 ), #1063, .T. ) ;
#1062 = CARTESIAN_POINT ( 'NONE',  ( -0.1352035170732901748, 0.1023621721441097948, -0.02377896888725926014 ) ) ;
#1063 = CYLINDRICAL_SURFACE ( 'NONE', #58, 0.1750000000000000444 ) ;
#1064 = CARTESIAN_POINT ( 'NONE',  ( -0.09419067547305476351, -0.05438101183952091106, 0.02395833333333336271 ) ) ;
#1065 = DIRECTION ( 'NONE',  ( 1.000000000000000000, 0.000000000000000000, 0.000000000000000000 ) ) ;
#1066 = CARTESIAN_POINT ( 'NONE',  ( -0.1562500000000000833, 0.07880950133074050845, 0.02042468245269456542 ) ) ;
#1067 = CARTESIAN_POINT ( 'NONE',  ( -0.07670325088200047325, 0.09131255830929867201, -0.02253426373638107993 ) ) ;
#1068 = ORIENTED_EDGE ( 'NONE', *, *, #1592, .T. ) ;
#1069 = CARTESIAN_POINT ( 'NONE',  ( 0.1166155853064909098, 1.131003161157471058E-12, -0.02015925591966465785 ) ) ;
#1070 = FACE_OUTER_BOUND ( 'NONE', #208, .T. ) ;
#1071 = CONICAL_SURFACE ( 'NONE', #1765, 0.1277063293868263283, 0.7853981633974500554 ) ;
#1072 = EDGE_CURVE ( 'NONE', #850, #216, #1301, .T. ) ;
#1073 = EDGE_LOOP ( 'NONE', ( #1608, #1362, #1789, #1530 ) ) ;
#1074 = B_SPLINE_CURVE_WITH_KNOTS ( 'NONE', 3,
 ( #1577, #563, #1160, #277, #1010, #1459 ),
 .UNSPECIFIED., .F., .F.,
 ( 4, 2, 4 ),
 ( 8.498070412710036071E-17, 0.001031323446777050691, 0.002062646893554016380 ),
 .UNSPECIFIED. ) ;
#1075 = AXIS2_PLACEMENT_3D ( 'NONE', #771, #180, #474 ) ;
#1076 = VECTOR ( 'NONE', #1757, 39.37007874015748143 ) ;
#1077 = DIRECTION ( 'NONE',  ( -1.000000000000000000, 0.000000000000000000, -0.000000000000000000 ) ) ;
#1078 = VECTOR ( 'NONE', #700, 39.37007874015748143 ) ;
#1079 = CARTESIAN_POINT ( 'NONE',  ( -0.02826497966710174101, 0.1171006532986845899, -0.02374412524077306602 ) ) ;
#1080 = ORIENTED_EDGE ( 'NONE', *, *, #1445, .F. ) ;
#1081 = DIRECTION ( 'NONE',  ( 1.000000000000000000, 0.000000000000000000, 0.000000000000000000 ) ) ;
#1082 = CARTESIAN_POINT ( 'NONE',  ( 0.09916648402206672264, 0.07343874801633377969, -0.02669139308873509295 ) ) ;
#1083 = CARTESIAN_POINT ( 'NONE',  ( 0.1249999999999999861, 1.601242264446392367E-17, -0.003124999999999997138 ) ) ;
#1084 = CARTESIAN_POINT ( 'NONE',  ( 0.1463760302120047929, -0.09591171867594840139, 0.02042468245269456889 ) ) ;
#1085 = ORIENTED_EDGE ( 'NONE', *, *, #524, .F. ) ;
#1086 = CARTESIAN_POINT ( 'NONE',  ( 0.1087620236790417111, -8.995047045196083808E-13, 0.01230569429221548688 ) ) ;
#1087 = ADVANCED_FACE ( 'NONE', ( #526 ), #1136, .T. ) ;
#1088 = LINE ( 'NONE', #791, #861 ) ;
#1089 = ORIENTED_EDGE ( 'NONE', *, *, #524, .T. ) ;
#1090 = CARTESIAN_POINT ( 'NONE',  ( -0.1277063293868263283, -1.563951475144344211E-17, -0.03125000000000004163 ) ) ;
#1091 = CARTESIAN_POINT ( 'NONE',  ( 1.530808498934191201E-17, -0.1249999999999999861, -0.009374999999999990979 ) ) ;
#1092 = ORIENTED_EDGE ( 'NONE', *, *, #1489, .T. ) ;
#1093 = CARTESIAN_POINT ( 'NONE',  ( -0.1094250504730547718, -0.06317658234670663064, 0.01380208333333337971 ) ) ;
#1094 = APPLICATION_CONTEXT ( 'configuration controlled 3d designs of mechanical parts and assemblies' ) ;
#1095 = DIRECTION ( 'NONE',  ( 0.000000000000000000, 0.000000000000000000, -1.000000000000000000 ) ) ;
#1096 = ADVANCED_FACE ( 'NONE', ( #1674 ), #1104, .F. ) ;
#1097 = CARTESIAN_POINT ( 'NONE',  ( -0.06279378364870324969, 0.1087620236790416833, -0.02916666666666665672 ) ) ;
#1098 = DIRECTION ( 'NONE',  ( 0.000000000000000000, 0.000000000000000000, -1.000000000000000000 ) ) ;
#1099 = CARTESIAN_POINT ( 'NONE',  ( 0.1249999999999999861, 1.601242264446392367E-17, -0.003124999999999997138 ) ) ;
#1100 = CARTESIAN_POINT ( 'NONE',  ( 1.547379987039267552E-17, -0.1263531646934131503, -0.05703124999999995698 ) ) ;
#1101 = CIRCLE ( 'NONE', #348, 0.1750000000000000444 ) ;
#1102 = CARTESIAN_POINT ( 'NONE',  ( 0.1459000672974063995, 8.933802520557606297E-18, 0.04765624999999999029 ) ) ;
#1103 = CARTESIAN_POINT ( 'NONE',  ( -0.09419067547305476351, -0.05438101183952091106, -0.02291666666666665811 ) ) ;
#1104 = CONICAL_SURFACE ( 'NONE', #88, 0.1277063293868263283, 0.7853981633974500554 ) ;
#1105 = DIRECTION ( 'NONE',  ( -0.000000000000000000, -0.000000000000000000, 1.000000000000000000 ) ) ;
#1106 = EDGE_CURVE ( 'NONE', #793, #788, #1659, .T. ) ;
#1107 = CARTESIAN_POINT ( 'NONE',  ( -0.1562500000000000833, -0.07880950133074092478, 0.02042468245269488461 ) ) ;
#1108 = CARTESIAN_POINT ( 'NONE',  ( 0.004191970579371515765, -0.1129255265261548680, -0.01630445094737907261 ) ) ;
#1109 = DIMENSIONAL_EXPONENTS ( 1.000000000000000000, 0.000000000000000000, 0.000000000000000000, 0.000000000000000000, 0.000000000000000000, 0.000000000000000000, 0.000000000000000000 ) ;
#1110 = ORIENTED_EDGE ( 'NONE', *, *, #520, .T. ) ;
#1111 = LINE ( 'NONE', #980, #1823 ) ;
#1112 = CARTESIAN_POINT ( 'NONE',  ( 0.009873969787995054426, 0.1747212200066888821, 0.02042468245269456542 ) ) ;
#1113 = CARTESIAN_POINT ( 'NONE',  ( 0.09419067547305479127, -0.05438101183952083473, -0.03958333333333333148 ) ) ;
#1114 = DIRECTION ( 'NONE',  ( -0.000000000000000000, -0.000000000000000000, 1.000000000000000000 ) ) ;
#1115 = B_SPLINE_CURVE_WITH_KNOTS ( 'NONE', 3,
 ( #1086, #1049, #496, #617 ),
 .UNSPECIFIED., .F., .F.,
 ( 4, 4 ),
 ( 0.002062646893554016380, 0.002191660668391546760 ),
 .UNSPECIFIED. ) ;
#1116 = CARTESIAN_POINT ( 'NONE',  ( 0.05657252944704702080, 0.1083562194986538579, -0.02552463932895657206 ) ) ;
#1117 = DIRECTION ( 'NONE',  ( -0.000000000000000000, -0.000000000000000000, 1.000000000000000000 ) ) ;
#1118 = B_SPLINE_CURVE_WITH_KNOTS ( 'NONE', 3,
 ( #572, #261, #10, #1697 ),
 .UNSPECIFIED., .F., .F.,
 ( 4, 4 ),
 ( 7.864008071397889873E-07, 0.002020630577825362467 ),
 .UNSPECIFIED. ) ;
#1119 = CARTESIAN_POINT ( 'NONE',  ( 0.1094250504730547857, 0.06317658234670658901, -0.04869791666666661856 ) ) ;
#1120 =( BOUNDED_CURVE ( )  B_SPLINE_CURVE ( 2, ( #1853, #1706, #562, #1, #419, #542, #426, #1726, #1124 ),
 .UNSPECIFIED., .F., .T. ) 
 B_SPLINE_CURVE_WITH_KNOTS ( ( 3, 2, 2, 2, 3 ),
 ( 0.4375000000000000000, 0.4583333333333333148, 0.5000000000000000000, 0.5416666666666667407, 0.5625000000000000000 ),
 .UNSPECIFIED. ) 
 CURVE ( )  GEOMETRIC_REPRESENTATION_ITEM ( )  RATIONAL_B_SPLINE_CURVE ( ( 0.9330127018922192983, 0.9330127018922192983, 1.000000000000000000, 0.8660254037844385966, 1.000000000000000000, 0.8660254037844385966, 1.000000000000000000, 0.9330127018922192983, 0.9330127018922192983 ) ) 
 REPRESENTATION_ITEM ( '' )  );
#1121 = CARTESIAN_POINT ( 'NONE',  ( 0.1028592743691401634, 0.07030769409534798342, 0.02779244582715814649 ) ) ;
#1122 = CARTESIAN_POINT ( 'NONE',  ( -0.07295003364870325524, 0.1263531646934131225, 0.03098958333333332385 ) ) ;
#1123 = ORIENTED_EDGE ( 'NONE', *, *, #1580, .F. ) ;
#1124 = CARTESIAN_POINT ( 'NONE',  ( 0.1249999999999999861, 1.601242264446392367E-17, 0.02187500000000000555 ) ) ;
#1125 = CARTESIAN_POINT ( 'NONE',  ( 1.331950641673270831E-17, -0.1087620236790417250, -0.02187499999999997086 ) ) ;
#1126 = CARTESIAN_POINT ( 'NONE',  ( -0.1463760302120048484, 0.09591171867594827649, 0.02042468245269456889 ) ) ;
#1127 = APPROVAL_PERSON_ORGANIZATION ( #1234, #343, #789 ) ;
#1128 = CARTESIAN_POINT ( 'NONE',  ( 0.1088852085616585225, 7.512891455445520145E-13, -0.01242887917483233642 ) ) ;
#1129 = ADVANCED_FACE ( 'NONE', ( #946 ), #1510, .F. ) ;
#1130 = FACE_OUTER_BOUND ( 'NONE', #1329, .T. ) ;
#1131 = CARTESIAN_POINT ( 'NONE',  ( 0.1562500000000001388, -0.05276207356931885556, -0.02652998678314220579 ) ) ;
#1132 = CARTESIAN_POINT ( 'NONE',  ( 0.000000000000000000, 0.1249999999999999861, 0.006250000000000028970 ) ) ;
#1133 = CARTESIAN_POINT ( 'NONE',  ( 0.06279378364870322193, -0.1087620236790417111, -0.01979166666666664146 ) ) ;
#1134 = AXIS2_PLACEMENT_3D ( 'NONE', #1246, #382, #970 ) ;
#1135 = ORIENTED_EDGE ( 'NONE', *, *, #1445, .T. ) ;
#1136 = CONICAL_SURFACE ( 'NONE', #470, 0.1562500000000000000, 1.047197551196598742 ) ;
#1137 = CARTESIAN_POINT ( 'NONE',  ( 0.1255875672974063884, 7.690020615173576524E-18, 0.009375000000000025674 ) ) ;
#1138 = ORIENTED_EDGE ( 'NONE', *, *, #712, .F. ) ;
#1139 = CARTESIAN_POINT ( 'NONE',  ( -0.1150070756958024576, -0.007753109494983522268, 0.01855074630897618135 ) ) ;
#1140 = CARTESIAN_POINT ( 'NONE',  ( 0.1069070117167440215, 0.03830168304966077159, -0.01682968248849969067 ) ) ;
#1141 = CARTESIAN_POINT ( 'NONE',  ( -0.07295003364870314422, -0.1263531646934131780, -0.01067708333333334744 ) ) ;
#1142 = EDGE_CURVE ( 'NONE', #1443, #1465, #244, .T. ) ;
#1143 = CARTESIAN_POINT ( 'NONE',  ( 0.1249999999999999861, 1.601242264446392367E-17, 3.123852096263720519E-17 ) ) ;
#1144 = ORIENTED_EDGE ( 'NONE', *, *, #1664, .T. ) ;
#1145 = CARTESIAN_POINT ( 'NONE',  ( -0.1562500000000000833, 0.01327188067391647623, -0.03124999999999993408 ) ) ;
#1146 = ORIENTED_EDGE ( 'NONE', *, *, #1340, .T. ) ;
#1147 = CARTESIAN_POINT ( 'NONE',  ( -0.09135458490185720259, -0.07271731694915621602, 0.02004470012741321056 ) ) ;
#1148 = ORIENTED_EDGE ( 'NONE', *, *, #795, .F. ) ;
#1149 = CARTESIAN_POINT ( 'NONE',  ( -0.07812499999999993061, -0.1353164693413185515, 0.03125000000000004163 ) ) ;
#1150 = CARTESIAN_POINT ( 'NONE',  ( -0.09419067547305483290, 0.05438101183952078616, -0.02708333333333332732 ) ) ;
#1151 = CARTESIAN_POINT ( 'NONE',  ( 0.1463760302120048207, -0.09591171867594834588, -0.02042468245269449950 ) ) ;
#1152 = CARTESIAN_POINT ( 'NONE',  ( 0.1562500000000001388, 0.000000000000000000, -0.03124999999999997571 ) ) ;
#1153 = ORIENTED_EDGE ( 'NONE', *, *, #852, .F. ) ;
#1154 = EDGE_CURVE ( 'NONE', #1374, #341, #407, .T. ) ;
#1155 = CARTESIAN_POINT ( 'NONE',  ( 0.000000000000000000, 0.000000000000000000, 0.02042468245269455848 ) ) ;
#1156 = CARTESIAN_POINT ( 'NONE',  ( -0.009873969787995085651, -0.1747212200066888821, 0.02042468245269455848 ) ) ;
#1157 = CARTESIAN_POINT ( 'NONE',  ( -0.1144068838007006039, -0.01547901645191426812, 0.01872764487290923263 ) ) ;
#1158 = VERTEX_POINT ( 'NONE', #1830 ) ;
#1159 = CARTESIAN_POINT ( 'NONE',  ( 0.1094250504730547996, -0.06317658234670654738, -0.02942708333333335022 ) ) ;
#1160 = CARTESIAN_POINT ( 'NONE',  ( 0.09635905178621505252, 0.05222045036150640279, 0.01230569429221551464 ) ) ;
#1161 = VERTEX_POINT ( 'NONE', #1232 ) ;
#1162 = AXIS2_PLACEMENT_3D ( 'NONE', #487, #1606, #1193 ) ;
#1163 = AXIS2_PLACEMENT_3D ( 'NONE', #666, #90, #1243 ) ;
#1164 = CARTESIAN_POINT ( 'NONE',  ( -0.1250000000000000278, 0.03349364905389026759, -0.01361645496846298174 ) ) ;
#1165 = EDGE_CURVE ( 'NONE', #1206, #1378, #174, .T. ) ;
#1166 = ORIENTED_EDGE ( 'NONE', *, *, #262, .F. ) ;
#1167 = EDGE_LOOP ( 'NONE', ( #899, #1092, #1656, #366 ) ) ;
#1168 = CARTESIAN_POINT ( 'NONE',  ( -0.05648238223895954424, -0.1033629383446524469, 0.02107638364343919490 ) ) ;
#1169 = ORIENTED_EDGE ( 'NONE', *, *, #1614, .F. ) ;
#1170 = CARTESIAN_POINT ( 'NONE',  ( 1.331950641673270831E-17, -0.1087620236790417250, 0.03125000000000000694 ) ) ;
#1171 = CARTESIAN_POINT ( 'NONE',  ( -0.07587092281198631882, 0.08358593341501507901, 0.01629123886218832376 ) ) ;
#1172 = FACE_OUTER_BOUND ( 'NONE', #1223, .T. ) ;
#1173 = ORIENTED_EDGE ( 'NONE', *, *, #443, .T. ) ;
#1174 = DIRECTION ( 'NONE',  ( -0.000000000000000000, -0.000000000000000000, 1.000000000000000000 ) ) ;
#1175 = ORIENTED_EDGE ( 'NONE', *, *, #1289, .T. ) ;
#1176 = CARTESIAN_POINT ( 'NONE',  ( 0.07812499999999995837, 0.1353164693413186070, -0.03124999999999997571 ) ) ;
#1177 = CARTESIAN_POINT ( 'NONE',  ( 0.1255875672974063606, 7.690020615173576524E-18, 0.03750000000000001249 ) ) ;
#1178 = CARTESIAN_POINT ( 'NONE',  ( -0.1082531754730548523, 0.06249999999999989592, -0.01770833333333333287 ) ) ;
#1179 = PERSON_AND_ORGANIZATION ( #600, #355 ) ;
#1180 = CARTESIAN_POINT ( 'NONE',  ( 0.09419067547305479127, -0.05438101183952083473, 0.01041666666666667650 ) ) ;
#1181 = CARTESIAN_POINT ( 'NONE',  ( -0.02115635442375002340, 0.1098670346099483996, 0.01486257844843557815 ) ) ;
#1182 = CARTESIAN_POINT ( 'NONE',  ( -0.06279378364870315254, -0.1087620236790417388, 0.004166666666666678752 ) ) ;
#1183 =( BOUNDED_SURFACE ( )  B_SPLINE_SURFACE ( 1, 2, ( 
 ( #605, #513, #1487, #1177, #179, #621, #453, #763, #1463, #334, #1036, #896, #473, #1338, #754, #1495, #1198, #197, #612, #884, #1759, #50, #1054, #1210, #1779, #344, #924, #1508, #1360, #206, #780, #984, #1103, #811, #1418, #1097, #1826, #1562, #412, #1410, #1113, #263, #116 ),
 ( #531, #131, #1428, #1689, #1272, #1553, #1843, #1680, #123, #390, #977, #822, #1671, #703, #695, #249, #235, #1399, #678, #832, #687, #1264, #1835, #1699, #1817, #1392, #554, #543, #844, #1133, #1125, #669, #1707, #400, #521, #992, #1546, #1570, #107, #269, #849, #1280, #1854 ) ),
 .UNSPECIFIED., .F., .F., .T. ) 
 B_SPLINE_SURFACE_WITH_KNOTS ( ( 2, 2 ),
 ( 3, 2, 2, 2, 2, 2, 2, 2, 2, 2, 2, 2, 2, 2, 2, 2, 2, 2, 2, 2, 2, 3 ),
 ( 0.000000000000000000, 1.000000000000000000 ),
 ( 0.000000000000000000, 0.04166666666666666435, 0.08333333333333332871, 0.1250000000000000000, 0.1666666666666666574, 0.2083333333333333426, 0.2500000000000000000, 0.2916666666666666852, 0.3333333333333333148, 0.3750000000000000000, 0.4166666666666666852, 0.4583333333333333148, 0.5000000000000000000, 0.5416666666666666297, 0.5833333333333333703, 0.6250000000000000000, 0.6666666666666666297, 0.7083333333333333703, 0.7500000000000000000, 0.7916666666666666297, 0.8333333333333333703, 0.8750000000000000000 ),
 .UNSPECIFIED. ) 
 GEOMETRIC_REPRESENTATION_ITEM ( )  RATIONAL_B_SPLINE_SURFACE ( (
 ( 1.000000000000000000, 0.8660254037844387076, 1.000000000000000000, 0.8660254037844387076, 1.000000000000000000, 0.8660254037844387076, 1.000000000000000000, 0.8660254037844387076, 1.000000000000000000, 0.8660254037844387076, 1.000000000000000000, 0.8660254037844387076, 1.000000000000000000, 0.8660254037844387076, 1.000000000000000000, 0.8660254037844387076, 1.000000000000000000, 0.8660254037844387076, 1.000000000000000000, 0.8660254037844387076, 1.000000000000000000, 0.8660254037844387076, 1.000000000000000000, 0.8660254037844387076, 1.000000000000000000, 0.8660254037844387076, 1.000000000000000000, 0.8660254037844387076, 1.000000000000000000, 0.8660254037844387076, 1.000000000000000000, 0.8660254037844387076, 1.000000000000000000, 0.8660254037844387076, 1.000000000000000000, 0.8660254037844387076, 1.000000000000000000, 0.8660254037844387076, 1.000000000000000000, 0.8660254037844387076, 1.000000000000000000, 0.8660254037844387076, 1.000000000000000000),
 ( 1.000000000000000000, 0.8660254037844387076, 1.000000000000000000, 0.8660254037844387076, 1.000000000000000000, 0.8660254037844387076, 1.000000000000000000, 0.8660254037844387076, 1.000000000000000000, 0.8660254037844387076, 1.000000000000000000, 0.8660254037844387076, 1.000000000000000000, 0.8660254037844387076, 1.000000000000000000, 0.8660254037844387076, 1.000000000000000000, 0.8660254037844387076, 1.000000000000000000, 0.8660254037844387076, 1.000000000000000000, 0.8660254037844387076, 1.000000000000000000, 0.8660254037844387076, 1.000000000000000000, 0.8660254037844387076, 1.000000000000000000, 0.8660254037844387076, 1.000000000000000000, 0.8660254037844387076, 1.000000000000000000, 0.8660254037844387076, 1.000000000000000000, 0.8660254037844387076, 1.000000000000000000, 0.8660254037844387076, 1.000000000000000000, 0.8660254037844387076, 1.000000000000000000, 0.8660254037844387076, 1.000000000000000000, 0.8660254037844387076, 1.000000000000000000) ) ) 
 REPRESENTATION_ITEM ( '' )  SURFACE ( )  );
#1184 = CARTESIAN_POINT ( 'NONE',  ( 0.1099644161505267531, 0.008227940848955124509, 0.01350808676370052717 ) ) ;
#1185 = B_SPLINE_CURVE_WITH_KNOTS ( 'NONE', 3,
 ( #1084, #665, #394, #94 ),
 .UNSPECIFIED., .F., .F.,
 ( 4, 4 ),
 ( 7.864008071456621020E-07, 0.002020630577825362467 ),
 .UNSPECIFIED. ) ;
#1186 = CYLINDRICAL_SURFACE ( 'NONE', #1471, 0.1750000000000000444 ) ;
#1187 = CARTESIAN_POINT ( 'NONE',  ( 0.000000000000000000, 0.1562500000000000000, 0.03125000000000004163 ) ) ;
#1188 = CARTESIAN_POINT ( 'NONE',  ( -0.1012202691965923690, -0.1219824094536591380, -0.03124999999999995143 ) ) ;
#1189 = ORIENTED_EDGE ( 'NONE', *, *, #915, .F. ) ;
#1190 = COORDINATED_UNIVERSAL_TIME_OFFSET ( 6, 0, .BEHIND. ) ;
#1191 = DIRECTION ( 'NONE',  ( 1.000000000000000000, 0.000000000000000000, 0.000000000000000000 ) ) ;
#1192 = ADVANCED_FACE ( 'NONE', ( #978 ), #797, .T. ) ;
#1193 = DIRECTION ( 'NONE',  ( -1.000000000000000000, 0.000000000000000000, 0.000000000000000000 ) ) ;
#1194 = DIRECTION ( 'NONE',  ( 1.000000000000000000, 0.000000000000000000, 0.000000000000000000 ) ) ;
#1195 = ORIENTED_EDGE ( 'NONE', *, *, #1753, .F. ) ;
#1196 = CARTESIAN_POINT ( 'NONE',  ( 0.1097715746652556529, 0.01642712714956496428, 0.01423303635831345455 ) ) ;
#1197 = VECTOR ( 'NONE', #1330, 39.37007874015748143 ) ;
#1198 = CARTESIAN_POINT ( 'NONE',  ( 0.09419067547305479127, -0.05438101183952083473, 0.01041666666666667650 ) ) ;
#1199 = CARTESIAN_POINT ( 'NONE',  ( -0.07812500000000004163, 0.1353164693413185238, 0.03125000000000004163 ) ) ;
#1200 = CIRCLE ( 'NONE', #1585, 0.1750000000000000444 ) ;
#1201 = ORIENTED_EDGE ( 'NONE', *, *, #105, .F. ) ;
#1202 = CIRCLE ( 'NONE', #1650, 0.1562500000000000000 ) ;
#1203 = CARTESIAN_POINT ( 'NONE',  ( 0.09419067547305477739, 0.05438101183952086942, -0.03854166666666663382 ) ) ;
#1204 = EDGE_CURVE ( 'NONE', #509, #421, #1476, .T. ) ;
#1205 = DIRECTION ( 'NONE',  ( -0.000000000000000000, 0.000000000000000000, 1.000000000000000000 ) ) ;
#1206 = VERTEX_POINT ( 'NONE', #1548 ) ;
#1207 = CARTESIAN_POINT ( 'NONE',  ( 0.002581308444332700448, 0.1240880228811070407, 0.02738769343776606066 ) ) ;
#1208 = CARTESIAN_POINT ( 'NONE',  ( 0.08285104983025715075, 0.09079717458418461173, -0.02620441670033338971 ) ) ;
#1209 = DIRECTION ( 'NONE',  ( -0.000000000000000000, -0.000000000000000000, 1.000000000000000000 ) ) ;
#1210 = CARTESIAN_POINT ( 'NONE',  ( -0.06279378364870324969, 0.1087620236790416833, -0.004166666666666653598 ) ) ;
#1211 = CARTESIAN_POINT ( 'NONE',  ( -0.1250000000000000000, -5.261224583181003272E-17, 0.009375000000000004857 ) ) ;
#1212 = VERTEX_POINT ( 'NONE', #955 ) ;
#1213 = CARTESIAN_POINT ( 'NONE',  ( 0.1255875672974063606, 7.690020615173576524E-18, -0.04062499999999997363 ) ) ;
#1214 = LINE ( 'NONE', #1627, #625 ) ;
#1215 = ORIENTED_EDGE ( 'NONE', *, *, #493, .F. ) ;
#1216 = CARTESIAN_POINT ( 'NONE',  ( -0.01404609957758986075, 0.1242083213261350599, 0.02854367061317370641 ) ) ;
#1217 = ADVANCED_FACE ( 'NONE', ( #1401 ), #109, .F. ) ;
#1218 = CARTESIAN_POINT ( 'NONE',  ( 1.290449483549148114E-16, -0.1804219591217581520, -0.03124999999999997571 ) ) ;
#1219 = ORIENTED_EDGE ( 'NONE', *, *, #1740, .F. ) ;
#1220 = CARTESIAN_POINT ( 'NONE',  ( 1.547379987039267552E-17, -0.1263531646934131503, 0.01796875000000004372 ) ) ;
#1221 = CARTESIAN_POINT ( 'NONE',  ( 0.000000000000000000, 0.000000000000000000, -0.02042468245269449256 ) ) ;
#1222 = CARTESIAN_POINT ( 'NONE',  ( -0.1562500000000000833, -0.07880950133074050845, -0.02042468245269449950 ) ) ;
#1223 = EDGE_LOOP ( 'NONE', ( #439, #568, #1518, #965 ) ) ;
#1224 = DIRECTION ( 'NONE',  ( 1.000000000000000000, 0.000000000000000000, 0.000000000000000000 ) ) ;
#1225 = EDGE_CURVE ( 'NONE', #1158, #1660, #1185, .T. ) ;
#1226 = CARTESIAN_POINT ( 'NONE',  ( 0.000000000000000000, 0.000000000000000000, 0.03125000000000004163 ) ) ;
#1227 = ORIENTED_EDGE ( 'NONE', *, *, #1816, .F. ) ;
#1228 = CARTESIAN_POINT ( 'NONE',  ( 0.000000000000000000, 0.1087620236790417250, -0.03437499999999997502 ) ) ;
#1229 = VECTOR ( 'NONE', #463, 39.37007874015748854 ) ;
#1230 = DIRECTION ( 'NONE',  ( -0.000000000000000000, -0.000000000000000000, 1.000000000000000000 ) ) ;
#1231 = LINE ( 'NONE', #1547, #803 ) ;
#1232 = CARTESIAN_POINT ( 'NONE',  ( -0.009873969787995229633, 0.1747212200066888543, 0.02042468245269457583 ) ) ;
#1233 = ORIENTED_EDGE ( 'NONE', *, *, #220, .F. ) ;
#1234 = PERSON_AND_ORGANIZATION ( #600, #355 ) ;
#1235 = CARTESIAN_POINT ( 'NONE',  ( 0.07295003364870324136, -0.1263531646934131225, -0.004947916666666623067 ) ) ;
#1236 = CARTESIAN_POINT ( 'NONE',  ( 0.000000000000000000, 0.1263531646934131503, 0.02890624999999999098 ) ) ;
#1237 = ORIENTED_EDGE ( 'NONE', *, *, #1838, .F. ) ;
#1238 = FACE_OUTER_BOUND ( 'NONE', #294, .T. ) ;
#1239 = CARTESIAN_POINT ( 'NONE',  ( 0.000000000000000000, 0.000000000000000000, 0.03125000000000000694 ) ) ;
#1240 = ORIENTED_EDGE ( 'NONE', *, *, #238, .T. ) ;
#1241 = CARTESIAN_POINT ( 'NONE',  ( -0.1250000000000000000, -5.261224583181003888E-17, -0.01562499999999999827 ) ) ;
#1242 = COORDINATED_UNIVERSAL_TIME_OFFSET ( 6, 0, .BEHIND. ) ;
#1243 = DIRECTION ( 'NONE',  ( 1.000000000000000000, 0.000000000000000000, 0.000000000000000000 ) ) ;
#1244 = CARTESIAN_POINT ( 'NONE',  ( 0.1562500000000001388, -0.01327819994384477065, -0.03124999999999989245 ) ) ;
#1245 = EDGE_CURVE ( 'NONE', #1717, #1844, #413, .T. ) ;
#1246 = CARTESIAN_POINT ( 'NONE',  ( 0.000000000000000000, 0.000000000000000000, 0.02042468245269455848 ) ) ;
#1247 = DIRECTION ( 'NONE',  ( 1.000000000000000000, 0.000000000000000000, 0.000000000000000000 ) ) ;
#1248 = CARTESIAN_POINT ( 'NONE',  ( 0.01100596388240431510, 0.1207382232770607550, -0.02452687681138701267 ) ) ;
#1249 = DIRECTION ( 'NONE',  ( 1.000000000000000000, 0.000000000000000000, 0.000000000000000000 ) ) ;
#1250 = CARTESIAN_POINT ( 'NONE',  ( 0.03316395961281506238, -0.1073565566405528526, -0.01565873517315678753 ) ) ;
#1251 = AXIS2_PLACEMENT_3D ( 'NONE', #142, #715, #1290 ) ;
#1252 = CARTESIAN_POINT ( 'NONE',  ( 0.1227534028538923155, 3.605082583953591123E-15, 0.02629707346706604970 ) ) ;
#1253 = AXIS2_PLACEMENT_3D ( 'NONE', #1390, #248, #675 ) ;
#1254 = CARTESIAN_POINT ( 'NONE',  ( -0.1094250504730547718, -0.06317658234670663064, 0.01223958333333332107 ) ) ;
#1255 = VECTOR ( 'NONE', #1525, 39.37007874015748854 ) ;
#1256 = EDGE_CURVE ( 'NONE', #1635, #1042, #1561, .T. ) ;
#1257 = DIRECTION ( 'NONE',  ( 0.000000000000000000, 0.000000000000000000, 1.000000000000000000 ) ) ;
#1258 = FACE_OUTER_BOUND ( 'NONE', #327, .T. ) ;
#1259 = CARTESIAN_POINT ( 'NONE',  ( -0.1249999999999999584, -0.03349364905389037167, -0.01450854503153698252 ) ) ;
#1260 = CARTESIAN_POINT ( 'NONE',  ( -0.1094250504730547718, -0.06317658234670663064, -0.01119791666666662515 ) ) ;
#1261 = CYLINDRICAL_SURFACE ( 'NONE', #597, 0.1750000000000000444 ) ;
#1262 = CARTESIAN_POINT ( 'NONE',  ( 0.1562500000000001388, 0.000000000000000000, -0.03124999999999997571 ) ) ;
#1263 = CARTESIAN_POINT ( 'NONE',  ( 0.000000000000000000, 0.000000000000000000, -0.02042468245269449256 ) ) ;
#1264 = CARTESIAN_POINT ( 'NONE',  ( -0.1255875672974063606, -2.307006184552072649E-17, -0.003124999999999975454 ) ) ;
#1265 = FACE_OUTER_BOUND ( 'NONE', #175, .T. ) ;
#1266 = CARTESIAN_POINT ( 'NONE',  ( 0.1249999999999999584, 0.03349364905389034391, 0.02299145496846301262 ) ) ;
#1267 = EDGE_CURVE ( 'NONE', #1158, #1750, #986, .T. ) ;
#1268 = CARTESIAN_POINT ( 'NONE',  ( -0.07295003364870314422, -0.1263531646934131780, -0.03411458333333329540 ) ) ;
#1269 = CARTESIAN_POINT ( 'NONE',  ( 1.530808498934191201E-17, -0.1249999999999999861, 0.01875000000000003053 ) ) ;
#1270 = CARTESIAN_POINT ( 'NONE',  ( -0.1459000672974063995, -2.680140756167282351E-17, 0.03515624999999999306 ) ) ;
#1271 = CARTESIAN_POINT ( 'NONE',  ( 0.07216878364870321638, 0.1249999999999999861, 0.004166666666666699569 ) ) ;
#1272 = CARTESIAN_POINT ( 'NONE',  ( 0.09419067547305479127, -0.05438101183952083473, 0.03229166666666669766 ) ) ;
#1273 = ORIENTED_EDGE ( 'NONE', *, *, #637, .F. ) ;
#1274 = CARTESIAN_POINT ( 'NONE',  ( -0.1239250646429879837, 0.1088737896907872038, 0.02716506112274348281 ) ) ;
#1275 = EDGE_CURVE ( 'NONE', #717, #509, #147, .T. ) ;
#1276 = CARTESIAN_POINT ( 'NONE',  ( -0.04964944774870417438, -0.1070072930916429604, 0.02124997969355241559 ) ) ;
#1277 = CARTESIAN_POINT ( 'NONE',  ( -0.1250000000000000000, -0.03349364905389033698, 0.01361645496846304072 ) ) ;
#1278 = CARTESIAN_POINT ( 'NONE',  ( 1.547379987039267552E-17, -0.1263531646934131503, -0.03359375000000001249 ) ) ;
#1279 = CARTESIAN_POINT ( 'NONE',  ( 0.1249999999999999584, 0.03349364905389034391, 0.001116454968463042414 ) ) ;
#1280 = CARTESIAN_POINT ( 'NONE',  ( 0.06279378364870322193, -0.1087620236790417111, -0.04479166666666663937 ) ) ;
#1281 = CIRCLE ( 'NONE', #834, 0.1277063293868263283 ) ;
#1282 = ORIENTED_EDGE ( 'NONE', *, *, #915, .T. ) ;
#1283 = AXIS2_PLACEMENT_3D ( 'NONE', #1636, #638, #492 ) ;
#1284 = CARTESIAN_POINT ( 'NONE',  ( 0.07798334005348854514, -0.09769134390563188886, -0.02854367061311961426 ) ) ;
#1285 = VERTEX_POINT ( 'NONE', #705 ) ;
#1286 = CARTESIAN_POINT ( 'NONE',  ( 0.1243673728350689345, -0.01256011839527265868, -0.02854367061317501786 ) ) ;
#1287 = CARTESIAN_POINT ( 'NONE',  ( 0.09160887690545584106, 0.08498210097428532395, 0.02815787439150197261 ) ) ;
#1288 = CARTESIAN_POINT ( 'NONE',  ( 1.331950641673270831E-17, -0.1087620236790417250, -0.04374999999999999722 ) ) ;
#1289 = EDGE_CURVE ( 'NONE', #1374, #1452, #482, .T. ) ;
#1290 = DIRECTION ( 'NONE',  ( 1.000000000000000000, 0.000000000000000000, 0.000000000000000000 ) ) ;
#1291 = CARTESIAN_POINT ( 'NONE',  ( 0.1562500000000001388, 0.02671750327012531456, -0.03023810221762501457 ) ) ;
#1292 = VERTEX_POINT ( 'NONE', #873 ) ;
#1293 = CARTESIAN_POINT ( 'NONE',  ( -0.1562500000000000833, 0.07880950133074050845, -0.02042468245269449950 ) ) ;
#1294 = B_SPLINE_CURVE_WITH_KNOTS ( 'NONE', 3,
 ( #1786, #489, #926, #168, #484, #1751 ),
 .UNSPECIFIED., .F., .F.,
 ( 4, 2, 4 ),
 ( 0.002020630577825362467, 0.003023725136297554517, 0.004026819694769747000 ),
 .UNSPECIFIED. ) ;
#1295 = EDGE_LOOP ( 'NONE', ( #599, #709, #1732, #1453 ) ) ;
#1296 = CARTESIAN_POINT ( 'NONE',  ( -0.1011564086765726900, -0.05629668659705135136, -0.01907165983701623879 ) ) ;
#1297 = LENGTH_MEASURE_WITH_UNIT ( LENGTH_MEASURE( 0.02539999999999999897 ), #1323 );
#1298 = CARTESIAN_POINT ( 'NONE',  ( -0.09419067547305483290, 0.05438101183952078616, -0.002083333333333322462 ) ) ;
#1299 = CARTESIAN_POINT ( 'NONE',  ( 0.1082531754730548107, 0.06250000000000001388, 0.002083333333333363228 ) ) ;
#1300 = EDGE_CURVE ( 'NONE', #1747, #281, #1569, .T. ) ;
#1301 =( BOUNDED_CURVE ( )  B_SPLINE_CURVE ( 2, ( #1241, #1259, #231, #1691, #1091, #1667, #363, #1533, #1099 ),
 .UNSPECIFIED., .F., .F. ) 
 B_SPLINE_CURVE_WITH_KNOTS ( ( 3, 2, 2, 2, 3 ),
 ( 0.1875000000000000000, 0.2083333333333333703, 0.2500000000000000000, 0.2916666666666666297, 0.3125000000000000000 ),
 .UNSPECIFIED. ) 
 CURVE ( )  GEOMETRIC_REPRESENTATION_ITEM ( )  RATIONAL_B_SPLINE_CURVE ( ( 0.9330127018922192983, 0.9330127018922192983, 1.000000000000000000, 0.8660254037844385966, 1.000000000000000000, 0.8660254037844385966, 1.000000000000000000, 0.9330127018922192983, 0.9330127018922192983 ) ) 
 REPRESENTATION_ITEM ( '' )  );
#1302 = CARTESIAN_POINT ( 'NONE',  ( 0.1249999999999999584, -0.03349364905389031616, -0.001116454968462979747 ) ) ;
#1303 = ORIENTED_EDGE ( 'NONE', *, *, #1409, .F. ) ;
#1304 = CARTESIAN_POINT ( 'NONE',  ( 0.000000000000000000, 0.1087620236790417250, -0.009374999999999977102 ) ) ;
#1305 = EDGE_LOOP ( 'NONE', ( #293, #158, #1720, #1201 ) ) ;
#1306 = EDGE_LOOP ( 'NONE', ( #165, #615, #185, #649 ) ) ;
#1307 = CARTESIAN_POINT ( 'NONE',  ( 0.000000000000000000, 0.000000000000000000, -0.03125000000000004163 ) ) ;
#1308 = EDGE_LOOP ( 'NONE', ( #369, #89, #1708, #314 ) ) ;
#1309 = DIRECTION ( 'NONE',  ( -0.000000000000000000, -0.000000000000000000, 1.000000000000000000 ) ) ;
#1310 = CARTESIAN_POINT ( 'NONE',  ( -0.1094250504730548551, 0.06317658234670647799, -0.01692708333333334605 ) ) ;
#1311 = CARTESIAN_POINT ( 'NONE',  ( 0.1117248856029450094, 0.05344303954253646488, -0.02713619993897506757 ) ) ;
#1312 = DIRECTION ( 'NONE',  ( 1.000000000000000000, 0.000000000000000000, 0.000000000000000000 ) ) ;
#1313 = ORIENTED_EDGE ( 'NONE', *, *, #805, .F. ) ;
#1314 = AXIS2_PLACEMENT_3D ( 'NONE', #374, #962, #1538 ) ;
#1315 = DIRECTION ( 'NONE',  ( 0.000000000000000000, 0.000000000000000000, -1.000000000000000000 ) ) ;
#1316 = B_SPLINE_CURVE_WITH_KNOTS ( 'NONE', 3,
 ( #997, #684, #1287, #1121, #569, #240, #820, #1397, #674, #1252 ),
 .UNSPECIFIED., .F., .F.,
 ( 4, 2, 2, 2, 4 ),
 ( 0.001656103097556177678, 0.002357963541088641587, 0.003059823984621105712, 0.003761684428153569404, 0.004463544871686033096 ),
 .UNSPECIFIED. ) ;
#1317 = EDGE_CURVE ( 'NONE', #1212, #281, #1048, .T. ) ;
#1318 = AXIS2_PLACEMENT_3D ( 'NONE', #1563, #696, #264 ) ;
#1319 = EDGE_LOOP ( 'NONE', ( #588, #853, #414, #593 ) ) ;
#1320 = CARTESIAN_POINT ( 'NONE',  ( -0.07812499999999995837, -0.1353164693413186070, -0.03124999999999997571 ) ) ;
#1321 = CARTESIAN_POINT ( 'NONE',  ( -0.09285603185461421827, -0.06862851023147349683, -0.01876908197860323313 ) ) ;
#1322 = ORIENTED_EDGE ( 'NONE', *, *, #1638, .F. ) ;
#1323 =( LENGTH_UNIT ( ) NAMED_UNIT ( * ) SI_UNIT ( $, .METRE. ) );
#1324 = CARTESIAN_POINT ( 'NONE',  ( 0.09419067547305477739, 0.05438101183952086942, -0.03541666666666665186 ) ) ;
#1325 = CARTESIAN_POINT ( 'NONE',  ( -0.1053548559446015748, 0.05376909054606610755, -0.02155733159894283185 ) ) ;
#1326 = CARTESIAN_POINT ( 'NONE',  ( -0.04769785429402356031, 0.1014512121285551516, 0.01550878570989310500 ) ) ;
#1327 = CARTESIAN_POINT ( 'NONE',  ( -0.1082531754730547829, -0.06250000000000004163, -0.01041666666666663833 ) ) ;
#1328 = FACE_OUTER_BOUND ( 'NONE', #1051, .T. ) ;
#1329 = EDGE_LOOP ( 'NONE', ( #1624, #707, #291, #654 ) ) ;
#1330 = DIRECTION ( 'NONE',  ( -0.000000000000000000, -0.000000000000000000, 1.000000000000000000 ) ) ;
#1331 = EDGE_CURVE ( 'NONE', #835, #956, #922, .T. ) ;
#1332 = PLANE ( 'NONE',  #895 ) ;
#1333 = CARTESIAN_POINT ( 'NONE',  ( 0.07216878364870321638, 0.1249999999999999861, -0.02395833333333334189 ) ) ;
#1334 = CARTESIAN_POINT ( 'NONE',  ( 1.331950641673270831E-17, -0.1087620236790417250, 0.02812500000000002498 ) ) ;
#1335 = CARTESIAN_POINT ( 'NONE',  ( 0.1562500000000001388, 0.05307485582001383179, -0.02647333932687595190 ) ) ;
#1336 = ORIENTED_EDGE ( 'NONE', *, *, #1317, .F. ) ;
#1337 = CARTESIAN_POINT ( 'NONE',  ( 0.07798334005348854514, -0.09769134390563188886, -0.02854367061311961426 ) ) ;
#1338 = CARTESIAN_POINT ( 'NONE',  ( 0.06279378364870318030, 0.1087620236790417250, 0.01666666666666668031 ) ) ;
#1339 = CARTESIAN_POINT ( 'NONE',  ( -0.07812499999999995837, -0.1353164693413186070, -0.03124999999999997571 ) ) ;
#1340 = EDGE_CURVE ( 'NONE', #1285, #1710, #504, .T. ) ;
#1341 = ORIENTED_EDGE ( 'NONE', *, *, #346, .T. ) ;
#1342 = CARTESIAN_POINT ( 'NONE',  ( 0.000000000000000000, 0.000000000000000000, -0.03124999999999997571 ) ) ;
#1343 = CARTESIAN_POINT ( 'NONE',  ( -0.1255875672974063606, -2.307006184552072649E-17, -0.02812499999999997294 ) ) ;
#1344 = ADVANCED_FACE ( 'NONE', ( #1837 ), #987, .T. ) ;
#1345 = B_SPLINE_CURVE_WITH_KNOTS ( 'NONE', 3,
 ( #1517, #1055, #764, #1037, #925, #51 ),
 .UNSPECIFIED., .F., .F.,
 ( 4, 2, 4 ),
 ( 0.002020630577825362467, 0.003023725136297557119, 0.004026819694769752205 ),
 .UNSPECIFIED. ) ;
#1346 = PLANE ( 'NONE',  #744 ) ;
#1347 = VERTEX_POINT ( 'NONE', #556 ) ;
#1348 = CARTESIAN_POINT ( 'NONE',  ( 0.06334955356492016909, 0.1007262278548778922, 0.02225405629089039980 ) ) ;
#1349 = ORIENTED_EDGE ( 'NONE', *, *, #1165, .F. ) ;
#1350 = CONICAL_SURFACE ( 'NONE', #1134, 0.1750000000000000444, 1.047197551196598742 ) ;
#1351 = CARTESIAN_POINT ( 'NONE',  ( 0.1249999999999999861, 1.601242264446392367E-17, -0.003124999999999997138 ) ) ;
#1352 = CARTESIAN_POINT ( 'NONE',  ( 0.000000000000000000, 0.000000000000000000, -0.03124999999999997571 ) ) ;
#1353 = AXIS2_PLACEMENT_3D ( 'NONE', #1008, #1783, #217 ) ;
#1354 = AXIS2_PLACEMENT_3D ( 'NONE', #535, #1117, #1249 ) ;
#1355 = CARTESIAN_POINT ( 'NONE',  ( 0.09419067547305477739, 0.05438101183952086942, 0.03645833333333336340 ) ) ;
#1356 = CC_DESIGN_PERSON_AND_ORGANIZATION_ASSIGNMENT ( #900, #1481, ( #229 ) ) ;
#1357 = CARTESIAN_POINT ( 'NONE',  ( -0.1562500000000000000, 0.000000000000000000, 0.03125000000000004163 ) ) ;
#1358 = EDGE_CURVE ( 'NONE', #1475, #872, #1769, .T. ) ;
#1359 = CARTESIAN_POINT ( 'NONE',  ( 0.1092217559197601884, 1.372493369525478974E-17, 0.01276542653293397632 ) ) ;
#1360 = CARTESIAN_POINT ( 'NONE',  ( 0.09419067547305479127, -0.05438101183952083473, -0.01458333333333332489 ) ) ;
#1361 = LINE ( 'NONE', #1496, #21 ) ;
#1362 = ORIENTED_EDGE ( 'NONE', *, *, #137, .F. ) ;
#1363 = CARTESIAN_POINT ( 'NONE',  ( 0.1255875672974063606, 7.690020615173576524E-18, 0.03437500000000002359 ) ) ;
#1364 = CARTESIAN_POINT ( 'NONE',  ( -0.1562500000000001110, -0.02648279248444495790, -0.03025940417291382578 ) ) ;
#1365 = CARTESIAN_POINT ( 'NONE',  ( -0.05038199211806387162, 0.1088546577288825590, -0.02323361932944970065 ) ) ;
#1366 = ORIENTED_EDGE ( 'NONE', *, *, #907, .F. ) ;
#1367 = DIRECTION ( 'NONE',  ( -0.7071067811865486830, -8.659560562354947649E-17, -0.7071067811865462405 ) ) ;
#1368 = CARTESIAN_POINT ( 'NONE',  ( 0.09407862299784600091, 0.07961201560730746252, -0.02653186351981413546 ) ) ;
#1369 = DIRECTION ( 'NONE',  ( 1.000000000000000000, 0.000000000000000000, 0.000000000000000000 ) ) ;
#1370 = CARTESIAN_POINT ( 'NONE',  ( 0.000000000000000000, 0.000000000000000000, -0.02042468245269449256 ) ) ;
#1371 = VERTEX_POINT ( 'NONE', #1033 ) ;
#1372 = CARTESIAN_POINT ( 'NONE',  ( 0.06279378364870318030, 0.1087620236790417250, 0.01354166666666669488 ) ) ;
#1373 = CARTESIAN_POINT ( 'NONE',  ( 0.05507409129870567688, 0.1486249176850763520, -0.03024645550025275090 ) ) ;
#1374 = VERTEX_POINT ( 'NONE', #1337 ) ;
#1375 = CARTESIAN_POINT ( 'NONE',  ( 0.08959456736620752260, -0.1286945115349502067, -0.03124999999999989245 ) ) ;
#1376 = CC_DESIGN_PERSON_AND_ORGANIZATION_ASSIGNMENT ( #45, #616, ( #1794 ) ) ;
#1377 = CARTESIAN_POINT ( 'NONE',  ( 0.1277063293868263283, 0.000000000000000000, 0.03125000000000004163 ) ) ;
#1378 = VERTEX_POINT ( 'NONE', #923 ) ;
#1379 =( BOUNDED_SURFACE ( )  B_SPLINE_SURFACE ( 1, 2, ( 
 ( #63, #329, #1355, #1363, #1654, #634, #1334, #767, #1064, #1799, #650, #790, #1642, #1372, #46, #72, #503, #347, #911, #1513, #1482, #1626, #319, #1057, #773, #358, #1519, #193, #1491, #757, #80, #1762, #465, #1343, #52, #338, #1228, #623, #1203, #1213, #1774, #477, #1633 ),
 ( #642, #919, #1499, #201, #929, #209, #1220, #1790, #1093, #1831, #120, #1543, #1813, #1528, #111, #517, #683, #1235, #809, #1839, #1260, #1389, #974, #1556, #661, #799, #1403, #96, #537, #691, #1805, #1268, #548, #371, #257, #510, #1662, #1668, #1119, #672, #364, #1380, #1100 ) ),
 .UNSPECIFIED., .F., .F., .F. ) 
 B_SPLINE_SURFACE_WITH_KNOTS ( ( 2, 2 ),
 ( 3, 2, 2, 2, 2, 2, 2, 2, 2, 2, 2, 2, 2, 2, 2, 2, 2, 2, 2, 2, 2, 3 ),
 ( 0.000000000000000000, 1.000000000000000000 ),
 ( 0.000000000000000000, 0.04166666666666666435, 0.08333333333333332871, 0.1250000000000000000, 0.1666666666666666574, 0.2083333333333333426, 0.2500000000000000000, 0.2916666666666666852, 0.3333333333333333148, 0.3750000000000000000, 0.4166666666666666852, 0.4583333333333333148, 0.5000000000000000000, 0.5416666666666666297, 0.5833333333333333703, 0.6250000000000000000, 0.6666666666666666297, 0.7083333333333333703, 0.7500000000000000000, 0.7916666666666666297, 0.8333333333333333703, 0.8750000000000000000 ),
 .UNSPECIFIED. ) 
 GEOMETRIC_REPRESENTATION_ITEM ( )  RATIONAL_B_SPLINE_SURFACE ( (
 ( 1.000000000000000000, 0.8660254037844387076, 1.000000000000000000, 0.8660254037844387076, 1.000000000000000000, 0.8660254037844387076, 1.000000000000000000, 0.8660254037844387076, 1.000000000000000000, 0.8660254037844387076, 1.000000000000000000, 0.8660254037844387076, 1.000000000000000000, 0.8660254037844387076, 1.000000000000000000, 0.8660254037844387076, 1.000000000000000000, 0.8660254037844387076, 1.000000000000000000, 0.8660254037844387076, 1.000000000000000000, 0.8660254037844387076, 1.000000000000000000, 0.8660254037844387076, 1.000000000000000000, 0.8660254037844387076, 1.000000000000000000, 0.8660254037844387076, 1.000000000000000000, 0.8660254037844387076, 1.000000000000000000, 0.8660254037844387076, 1.000000000000000000, 0.8660254037844387076, 1.000000000000000000, 0.8660254037844387076, 1.000000000000000000, 0.8660254037844387076, 1.000000000000000000, 0.8660254037844387076, 1.000000000000000000, 0.8660254037844387076, 1.000000000000000000),
 ( 1.000000000000000000, 0.8660254037844387076, 1.000000000000000000, 0.8660254037844387076, 1.000000000000000000, 0.8660254037844387076, 1.000000000000000000, 0.8660254037844387076, 1.000000000000000000, 0.8660254037844387076, 1.000000000000000000, 0.8660254037844387076, 1.000000000000000000, 0.8660254037844387076, 1.000000000000000000, 0.8660254037844387076, 1.000000000000000000, 0.8660254037844387076, 1.000000000000000000, 0.8660254037844387076, 1.000000000000000000, 0.8660254037844387076, 1.000000000000000000, 0.8660254037844387076, 1.000000000000000000, 0.8660254037844387076, 1.000000000000000000, 0.8660254037844387076, 1.000000000000000000, 0.8660254037844387076, 1.000000000000000000, 0.8660254037844387076, 1.000000000000000000, 0.8660254037844387076, 1.000000000000000000, 0.8660254037844387076, 1.000000000000000000, 0.8660254037844387076, 1.000000000000000000, 0.8660254037844387076, 1.000000000000000000, 0.8660254037844387076, 1.000000000000000000) ) ) 
 REPRESENTATION_ITEM ( '' )  SURFACE ( )  );
#1380 = CARTESIAN_POINT ( 'NONE',  ( 0.07295003364870324136, -0.1263531646934131225, -0.05494791666666661717 ) ) ;
#1381 = CIRCLE ( 'NONE', #172, 0.1750000000000000444 ) ;
#1382 = CONICAL_SURFACE ( 'NONE', #1796, 0.1562500000000000000, 1.047197551196598742 ) ;
#1383 = CARTESIAN_POINT ( 'NONE',  ( 1.547379987039267552E-17, -0.1263531646934131503, 0.04140624999999999167 ) ) ;
#1384 = CARTESIAN_POINT ( 'NONE',  ( -0.08788209660766591047, 0.08010572525736515959, -0.02219264605807213381 ) ) ;
#1385 = VERTEX_POINT ( 'NONE', #1768 ) ;
#1386 = DIRECTION ( 'NONE',  ( -0.000000000000000000, -0.000000000000000000, 1.000000000000000000 ) ) ;
#1387 = EDGE_CURVE ( 'NONE', #82, #28, #234, .T. ) ;
#1388 = APPROVAL_STATUS ( 'not_yet_approved' ) ;
#1389 = CARTESIAN_POINT ( 'NONE',  ( -0.1459000672974063995, -2.680140756167282351E-17, -0.01328124999999995628 ) ) ;
#1390 = CARTESIAN_POINT ( 'NONE',  ( 0.1562500000000001388, -0.09021097956087904823, -0.03124999999999997571 ) ) ;
#1391 = B_SPLINE_CURVE_WITH_KNOTS ( 'NONE', 3,
 ( #1600, #462, #189, #1639, #1062, #1478 ),
 .UNSPECIFIED., .F., .F.,
 ( 4, 2, 4 ),
 ( 0.002020630577825362900, 0.003023725136297557552, 0.004026819694769752205 ),
 .UNSPECIFIED. ) ;
#1392 = CARTESIAN_POINT ( 'NONE',  ( 0.06279378364870318030, 0.1087620236790417250, -0.01145833333333330824 ) ) ;
#1393 = CARTESIAN_POINT ( 'NONE',  ( -0.009873969787995181061, 0.1747212200066888543, -0.02042468245269449950 ) ) ;
#1394 = CARTESIAN_POINT ( 'NONE',  ( -0.1562500000000000833, -0.01327819994384478799, 0.03125000000000000694 ) ) ;
#1395 = CARTESIAN_POINT ( 'NONE',  ( 0.05348125303736546432, -0.09822327534066575827, -0.01513689015941076764 ) ) ;
#1396 = EDGE_CURVE ( 'NONE', #3, #281, #571, .T. ) ;
#1397 = CARTESIAN_POINT ( 'NONE',  ( 0.1220917924131436211, 0.01858668861849046769, 0.02669605117140085720 ) ) ;
#1398 = CARTESIAN_POINT ( 'NONE',  ( 1.547379987039267552E-17, -0.1263531646934131503, 0.01640624999999999029 ) ) ;
#1399 = CARTESIAN_POINT ( 'NONE',  ( 0.06279378364870322193, -0.1087620236790417111, 0.005208333333333357330 ) ) ;
#1400 = DIRECTION ( 'NONE',  ( 0.7071067811865486830, 0.000000000000000000, -0.7071067811865462405 ) ) ;
#1401 = FACE_OUTER_BOUND ( 'NONE', #566, .T. ) ;
#1402 = B_SPLINE_CURVE_WITH_KNOTS ( 'NONE', 3,
 ( #894, #1574, #975, #1149 ),
 .UNSPECIFIED., .F., .F.,
 ( 4, 4 ),
 ( 7.864008071396957078E-07, 0.002020630577825361599 ),
 .UNSPECIFIED. ) ;
#1403 = CARTESIAN_POINT ( 'NONE',  ( 0.1094250504730547857, 0.06317658234670658901, -0.02369791666666662064 ) ) ;
#1404 = CLOSED_SHELL ( 'NONE', ( #396, #1715, #468, #1129, #13, #1572, #1217, #1605, #739, #410, #752, #808, #282, #270, #698, #1560, #1861, #689, #1001, #1087, #1192, #1806, #1777, #53, #1061, #1344, #1728, #323, #775, #1472, #246, #177, #667, #1052, #604, #973, #991, #677, #1497, #1096, #27 ) ) ;
#1405 = CARTESIAN_POINT ( 'NONE',  ( 0.1562500000000001388, 0.06602396353612136060, 0.02374897245763654338 ) ) ;
#1406 = AXIS2_PLACEMENT_3D ( 'NONE', #1764, #1492, #203 ) ;
#1407 = CARTESIAN_POINT ( 'NONE',  ( -0.1094250504730547718, -0.06317658234670663064, 0.03723958333333332593 ) ) ;
#1408 = CIRCLE ( 'NONE', #1283, 0.1562500000000000000 ) ;
#1409 = EDGE_CURVE ( 'NONE', #1540, #3, #65, .T. ) ;
#1410 = CARTESIAN_POINT ( 'NONE',  ( 0.1255875672974063606, 7.690020615173576524E-18, -0.03749999999999999861 ) ) ;
#1411 = APPROVAL_PERSON_ORGANIZATION ( #1490, #149, #192 ) ;
#1412 = DIRECTION ( 'NONE',  ( 0.000000000000000000, 0.000000000000000000, -1.000000000000000000 ) ) ;
#1413 = CARTESIAN_POINT ( 'NONE',  ( 0.1008834371954861475, -0.06962659709968319066, -0.02578305477727477896 ) ) ;
#1414 = CARTESIAN_POINT ( 'NONE',  ( 0.1090648668254759202, -0.007405518505556266812, -0.01260853743859861355 ) ) ;
#1415 = CARTESIAN_POINT ( 'NONE',  ( -0.1082531754730547829, -0.06250000000000004163, 0.01458333333333336479 ) ) ;
#1416 = CARTESIAN_POINT ( 'NONE',  ( 0.000000000000000000, 0.1263531646934131503, 0.05390624999999999584 ) ) ;
#1417 = CARTESIAN_POINT ( 'NONE',  ( 0.1463760302120048484, 0.09591171867594834588, 0.02042468245269455501 ) ) ;
#1418 = CARTESIAN_POINT ( 'NONE',  ( -0.09419067547305483290, 0.05438101183952078616, -0.02708333333333332732 ) ) ;
#1419 = EDGE_CURVE ( 'NONE', #1506, #1717, #1778, .T. ) ;
#1420 = CARTESIAN_POINT ( 'NONE',  ( 0.04146030819772998643, 0.1087620236790417250, -0.01075054447366680446 ) ) ;
#1421 = DESIGN_CONTEXT ( 'detailed design', #448, 'design' ) ;
#1422 = CARTESIAN_POINT ( 'NONE',  ( 0.1062538391143020566, -0.05937491264536591540, 0.02501121775526160898 ) ) ;
#1423 = CARTESIAN_POINT ( 'NONE',  ( 0.1247345734670658735, -2.479638020942698799E-15, -0.02827824408023964925 ) ) ;
#1424 = ORIENTED_EDGE ( 'NONE', *, *, #890, .T. ) ;
#1425 = CARTESIAN_POINT ( 'NONE',  ( 0.09939706068507390968, 0.05225997356908826386, -0.01556363721846178855 ) ) ;
#1426 = CARTESIAN_POINT ( 'NONE',  ( 0.06279378364870322193, -0.1087620236790417111, -0.01666666666666665603 ) ) ;
#1427 = CARTESIAN_POINT ( 'NONE',  ( -0.1249999999999999861, 3.888731213655524452E-17, 0.01250000000000002845 ) ) ;
#1428 = CARTESIAN_POINT ( 'NONE',  ( 0.09419067547305477739, 0.05438101183952086942, 0.03645833333333336340 ) ) ;
#1429 = ORIENTED_EDGE ( 'NONE', *, *, #199, .F. ) ;
#1430 = DIRECTION ( 'NONE',  ( -0.000000000000000000, -0.000000000000000000, 1.000000000000000000 ) ) ;
#1431 = VERTEX_POINT ( 'NONE', #1748 ) ;
#1432 = CARTESIAN_POINT ( 'NONE',  ( -0.1148287204011976953, 3.431233423813697973E-17, 0.01837239101437146416 ) ) ;
#1433 = DIRECTION ( 'NONE',  ( 1.000000000000000000, 0.000000000000000000, 0.000000000000000000 ) ) ;
#1434 = CARTESIAN_POINT ( 'NONE',  ( 0.09419067547305477739, 0.05438101183952086942, 0.03958333333333333842 ) ) ;
#1435 = CARTESIAN_POINT ( 'NONE',  ( 0.1249999999999999861, 1.601242264446392367E-17, -0.02499999999999997710 ) ) ;
#1436 = CIRCLE ( 'NONE', #1505, 0.1750000000000000444 ) ;
#1437 = DIRECTION ( 'NONE',  ( -0.000000000000000000, -0.000000000000000000, 1.000000000000000000 ) ) ;
#1438 = CIRCLE ( 'NONE', #1648, 0.1750000000000000444 ) ;
#1439 = ORIENTED_EDGE ( 'NONE', *, *, #1532, .F. ) ;
#1440 = VECTOR ( 'NONE', #1523, 39.37007874015748143 ) ;
#1441 = DIRECTION ( 'NONE',  ( 1.000000000000000000, 0.000000000000000000, 0.000000000000000000 ) ) ;
#1442 = ORIENTED_EDGE ( 'NONE', *, *, #1514, .T. ) ;
#1443 = VERTEX_POINT ( 'NONE', #49 ) ;
#1444 = CARTESIAN_POINT ( 'NONE',  ( 0.05576095370701424775, -0.1065453343097298583, 0.02354608291340426832 ) ) ;
#1445 = EDGE_CURVE ( 'NONE', #1378, #28, #1408, .T. ) ;
#1446 = EDGE_LOOP ( 'NONE', ( #491, #167, #285, #336, #1493, #40, #1175, #331, #1028, #1581, #704, #1237 ) ) ;
#1447 = CARTESIAN_POINT ( 'NONE',  ( -0.09419067547305476351, -0.05438101183952091106, 0.002083333333333339376 ) ) ;
#1448 = CARTESIAN_POINT ( 'NONE',  ( 0.09644314462228575913, 0.08295557347248790070, 0.02776518578241629620 ) ) ;
#1449 = CARTESIAN_POINT ( 'NONE',  ( 0.1562500000000001388, -0.07880950133074036967, 0.03125000000000000694 ) ) ;
#1450 = ORIENTED_EDGE ( 'NONE', *, *, #829, .F. ) ;
#1451 = CARTESIAN_POINT ( 'NONE',  ( 0.07216878364870321638, 0.1249999999999999861, 0.02604166666666668170 ) ) ;
#1452 = VERTEX_POINT ( 'NONE', #1069 ) ;
#1453 = ORIENTED_EDGE ( 'NONE', *, *, #627, .F. ) ;
#1454 = CARTESIAN_POINT ( 'NONE',  ( -0.1011759087012942676, -0.1220080209975609176, 0.03024645550025280294 ) ) ;
#1455 = ORIENTED_EDGE ( 'NONE', *, *, #76, .T. ) ;
#1456 = APPLICATION_PROTOCOL_DEFINITION ( 'international standard', 'config_control_design', 1994, #448 ) ;
#1457 = CARTESIAN_POINT ( 'NONE',  ( -0.1094250504730547718, -0.06317658234670663064, -0.01276041666666667684 ) ) ;
#1458 = CARTESIAN_POINT ( 'NONE',  ( -0.1007310132455538632, 0.05366300379491675127, 0.01713598561844782708 ) ) ;
#1459 = CARTESIAN_POINT ( 'NONE',  ( 0.1087620236790417111, -8.995047045196083808E-13, 0.01230569429221548688 ) ) ;
#1460 = ORIENTED_EDGE ( 'NONE', *, *, #1614, .T. ) ;
#1461 = CARTESIAN_POINT ( 'NONE',  ( 0.04222620080575711227, 0.1134043426726297071, 0.02427144556576524281 ) ) ;
#1462 = ORIENTED_EDGE ( 'NONE', *, *, #1692, .F. ) ;
#1463 = CARTESIAN_POINT ( 'NONE',  ( -0.09419067547305476351, -0.05438101183952091106, 0.02708333333333334467 ) ) ;
#1464 = CARTESIAN_POINT ( 'NONE',  ( -0.1116075179918734755, -0.03087495887178513462, 0.01907857474436062267 ) ) ;
#1465 = VERTEX_POINT ( 'NONE', #1646 ) ;
#1466 = LOCAL_TIME ( 23, 55, 2.000000000000000000, #1242 ) ;
#1467 = PERSON_AND_ORGANIZATION_ROLE ( 'creator' ) ;
#1468 = CARTESIAN_POINT ( 'NONE',  ( 0.000000000000000000, 0.1087620236790417250, -0.03124999999999998959 ) ) ;
#1469 = CARTESIAN_POINT ( 'NONE',  ( 0.000000000000000000, 0.000000000000000000, 0.03125000000000000694 ) ) ;
#1470 = VERTEX_POINT ( 'NONE', #460 ) ;
#1471 = AXIS2_PLACEMENT_3D ( 'NONE', #59, #1209, #1369 ) ;
#1472 = ADVANCED_FACE ( 'NONE', ( #882 ), #1536, .T. ) ;
#1473 = VECTOR ( 'NONE', #891, 39.37007874015748143 ) ;
#1474 = CARTESIAN_POINT ( 'NONE',  ( -0.1249999999999999861, 1.530808498934191201E-17, 0.03125000000000000694 ) ) ;
#1475 = VERTEX_POINT ( 'NONE', #601 ) ;
#1476 = CIRCLE ( 'NONE', #1705, 0.1562500000000000000 ) ;
#1477 = LINE ( 'NONE', #178, #1197 ) ;
#1478 = CARTESIAN_POINT ( 'NONE',  ( -0.1463760302120049039, 0.09591171867594824874, -0.02042468245269449950 ) ) ;
#1479 = DIRECTION ( 'NONE',  ( -0.000000000000000000, -0.000000000000000000, 1.000000000000000000 ) ) ;
#1480 = ORIENTED_EDGE ( 'NONE', *, *, #659, .T. ) ;
#1481 = PERSON_AND_ORGANIZATION_ROLE ( 'design_supplier' ) ;
#1482 = CARTESIAN_POINT ( 'NONE',  ( -0.09419067547305476351, -0.05438101183952091106, -0.001041666666666644101 ) ) ;
#1483 = CARTESIAN_POINT ( 'NONE',  ( 0.09419067547305479127, -0.05438101183952083473, 0.01041666666666667650 ) ) ;
#1484 = ORIENTED_EDGE ( 'NONE', *, *, #614, .F. ) ;
#1485 = CARTESIAN_POINT ( 'NONE',  ( -0.1562500000000000833, -0.07880950133074050845, -0.02042468245269449950 ) ) ;
#1486 = EDGE_CURVE ( 'NONE', #421, #1206, #963, .T. ) ;
#1487 = CARTESIAN_POINT ( 'NONE',  ( 0.09419067547305477739, 0.05438101183952086942, 0.03958333333333333842 ) ) ;
#1488 = CARTESIAN_POINT ( 'NONE',  ( -0.06665543263379261618, 0.1419384271476869519, 0.03125000000000001388 ) ) ;
#1489 = EDGE_CURVE ( 'NONE', #850, #835, #906, .T. ) ;
#1490 = PERSON_AND_ORGANIZATION ( #600, #355 ) ;
#1491 = CARTESIAN_POINT ( 'NONE',  ( 0.09419067547305479127, -0.05438101183952083473, -0.01770833333333330858 ) ) ;
#1492 = DIRECTION ( 'NONE',  ( -0.000000000000000000, -0.000000000000000000, 1.000000000000000000 ) ) ;
#1493 = ORIENTED_EDGE ( 'NONE', *, *, #1331, .T. ) ;
#1494 = CARTESIAN_POINT ( 'NONE',  ( 0.1075263798146476324, 0.03276801618580062192, 0.01565143938492438366 ) ) ;
#1495 = CARTESIAN_POINT ( 'NONE',  ( 0.1255875672974063606, 7.690020615173576524E-18, 0.01250000000000001284 ) ) ;
#1496 = CARTESIAN_POINT ( 'NONE',  ( 0.009873969787995061365, 0.1747212200066888821, 0.03125000000000000694 ) ) ;
#1497 = ADVANCED_FACE ( 'NONE', ( #1328 ), #38, .T. ) ;
#1498 = ORIENTED_EDGE ( 'NONE', *, *, #1673, .F. ) ;
#1499 = CARTESIAN_POINT ( 'NONE',  ( 0.1094250504730547857, 0.06317658234670658901, 0.02630208333333337867 ) ) ;
#1500 = CARTESIAN_POINT ( 'NONE',  ( 0.07242070733150945960, 0.08226890226244200355, 0.01256693623796012113 ) ) ;
#1501 = CARTESIAN_POINT ( 'NONE',  ( -0.1562500000000000833, 0.000000000000000000, -0.03124999999999997571 ) ) ;
#1502 = B_SPLINE_CURVE_WITH_KNOTS ( 'NONE', 3,
 ( #274, #1405, #1007, #1848, #560, #113 ),
 .UNSPECIFIED., .F., .F.,
 ( 4, 2, 4 ),
 ( 0.001993082242862947821, 0.002999662442251431818, 0.004006242641639915815 ),
 .UNSPECIFIED. ) ;
#1503 = ORIENTED_EDGE ( 'NONE', *, *, #1300, .T. ) ;
#1504 = CARTESIAN_POINT ( 'NONE',  ( 0.06985304980388613860, 0.09548076299895059960, 0.02156239406234595340 ) ) ;
#1505 = AXIS2_PLACEMENT_3D ( 'NONE', #1263, #1834, #830 ) ;
#1506 = VERTEX_POINT ( 'NONE', #1485 ) ;
#1507 = AXIS2_PLACEMENT_3D ( 'NONE', #486, #783, #1191 ) ;
#1508 = CARTESIAN_POINT ( 'NONE',  ( 0.1255875672974063606, 7.690020615173576524E-18, -0.01249999999999999549 ) ) ;
#1509 = DIRECTION ( 'NONE',  ( -0.000000000000000000, -0.000000000000000000, 1.000000000000000000 ) ) ;
#1510 = CONICAL_SURFACE ( 'NONE', #23, 0.1277063293868263283, 0.7853981633974500554 ) ;
#1511 = ORIENTED_EDGE ( 'NONE', *, *, #941, .F. ) ;
#1512 = AXIS2_PLACEMENT_3D ( 'NONE', #1342, #1309, #19 ) ;
#1513 = CARTESIAN_POINT ( 'NONE',  ( -0.06279378364870315254, -0.1087620236790417388, 0.001041666666666695492 ) ) ;
#1514 = EDGE_CURVE ( 'NONE', #660, #745, #186, .T. ) ;
#1515 = CARTESIAN_POINT ( 'NONE',  ( 0.03230832111822295322, 0.1617687412270871483, -0.02650362112875551818 ) ) ;
#1516 = CARTESIAN_POINT ( 'NONE',  ( 0.000000000000000000, 0.000000000000000000, 0.03125000000000004163 ) ) ;
#1517 = CARTESIAN_POINT ( 'NONE',  ( 0.07812499999999993061, 0.1353164693413185793, 0.03125000000000004163 ) ) ;
#1518 = ORIENTED_EDGE ( 'NONE', *, *, #333, .T. ) ;
#1519 = CARTESIAN_POINT ( 'NONE',  ( 0.09419067547305477739, 0.05438101183952086942, -0.01354166666666663937 ) ) ;
#1520 = CARTESIAN_POINT ( 'NONE',  ( 0.000000000000000000, 0.000000000000000000, 0.02042468245269455848 ) ) ;
#1521 = CARTESIAN_POINT ( 'NONE',  ( -0.01263695517163250341, 0.1201277674473005819, -0.02407188457987834498 ) ) ;
#1522 = VERTEX_POINT ( 'NONE', #236 ) ;
#1523 = DIRECTION ( 'NONE',  ( -0.000000000000000000, -0.000000000000000000, 1.000000000000000000 ) ) ;
#1524 = CARTESIAN_POINT ( 'NONE',  ( 0.000000000000000000, 0.1249999999999999861, 0.003125000000000002776 ) ) ;
#1525 = DIRECTION ( 'NONE',  ( -0.7071067811865486830, 8.659560562354947649E-17, 0.7071067811865462405 ) ) ;
#1526 = ORIENTED_EDGE ( 'NONE', *, *, #1300, .F. ) ;
#1527 = CARTESIAN_POINT ( 'NONE',  ( 0.03415905091284356099, 0.1048084852106514892, 0.01363700693065149523 ) ) ;
#1528 = CARTESIAN_POINT ( 'NONE',  ( 0.07295003364870318585, 0.1263531646934131503, 0.003385416666666712752 ) ) ;
#1529 = CARTESIAN_POINT ( 'NONE',  ( -0.1562500000000000833, 0.01327188067391648491, 0.03125000000000000694 ) ) ;
#1530 = ORIENTED_EDGE ( 'NONE', *, *, #1267, .T. ) ;
#1531 = DIRECTION ( 'NONE',  ( 1.000000000000000000, 0.000000000000000000, 0.000000000000000000 ) ) ;
#1532 = EDGE_CURVE ( 'NONE', #1652, #506, #1666, .T. ) ;
#1533 = CARTESIAN_POINT ( 'NONE',  ( 0.1249999999999999584, -0.03349364905389031616, -0.004241454968463008977 ) ) ;
#1534 = CARTESIAN_POINT ( 'NONE',  ( 0.1058706191582027972, -0.02925601258598782214, -0.01313434028142117758 ) ) ;
#1535 = CIRCLE ( 'NONE', #204, 0.1562500000000000000 ) ;
#1536 = CONICAL_SURFACE ( 'NONE', #1589, 0.1750000000000000444, 1.047197551196598742 ) ;
#1537 = CARTESIAN_POINT ( 'NONE',  ( 0.1562500000000001110, -0.06590065161755749579, -0.02378103404041546215 ) ) ;
#1538 = DIRECTION ( 'NONE',  ( 1.000000000000000000, 0.000000000000000000, 0.000000000000000000 ) ) ;
#1539 = FACE_OUTER_BOUND ( 'NONE', #1645, .T. ) ;
#1540 = VERTEX_POINT ( 'NONE', #514 ) ;
#1541 = EDGE_CURVE ( 'NONE', #1385, #717, #823, .T. ) ;
#1542 = DIRECTION ( 'NONE',  ( 1.000000000000000000, 0.000000000000000000, 0.000000000000000000 ) ) ;
#1543 = CARTESIAN_POINT ( 'NONE',  ( -0.07295003364870325524, 0.1263531646934131225, 0.007552083333333380229 ) ) ;
#1544 = ORIENTED_EDGE ( 'NONE', *, *, #118, .F. ) ;
#1545 = CARTESIAN_POINT ( 'NONE',  ( 0.1459000672974063995, 8.933802520557606297E-18, 0.02265624999999999584 ) ) ;
#1546 = CARTESIAN_POINT ( 'NONE',  ( 0.000000000000000000, 0.1087620236790417250, -0.03437499999999997502 ) ) ;
#1547 = CARTESIAN_POINT ( 'NONE',  ( 0.1277063293868263283, 0.000000000000000000, -0.03125000000000004163 ) ) ;
#1548 = CARTESIAN_POINT ( 'NONE',  ( 0.07812500000000008327, -0.1353164693413186348, -0.03124999999999997571 ) ) ;
#1549 = CARTESIAN_POINT ( 'NONE',  ( 0.1088852085616585225, 7.512891455445520145E-13, -0.01242887917483233642 ) ) ;
#1550 = EDGE_CURVE ( 'NONE', #1206, #132, #39, .T. ) ;
#1551 = CARTESIAN_POINT ( 'NONE',  ( 0.07239983346554862420, 0.08116305753802807721, -0.01230569429221549729 ) ) ;
#1552 = CARTESIAN_POINT ( 'NONE',  ( 0.07295003364870318585, 0.1263531646934131503, 0.05182291666666666297 ) ) ;
#1553 = CARTESIAN_POINT ( 'NONE',  ( 0.06279378364870322193, -0.1087620236790417111, 0.03020833333333336479 ) ) ;
#1554 = DIRECTION ( 'NONE',  ( 1.000000000000000000, 0.000000000000000000, 0.000000000000000000 ) ) ;
#1555 = CARTESIAN_POINT ( 'NONE',  ( -0.1562500000000001110, -0.05276207356931912618, 0.02652998678314227865 ) ) ;
#1556 = CARTESIAN_POINT ( 'NONE',  ( -0.07295003364870325524, 0.1263531646934131225, -0.01744791666666661856 ) ) ;
#1557 = CARTESIAN_POINT ( 'NONE',  ( 0.1159421951536341311, 0.007965539510250908145, -0.01948586576688515759 ) ) ;
#1558 = CONICAL_SURFACE ( 'NONE', #467, 0.1562500000000000000, 1.047197551196598742 ) ;
#1559 = DIRECTION ( 'NONE',  ( -0.000000000000000000, -0.000000000000000000, 1.000000000000000000 ) ) ;
#1560 = ADVANCED_FACE ( 'NONE', ( #532 ), #1382, .T. ) ;
#1561 =( BOUNDED_CURVE ( )  B_SPLINE_CURVE ( 2, ( #515, #101, #671, #1137, #1709, #429, #718, #1573, #157, #133, #845, #415, #1304, #1420, #1590 ),
 .UNSPECIFIED., .F., .T. ) 
 B_SPLINE_CURVE_WITH_KNOTS ( ( 3, 2, 2, 2, 2, 2, 2, 3 ),
 ( 0.2826306016281447953, 0.2916666666666666852, 0.3333333333333333148, 0.3750000000000000000, 0.4166666666666666852, 0.4583333333333333148, 0.5000000000000000000, 0.5288227980007089712 ),
 .UNSPECIFIED. ) 
 CURVE ( )  GEOMETRIC_REPRESENTATION_ITEM ( )  RATIONAL_B_SPLINE_CURVE ( ( 0.9544928785361177503, 0.9709455240420754585, 1.000000000000000000, 0.8660254037844387076, 1.000000000000000000, 0.8660254037844387076, 1.000000000000000000, 0.8660254037844387076, 1.000000000000000000, 0.8660254037844387076, 1.000000000000000000, 0.8660254037844387076, 1.000000000000000000, 0.9073234546252557653, 0.9428643818940216637 ) ) 
 REPRESENTATION_ITEM ( '' )  );
#1562 = CARTESIAN_POINT ( 'NONE',  ( 0.06279378364870318030, 0.1087620236790417250, -0.03333333333333333287 ) ) ;
#1563 = CARTESIAN_POINT ( 'NONE',  ( 0.000000000000000000, 0.000000000000000000, 0.03125000000000000694 ) ) ;
#1564 = ORIENTED_EDGE ( 'NONE', *, *, #76, .F. ) ;
#1565 = CARTESIAN_POINT ( 'NONE',  ( 0.1227534028538923155, 3.605082583953591123E-15, 0.02629707346706604970 ) ) ;
#1566 = DIRECTION ( 'NONE',  ( -0.000000000000000000, -0.000000000000000000, 1.000000000000000000 ) ) ;
#1567 = FACE_BOUND ( 'NONE', #5, .T. ) ;
#1568 = CC_DESIGN_PERSON_AND_ORGANIZATION_ASSIGNMENT ( #581, #1467, ( #904 ) ) ;
#1569 =( BOUNDED_CURVE ( )  B_SPLINE_CURVE ( 2, ( #1845, #1266, #1003, #1451, #279, #860, #14 ),
 .UNSPECIFIED., .F., .T. ) 
 B_SPLINE_CURVE_WITH_KNOTS ( ( 3, 2, 2, 3 ),
 ( 0.5625000000000000000, 0.5833333333333332593, 0.6250000000000000000, 0.6296270277828052153 ),
 .UNSPECIFIED. ) 
 CURVE ( )  GEOMETRIC_REPRESENTATION_ITEM ( )  RATIONAL_B_SPLINE_CURVE ( ( 0.9330127018922192983, 0.9330127018922192983, 1.000000000000000000, 0.8660254037844385966, 1.000000000000000000, 0.9851222997068916909, 0.9735488969786054714 ) ) 
 REPRESENTATION_ITEM ( '' )  );
#1570 = CARTESIAN_POINT ( 'NONE',  ( 0.06279378364870318030, 0.1087620236790417250, -0.03645833333333331483 ) ) ;
#1571 = EDGE_LOOP ( 'NONE', ( #1138, #1462, #71, #1776 ) ) ;
#1572 = ADVANCED_FACE ( 'NONE', ( #1539 ), #935, .F. ) ;
#1573 = CARTESIAN_POINT ( 'NONE',  ( -0.06279378364870315254, -0.1087620236790417388, 0.001041666666666695492 ) ) ;
#1574 = CARTESIAN_POINT ( 'NONE',  ( -0.03232493535701198850, -0.1617591489918499548, 0.02716506112274348975 ) ) ;
#1575 = CARTESIAN_POINT ( 'NONE',  ( 0.06279378364870318030, 0.1087620236790417250, 0.04166666666666668517 ) ) ;
#1576 = CARTESIAN_POINT ( 'NONE',  ( 0.1179556074183647774, 0.03877134229805186821, -0.02745189096856784014 ) ) ;
#1577 = CARTESIAN_POINT ( 'NONE',  ( 0.07987349809331852069, 0.07382006568066079577, 0.01230569429221538801 ) ) ;
#1578 = EDGE_LOOP ( 'NONE', ( #875, #1602 ) ) ;
#1579 = DIRECTION ( 'NONE',  ( 1.000000000000000000, 0.000000000000000000, 0.000000000000000000 ) ) ;
#1580 = EDGE_CURVE ( 'NONE', #200, #1347, #108, .T. ) ;
#1581 = ORIENTED_EDGE ( 'NONE', *, *, #163, .F. ) ;
#1582 = ORIENTED_EDGE ( 'NONE', *, *, #238, .F. ) ;
#1583 = CARTESIAN_POINT ( 'NONE',  ( 0.04138832792976404606, -0.1125450988382808853, 0.02320477414195930635 ) ) ;
#1584 = CARTESIAN_POINT ( 'NONE',  ( -0.09419067547305476351, -0.05438101183952091106, 0.02708333333333334467 ) ) ;
#1585 = AXIS2_PLACEMENT_3D ( 'NONE', #758, #37, #1000 ) ;
#1586 = CARTESIAN_POINT ( 'NONE',  ( 0.1086436984949642887, 0.005071939677847474466, -0.01230569429221548862 ) ) ;
#1587 = AXIS2_PLACEMENT_3D ( 'NONE', #124, #587, #1441 ) ;
#1588 = EDGE_LOOP ( 'NONE', ( #1429, #1014, #1366, #495 ) ) ;
#1589 = AXIS2_PLACEMENT_3D ( 'NONE', #166, #1315, #26 ) ;
#1590 = CARTESIAN_POINT ( 'NONE',  ( 0.07239983346554862420, 0.08116305753802807721, -0.01230569429221549729 ) ) ;
#1591 = ORIENTED_EDGE ( 'NONE', *, *, #637, .T. ) ;
#1592 = EDGE_CURVE ( 'NONE', #1292, #652, #1231, .T. ) ;
#1593 = ORIENTED_EDGE ( 'NONE', *, *, #795, .T. ) ;
#1594 = CARTESIAN_POINT ( 'NONE',  ( -0.06939460325212194747, -0.09474505345061119688, 0.02072736495460063277 ) ) ;
#1595 = CARTESIAN_POINT ( 'NONE',  ( 0.07295003364870324136, -0.1263531646934131225, -0.006510416666666675629 ) ) ;
#1596 = CARTESIAN_POINT ( 'NONE',  ( -0.07216878364870318863, -0.1250000000000000278, -0.008333333333333301993 ) ) ;
#1597 = VERTEX_POINT ( 'NONE', #1802 ) ;
#1598 = CARTESIAN_POINT ( 'NONE',  ( -0.1562500000000000833, 0.000000000000000000, -0.03124999999999997571 ) ) ;
#1599 = CYLINDRICAL_SURFACE ( 'NONE', #959, 0.1249999999999999861 ) ;
#1600 = CARTESIAN_POINT ( 'NONE',  ( -0.07812500000000005551, 0.1353164693413185515, -0.03124999999999997571 ) ) ;
#1601 = CARTESIAN_POINT ( 'NONE',  ( -0.05314896488367268357, -0.1011913155519373053, -0.01760648010666241575 ) ) ;
#1602 = ORIENTED_EDGE ( 'NONE', *, *, #333, .F. ) ;
#1603 = PERSON_AND_ORGANIZATION ( #600, #355 ) ;
#1604 = CARTESIAN_POINT ( 'NONE',  ( -0.1255875672974063606, -2.307006184552072649E-17, 8.537024980200824098E-18 ) ) ;
#1605 = ADVANCED_FACE ( 'NONE', ( #1258 ), #75, .F. ) ;
#1606 = DIRECTION ( 'NONE',  ( 0.000000000000000000, 0.000000000000000000, -1.000000000000000000 ) ) ;
#1607 = LINE ( 'NONE', #1449, #1735 ) ;
#1608 = ORIENTED_EDGE ( 'NONE', *, *, #1797, .F. ) ;
#1609 = CARTESIAN_POINT ( 'NONE',  ( 0.1086436984949643025, 0.005071939677847474466, -0.01230569429221548862 ) ) ;
#1610 = ORIENTED_EDGE ( 'NONE', *, *, #573, .T. ) ;
#1611 = PLANE ( 'NONE',  #256 ) ;
#1612 = PERSON_AND_ORGANIZATION ( #600, #355 ) ;
#1613 = CARTESIAN_POINT ( 'NONE',  ( 0.07295003364870318585, 0.1263531646934131503, -0.02317708333333334814 ) ) ;
#1614 = EDGE_CURVE ( 'NONE', #144, #48, #711, .T. ) ;
#1615 = CARTESIAN_POINT ( 'NONE',  ( -0.07812499999999995837, -0.1353164693413186070, -0.03124999999999997571 ) ) ;
#1616 = CIRCLE ( 'NONE', #983, 0.1277063293868263283 ) ;
#1617 = VERTEX_POINT ( 'NONE', #645 ) ;
#1618 = CIRCLE ( 'NONE', #1507, 0.1750000000000000444 ) ;
#1619 = DIRECTION ( 'NONE',  ( 0.4999999999999995559, 0.8660254037844389297, 0.000000000000000000 ) ) ;
#1620 = VECTOR ( 'NONE', #657, 39.37007874015748143 ) ;
#1621 = ORIENTED_EDGE ( 'NONE', *, *, #1486, .T. ) ;
#1622 = DIRECTION ( 'NONE',  ( 0.000000000000000000, 0.000000000000000000, -1.000000000000000000 ) ) ;
#1623 = FACE_OUTER_BOUND ( 'NONE', #905, .T. ) ;
#1624 = ORIENTED_EDGE ( 'NONE', *, *, #443, .F. ) ;
#1625 = APPLICATION_PROTOCOL_DEFINITION ( 'international standard', 'config_control_design', 1994, #1094 ) ;
#1626 = CARTESIAN_POINT ( 'NONE',  ( -0.1255875672974063606, -2.307006184552072649E-17, -0.003124999999999975454 ) ) ;
#1627 = CARTESIAN_POINT ( 'NONE',  ( -0.1249999999999999861, 1.530808498934191201E-17, 0.03125000000000000694 ) ) ;
#1628 = CARTESIAN_POINT ( 'NONE',  ( 0.1092217559197601884, 1.372493369525478974E-17, 0.01276542653293397632 ) ) ;
#1629 = EDGE_CURVE ( 'NONE', #1597, #509, #1202, .T. ) ;
#1630 = CARTESIAN_POINT ( 'NONE',  ( -0.01404609957758986075, 0.1242083213261350599, 0.02854367061317370641 ) ) ;
#1631 = FACE_OUTER_BOUND ( 'NONE', #77, .T. ) ;
#1632 = ORIENTED_EDGE ( 'NONE', *, *, #1225, .T. ) ;
#1633 = CARTESIAN_POINT ( 'NONE',  ( 1.331950641673270831E-17, -0.1087620236790417250, -0.04687499999999997918 ) ) ;
#1634 = CARTESIAN_POINT ( 'NONE',  ( 0.1277063293868263283, 0.000000000000000000, -0.03125000000000004163 ) ) ;
#1635 = VERTEX_POINT ( 'NONE', #1811 ) ;
#1636 = CARTESIAN_POINT ( 'NONE',  ( 0.000000000000000000, 0.000000000000000000, -0.03124999999999997571 ) ) ;
#1637 = ORIENTED_EDGE ( 'NONE', *, *, #135, .T. ) ;
#1638 = EDGE_CURVE ( 'NONE', #1617, #1660, #525, .T. ) ;
#1639 = CARTESIAN_POINT ( 'NONE',  ( -0.1239416788817770121, 0.1088641974555499686, -0.02650362112875551818 ) ) ;
#1640 = DIRECTION ( 'NONE',  ( 1.000000000000000000, 0.000000000000000000, 0.000000000000000000 ) ) ;
#1641 = ORIENTED_EDGE ( 'NONE', *, *, #1419, .T. ) ;
#1642 = CARTESIAN_POINT ( 'NONE',  ( 0.000000000000000000, 0.1087620236790417250, 0.01562500000000002429 ) ) ;
#1643 = CARTESIAN_POINT ( 'NONE',  ( 0.1086436984949643025, 0.005071939677847474466, -0.01230569429221548862 ) ) ;
#1644 = CARTESIAN_POINT ( 'NONE',  ( -0.07062149027828226733, 0.09630638770322977327, -0.02270704935934136220 ) ) ;
#1645 = EDGE_LOOP ( 'NONE', ( #1544, #533, #1227, #428 ) ) ;
#1646 = CARTESIAN_POINT ( 'NONE',  ( 0.1277063293868263283, 0.000000000000000000, 0.03125000000000004163 ) ) ;
#1647 = LOCAL_TIME ( 23, 55, 2.000000000000000000, #34 ) ;
#1648 = AXIS2_PLACEMENT_3D ( 'NONE', #1676, #380, #1693 ) ;
#1649 = CARTESIAN_POINT ( 'NONE',  ( -6.305375921438808988E-17, 0.1804219591217580965, -0.03124999999999997571 ) ) ;
#1650 = AXIS2_PLACEMENT_3D ( 'NONE', #354, #1793, #1224 ) ;
#1651 = CC_DESIGN_DATE_AND_TIME_ASSIGNMENT ( #182, #1029, ( #904 ) ) ;
#1652 = VERTEX_POINT ( 'NONE', #214 ) ;
#1653 = CC_DESIGN_APPROVAL ( #149, ( #904 ) ) ;
#1654 = CARTESIAN_POINT ( 'NONE',  ( 0.09419067547305479127, -0.05438101183952083473, 0.03229166666666669766 ) ) ;
#1655 = DIRECTION ( 'NONE',  ( 0.000000000000000000, 0.000000000000000000, -1.000000000000000000 ) ) ;
#1656 = ORIENTED_EDGE ( 'NONE', *, *, #384, .F. ) ;
#1657 = DIRECTION ( 'NONE',  ( -0.000000000000000000, -0.000000000000000000, 1.000000000000000000 ) ) ;
#1658 = CARTESIAN_POINT ( 'NONE',  ( 0.1249999999999999584, 0.03349364905389034391, -0.002008545031536984431 ) ) ;
#1659 = LINE ( 'NONE', #1683, #1255 ) ;
#1660 = VERTEX_POINT ( 'NONE', #812 ) ;
#1661 = CARTESIAN_POINT ( 'NONE',  ( 0.02885181826047145820, 0.1065281402329273791, 0.01376710633948629615 ) ) ;
#1662 = CARTESIAN_POINT ( 'NONE',  ( 0.000000000000000000, 0.1263531646934131503, -0.04453124999999995282 ) ) ;
#1663 = DIRECTION ( 'NONE',  ( -0.000000000000000000, -0.000000000000000000, 1.000000000000000000 ) ) ;
#1664 = EDGE_CURVE ( 'NONE', #1787, #1597, #478, .T. ) ;
#1665 = EDGE_LOOP ( 'NONE', ( #1729, #792, #1641, #1038, #1110, #55 ) ) ;
#1666 = LINE ( 'NONE', #83, #747 ) ;
#1667 = CARTESIAN_POINT ( 'NONE',  ( 0.07216878364870327189, -0.1249999999999999861, -0.007291666666666662446 ) ) ;
#1668 = CARTESIAN_POINT ( 'NONE',  ( 0.07295003364870318585, 0.1263531646934131503, -0.04661458333333329956 ) ) ;
#1669 = CARTESIAN_POINT ( 'NONE',  ( 0.000000000000000000, 0.000000000000000000, 0.03125000000000000694 ) ) ;
#1670 = EDGE_CURVE ( 'NONE', #216, #1034, #522, .T. ) ;
#1671 = CARTESIAN_POINT ( 'NONE',  ( 0.000000000000000000, 0.1087620236790417250, 0.01562500000000002429 ) ) ;
#1672 = CARTESIAN_POINT ( 'NONE',  ( 0.000000000000000000, 0.000000000000000000, 0.03125000000000000694 ) ) ;
#1673 = EDGE_CURVE ( 'NONE', #1371, #1431, #228, .T. ) ;
#1674 = FACE_OUTER_BOUND ( 'NONE', #1758, .T. ) ;
#1675 = CIRCLE ( 'NONE', #1251, 0.1562500000000000000 ) ;
#1676 = CARTESIAN_POINT ( 'NONE',  ( 0.000000000000000000, 0.000000000000000000, 0.02042468245269455848 ) ) ;
#1677 = CIRCLE ( 'NONE', #110, 0.1277063293868263283 ) ;
#1678 = VECTOR ( 'NONE', #1367, 39.37007874015748854 ) ;
#1679 = CARTESIAN_POINT ( 'NONE',  ( -0.1094250504730548551, 0.06317658234670647799, 0.03307291666666666019 ) ) ;
#1680 = CARTESIAN_POINT ( 'NONE',  ( -0.06279378364870315254, -0.1087620236790417388, 0.02604166666666669558 ) ) ;
#1681 = CARTESIAN_POINT ( 'NONE',  ( -0.1562500000000000833, 0.07880950133074050845, 0.03125000000000000694 ) ) ;
#1682 = APPROVAL ( #746, 'UNSPECIFIED' ) ;
#1683 = CARTESIAN_POINT ( 'NONE',  ( -0.1277063293868263283, 1.563951475144344211E-17, 0.03125000000000004163 ) ) ;
#1684 = EDGE_CURVE ( 'NONE', #1465, #788, #865, .T. ) ;
#1685 = CARTESIAN_POINT ( 'NONE',  ( -0.01060984136761934128, -0.1128094535141695304, -0.01660908512637890647 ) ) ;
#1686 = ORIENTED_EDGE ( 'NONE', *, *, #376, .T. ) ;
#1687 = DIRECTION ( 'NONE',  ( -0.000000000000000000, -0.000000000000000000, 1.000000000000000000 ) ) ;
#1688 = CARTESIAN_POINT ( 'NONE',  ( -0.1145730044512968254, 0.01111597927938924070, 0.01811667506447056653 ) ) ;
#1689 = CARTESIAN_POINT ( 'NONE',  ( 0.1255875672974063606, 7.690020615173576524E-18, 0.03437500000000002359 ) ) ;
#1690 = CARTESIAN_POINT ( 'NONE',  ( 0.000000000000000000, 0.000000000000000000, 0.02042468245269455848 ) ) ;
#1691 = CARTESIAN_POINT ( 'NONE',  ( -0.07216878364870318863, -0.1250000000000000278, -0.01145833333333333599 ) ) ;
#1692 = EDGE_CURVE ( 'NONE', #745, #92, #1822, .T. ) ;
#1693 = DIRECTION ( 'NONE',  ( 1.000000000000000000, 0.000000000000000000, 0.000000000000000000 ) ) ;
#1694 = DIRECTION ( 'NONE',  ( 1.000000000000000000, 0.000000000000000000, 0.000000000000000000 ) ) ;
#1695 = CARTESIAN_POINT ( 'NONE',  ( 0.07295003364870318585, 0.1263531646934131503, 0.02682291666666666158 ) ) ;
#1696 = ORIENTED_EDGE ( 'NONE', *, *, #1740, .T. ) ;
#1697 = CARTESIAN_POINT ( 'NONE',  ( 0.07812499999999993061, 0.1353164693413185793, 0.03125000000000004163 ) ) ;
#1698 =( BOUNDED_CURVE ( )  B_SPLINE_CURVE ( 2, ( #1286, #32, #423 ),
 .UNSPECIFIED., .F., .T. ) 
 B_SPLINE_CURVE_WITH_KNOTS ( ( 3, 3 ),
 ( 0.05858384012359352938, 0.06250000000000000000 ),
 .UNSPECIFIED. ) 
 CURVE ( )  GEOMETRIC_REPRESENTATION_ITEM ( )  RATIONAL_B_SPLINE_CURVE ( ( 0.9353796882934677370, 0.9330127018922191873, 0.9330127018922191873 ) ) 
 REPRESENTATION_ITEM ( '' )  );
#1699 = CARTESIAN_POINT ( 'NONE',  ( -0.06279378364870324969, 0.1087620236790416833, -0.007291666666666637292 ) ) ;
#1700 = CC_DESIGN_SECURITY_CLASSIFICATION ( #1794, ( #229 ) ) ;
#1701 = CARTESIAN_POINT ( 'NONE',  ( -0.1012202691965924245, 0.1219824094536590825, 0.03125000000000002776 ) ) ;
#1702 = CARTESIAN_POINT ( 'NONE',  ( 0.1224202100279786209, -0.01548347965925555778, 0.02596388064115193878 ) ) ;
#1703 = CYLINDRICAL_SURFACE ( 'NONE', #258, 0.1750000000000000444 ) ;
#1704 = CARTESIAN_POINT ( 'NONE',  ( 0.000000000000000000, 0.000000000000000000, -0.03124999999999997571 ) ) ;
#1705 = AXIS2_PLACEMENT_3D ( 'NONE', #508, #368, #1542 ) ;
#1706 = CARTESIAN_POINT ( 'NONE',  ( -0.1249999999999999584, -0.03349364905389037167, 0.01049145496846301713 ) ) ;
#1707 = CARTESIAN_POINT ( 'NONE',  ( -0.09419067547305476351, -0.05438101183952091106, -0.02604166666666664354 ) ) ;
#1708 = ORIENTED_EDGE ( 'NONE', *, *, #1550, .F. ) ;
#1709 = CARTESIAN_POINT ( 'NONE',  ( 0.09419067547305479127, -0.05438101183952083473, 0.007291666666666692803 ) ) ;
#1710 = VERTEX_POINT ( 'NONE', #544 ) ;
#1711 = CARTESIAN_POINT ( 'NONE',  ( -0.1046538384387353943, -0.04981808380181506485, -0.01921609763484940364 ) ) ;
#1712 = CARTESIAN_POINT ( 'NONE',  ( -0.1463760302120048484, -0.09591171867594833200, 0.02042468245269455154 ) ) ;
#1713 = CARTESIAN_POINT ( 'NONE',  ( 0.1166155853064909098, 1.131003161157471058E-12, -0.02015925591966465785 ) ) ;
#1714 = CARTESIAN_POINT ( 'NONE',  ( -0.07295003364870325524, 0.1263531646934131225, -0.01901041666666667893 ) ) ;
#1715 = ADVANCED_FACE ( 'NONE', ( #1265 ), #749, .F. ) ;
#1716 = CARTESIAN_POINT ( 'NONE',  ( 1.530808498934191201E-17, -0.1249999999999999861, -0.006249999999999969989 ) ) ;
#1717 = VERTEX_POINT ( 'NONE', #833 ) ;
#1718 = CARTESIAN_POINT ( 'NONE',  ( -0.1562500000000000833, 0.06602396353612149937, -0.02374897245763646705 ) ) ;
#1719 = ORIENTED_EDGE ( 'NONE', *, *, #97, .T. ) ;
#1720 = ORIENTED_EDGE ( 'NONE', *, *, #1154, .F. ) ;
#1721 = CARTESIAN_POINT ( 'NONE',  ( 0.01094746145898956372, -0.1187589229832374249, 0.02254810050885977524 ) ) ;
#1722 = B_SPLINE_CURVE_WITH_KNOTS ( 'NONE', 3,
 ( #1501, #784, #1364, #73, #643, #1222 ),
 .UNSPECIFIED., .F., .F.,
 ( 4, 2, 4 ),
 ( 0.004006242641639908876, 0.005013302113871532725, 0.006020361586103156575 ),
 .UNSPECIFIED. ) ;
#1723 = ORIENTED_EDGE ( 'NONE', *, *, #1142, .T. ) ;
#1724 = CARTESIAN_POINT ( 'NONE',  ( 0.1562500000000000000, 0.000000000000000000, 0.03125000000000004163 ) ) ;
#1725 = CARTESIAN_POINT ( 'NONE',  ( 0.1459000672974063995, 8.933802520557606297E-18, -0.02734375000000001388 ) ) ;
#1726 = CARTESIAN_POINT ( 'NONE',  ( 0.1249999999999999584, -0.03349364905389031616, 0.02075854503153699848 ) ) ;
#1727 = CARTESIAN_POINT ( 'NONE',  ( -0.1249999999999999584, -0.03349364905389037167, -0.01138354503153695893 ) ) ;
#1728 = ADVANCED_FACE ( 'NONE', ( #1836 ), #500, .T. ) ;
#1729 = ORIENTED_EDGE ( 'NONE', *, *, #1275, .T. ) ;
#1730 = CARTESIAN_POINT ( 'NONE',  ( -0.1562500000000001110, 0.05307485582001397750, -0.02647333932687597272 ) ) ;
#1731 = CARTESIAN_POINT ( 'NONE',  ( -0.08959456736620743933, -0.1286945115349501789, 0.03125000000000000000 ) ) ;
#1732 = ORIENTED_EDGE ( 'NONE', *, *, #1017, .F. ) ;
#1733 =( NAMED_UNIT ( * ) SI_UNIT ( $, .STERADIAN. ) SOLID_ANGLE_UNIT ( ) );
#1734 = CARTESIAN_POINT ( 'NONE',  ( -0.06279378364870324969, 0.1087620236790416833, 0.02083333333333334259 ) ) ;
#1735 = VECTOR ( 'NONE', #155, 39.37007874015748143 ) ;
#1736 = DIRECTION ( 'NONE',  ( -0.000000000000000000, -0.000000000000000000, -1.000000000000000000 ) ) ;
#1737 = ORIENTED_EDGE ( 'NONE', *, *, #982, .F. ) ;
#1738 = CARTESIAN_POINT ( 'NONE',  ( -0.1562500000000000278, 0.02671750327012539089, -0.03023810221762503886 ) ) ;
#1739 = ORIENTED_EDGE ( 'NONE', *, *, #297, .T. ) ;
#1740 = EDGE_CURVE ( 'NONE', #12, #1617, #1402, .T. ) ;
#1741 = CARTESIAN_POINT ( 'NONE',  ( -0.03521800896705099687, -0.1129457978756156777, 0.02159538883081028871 ) ) ;
#1742 = ORIENTED_EDGE ( 'NONE', *, *, #1541, .F. ) ;
#1743 = APPROVAL_STATUS ( 'not_yet_approved' ) ;
#1744 = CARTESIAN_POINT ( 'NONE',  ( 0.1255875672974063606, 7.690020615173576524E-18, 0.01250000000000001284 ) ) ;
#1745 = CARTESIAN_POINT ( 'NONE',  ( -0.06710422936397780758, 0.09045438708334926914, 0.01603359324636877137 ) ) ;
#1746 = CARTESIAN_POINT ( 'NONE',  ( 0.000000000000000000, 0.000000000000000000, 0.03125000000000004163 ) ) ;
#1747 = VERTEX_POINT ( 'NONE', #103 ) ;
#1748 = CARTESIAN_POINT ( 'NONE',  ( -0.1277063293868263283, -1.563951475144344211E-17, -0.03125000000000004163 ) ) ;
#1749 = ORIENTED_EDGE ( 'NONE', *, *, #1847, .F. ) ;
#1750 = VERTEX_POINT ( 'NONE', #692 ) ;
#1751 = CARTESIAN_POINT ( 'NONE',  ( 0.009873969787995413513, -0.1747212200066888543, 0.02042468245269455848 ) ) ;
#1752 = CARTESIAN_POINT ( 'NONE',  ( -0.1250000000000000278, 0.03349364905389026759, -0.01674145496846300707 ) ) ;
#1753 = EDGE_CURVE ( 'NONE', #1452, #1042, #817, .T. ) ;
#1754 = APPROVAL_DATE_TIME ( #1047, #1682 ) ;
#1755 = CARTESIAN_POINT ( 'NONE',  ( 1.331950641673270831E-17, -0.1087620236790417250, 0.006250000000000009888 ) ) ;
#1756 = CARTESIAN_POINT ( 'NONE',  ( -0.1255875672974063884, -2.307006184552072649E-17, 8.537024980200824098E-18 ) ) ;
#1757 = DIRECTION ( 'NONE',  ( -0.000000000000000000, -0.000000000000000000, 1.000000000000000000 ) ) ;
#1758 = EDGE_LOOP ( 'NONE', ( #813, #1773, #150 ) ) ;
#1759 = CARTESIAN_POINT ( 'NONE',  ( -0.09419067547305476351, -0.05438101183952091106, 0.002083333333333339376 ) ) ;
#1760 = CARTESIAN_POINT ( 'NONE',  ( 0.1277063293868263283, 0.000000000000000000, 0.03125000000000004163 ) ) ;
#1761 = CALENDAR_DATE ( 2026, 7, 1 ) ;
#1762 = CARTESIAN_POINT ( 'NONE',  ( -0.06279378364870315254, -0.1087620236790417388, -0.02395833333333331414 ) ) ;
#1763 = CARTESIAN_POINT ( 'NONE',  ( -0.1169885701731473160, 0.007901197248373525300, -0.02053224078632098423 ) ) ;
#1764 = CARTESIAN_POINT ( 'NONE',  ( 0.000000000000000000, 0.000000000000000000, 0.03125000000000004163 ) ) ;
#1765 = AXIS2_PLACEMENT_3D ( 'NONE', #29, #452, #603 ) ;
#1766 = ORIENTED_EDGE ( 'NONE', *, *, #1387, .T. ) ;
#1767 = AXIS2_PLACEMENT_3D ( 'NONE', #1746, #322, #1791 ) ;
#1768 = CARTESIAN_POINT ( 'NONE',  ( -0.1562500000000000833, 0.07880950133074050845, 0.02042468245269456542 ) ) ;
#1769 = B_SPLINE_CURVE_WITH_KNOTS ( 'NONE', 3,
 ( #1609, #1788, #620, #342 ),
 .UNSPECIFIED., .F., .F.,
 ( 4, 4 ),
 ( 5.421010862427522170E-20, 0.0001276505013853081758 ),
 .UNSPECIFIED. ) ;
#1770 = VECTOR ( 'NONE', #87, 39.37007874015748854 ) ;
#1771 = CARTESIAN_POINT ( 'NONE',  ( -0.03230832111822297403, -0.1617687412270871483, -0.02650362112875552512 ) ) ;
#1772 = CARTESIAN_POINT ( 'NONE',  ( 0.07239983346554862420, 0.08116305753802807721, -0.01230569429221549729 ) ) ;
#1773 = ORIENTED_EDGE ( 'NONE', *, *, #805, .T. ) ;
#1774 = CARTESIAN_POINT ( 'NONE',  ( 0.09419067547305479127, -0.05438101183952083473, -0.04270833333333331344 ) ) ;
#1775 = CARTESIAN_POINT ( 'NONE',  ( -0.009873969787995181061, 0.1747212200066888543, 0.03125000000000000694 ) ) ;
#1776 = ORIENTED_EDGE ( 'NONE', *, *, #941, .T. ) ;
#1777 = ADVANCED_FACE ( 'NONE', ( #1130 ), #1703, .T. ) ;
#1778 = LINE ( 'NONE', #1060, #1076 ) ;
#1779 = CARTESIAN_POINT ( 'NONE',  ( 0.000000000000000000, 0.1087620236790417250, -0.006249999999999993408 ) ) ;
#1780 = UNCERTAINTY_MEASURE_WITH_UNIT (LENGTH_MEASURE( 1.000000000000000082E-05 ), #594, 'distance_accuracy_value', 'NONE');
#1781 = FACE_OUTER_BOUND ( 'NONE', #633, .T. ) ;
#1782 = CALENDAR_DATE ( 2026, 7, 1 ) ;
#1783 = DIRECTION ( 'NONE',  ( 0.000000000000000000, 0.000000000000000000, -1.000000000000000000 ) ) ;
#1784 = FACE_OUTER_BOUND ( 'NONE', #580, .T. ) ;
#1785 = DIRECTION ( 'NONE',  ( -0.000000000000000000, -0.000000000000000000, 1.000000000000000000 ) ) ;
#1786 = CARTESIAN_POINT ( 'NONE',  ( 0.07812500000000004163, -0.1353164693413185238, 0.03125000000000004163 ) ) ;
#1787 = VERTEX_POINT ( 'NONE', #417 ) ;
#1788 = CARTESIAN_POINT ( 'NONE',  ( 0.1087640554217898792, 0.003377385296798473494, -0.01234689749823098155 ) ) ;
#1789 = ORIENTED_EDGE ( 'NONE', *, *, #1225, .F. ) ;
#1790 = CARTESIAN_POINT ( 'NONE',  ( -0.07295003364870314422, -0.1263531646934131780, 0.01588541666666671431 ) ) ;
#1791 = DIRECTION ( 'NONE',  ( 1.000000000000000000, 0.000000000000000000, 0.000000000000000000 ) ) ;
#1792 = ORIENTED_EDGE ( 'NONE', *, *, #982, .T. ) ;
#1793 = DIRECTION ( 'NONE',  ( -0.000000000000000000, -0.000000000000000000, 1.000000000000000000 ) ) ;
#1794 = SECURITY_CLASSIFICATION ( '', '', #756 ) ;
#1795 = DIRECTION ( 'NONE',  ( 1.000000000000000000, 0.000000000000000000, 0.000000000000000000 ) ) ;
#1796 = AXIS2_PLACEMENT_3D ( 'NONE', #367, #499, #1081 ) ;
#1797 = EDGE_CURVE ( 'NONE', #144, #1750, #296, .T. ) ;
#1798 = ORIENTED_EDGE ( 'NONE', *, *, #1072, .T. ) ;
#1799 = CARTESIAN_POINT ( 'NONE',  ( -0.1255875672974063606, -2.307006184552072649E-17, 0.02187500000000002637 ) ) ;
#1800 = CARTESIAN_POINT ( 'NONE',  ( 0.04953917182741002928, 0.09802876448850537938, 0.01323662525959880265 ) ) ;
#1801 = FACE_OUTER_BOUND ( 'NONE', #1665, .T. ) ;
#1802 = CARTESIAN_POINT ( 'NONE',  ( -0.07812500000000005551, 0.1353164693413185515, -0.03124999999999997571 ) ) ;
#1803 = DIRECTION ( 'NONE',  ( -0.000000000000000000, -0.000000000000000000, 1.000000000000000000 ) ) ;
#1804 = ORIENTED_EDGE ( 'NONE', *, *, #1828, .T. ) ;
#1805 = CARTESIAN_POINT ( 'NONE',  ( 1.547379987039267552E-17, -0.1263531646934131503, -0.03203124999999995559 ) ) ;
#1806 = ADVANCED_FACE ( 'NONE', ( #989 ), #1261, .T. ) ;
#1807 = PLANE ( 'NONE',  #930 ) ;
#1808 = EDGE_CURVE ( 'NONE', #434, #12, #847, .T. ) ;
#1809 = ORIENTED_EDGE ( 'NONE', *, *, #1580, .T. ) ;
#1810 = CARTESIAN_POINT ( 'NONE',  ( -0.05507409129870570463, -0.1486249176850763520, -0.03024645550025275090 ) ) ;
#1811 = CARTESIAN_POINT ( 'NONE',  ( 0.07987349809331852069, 0.07382006568066079577, 0.01230569429221538801 ) ) ;
#1812 = CARTESIAN_POINT ( 'NONE',  ( 0.000000000000000000, 0.000000000000000000, 0.03125000000000004163 ) ) ;
#1813 = CARTESIAN_POINT ( 'NONE',  ( 0.000000000000000000, 0.1263531646934131503, 0.005468750000000043889 ) ) ;
#1814 = CARTESIAN_POINT ( 'NONE',  ( 0.06389628778015285504, 0.08936552003897736685, 0.01283244455733312771 ) ) ;
#1815 = LINE ( 'NONE', #821, #985 ) ;
#1816 = EDGE_CURVE ( 'NONE', #1470, #881, #31, .T. ) ;
#1817 = CARTESIAN_POINT ( 'NONE',  ( 0.000000000000000000, 0.1087620236790417250, -0.009374999999999977102 ) ) ;
#1818 = DIRECTION ( 'NONE',  ( 0.000000000000000000, 0.000000000000000000, 1.000000000000000000 ) ) ;
#1819 = DIRECTION ( 'NONE',  ( 1.000000000000000000, 0.000000000000000000, 0.000000000000000000 ) ) ;
#1820 = CIRCLE ( 'NONE', #1012, 0.1750000000000000444 ) ;
#1821 = CARTESIAN_POINT ( 'NONE',  ( 0.02608663728956326852, -0.1094578181393508487, -0.01582673072188367849 ) ) ;
#1822 = CIRCLE ( 'NONE', #1015, 0.1750000000000000444 ) ;
#1823 = VECTOR ( 'NONE', #328, 39.37007874015748854 ) ;
#1824 = CARTESIAN_POINT ( 'NONE',  ( -0.1562500000000000000, 0.000000000000000000, 0.03125000000000004163 ) ) ;
#1825 = CARTESIAN_POINT ( 'NONE',  ( 0.000000000000000000, 0.000000000000000000, -0.03124999999999997571 ) ) ;
#1826 = CARTESIAN_POINT ( 'NONE',  ( 0.000000000000000000, 0.1087620236790417250, -0.03124999999999998959 ) ) ;
#1827 = CARTESIAN_POINT ( 'NONE',  ( 0.000000000000000000, 0.000000000000000000, 0.03125000000000004163 ) ) ;
#1828 = EDGE_CURVE ( 'NONE', #745, #144, #1502, .T. ) ;
#1829 = ORIENTED_EDGE ( 'NONE', *, *, #1017, .T. ) ;
#1830 = CARTESIAN_POINT ( 'NONE',  ( 0.1463760302120047929, -0.09591171867594840139, 0.02042468245269456889 ) ) ;
#1831 = CARTESIAN_POINT ( 'NONE',  ( -0.1459000672974063995, -2.680140756167282351E-17, 0.01171875000000004510 ) ) ;
#1832 = CARTESIAN_POINT ( 'NONE',  ( 0.1144647954783723498, 0.01573569378321537302, -0.01881730900917085239 ) ) ;
#1833 = CARTESIAN_POINT ( 'NONE',  ( 0.1562500000000001388, 0.07880950133074036967, 0.02042468245269456542 ) ) ;
#1834 = DIRECTION ( 'NONE',  ( -0.000000000000000000, -0.000000000000000000, 1.000000000000000000 ) ) ;
#1835 = CARTESIAN_POINT ( 'NONE',  ( -0.09419067547305483290, 0.05438101183952078616, -0.005208333333333306156 ) ) ;
#1836 = FACE_OUTER_BOUND ( 'NONE', #1295, .T. ) ;
#1837 = FACE_OUTER_BOUND ( 'NONE', #761, .T. ) ;
#1838 = EDGE_CURVE ( 'NONE', #1212, #1443, #1316, .T. ) ;
#1839 = CARTESIAN_POINT ( 'NONE',  ( -0.07295003364870314422, -0.1263531646934131780, -0.009114583333333285339 ) ) ;
#1840 = CARTESIAN_POINT ( 'NONE',  ( 0.1249999999999999861, -2.287488949209131623E-18, 0.02500000000000003261 ) ) ;
#1841 = DIRECTION ( 'NONE',  ( 1.000000000000000000, 0.000000000000000000, 0.000000000000000000 ) ) ;
#1842 = CARTESIAN_POINT ( 'NONE',  ( 0.09644314462121240938, -0.08295557347434698303, -0.02776518578247820848 ) ) ;
#1843 = CARTESIAN_POINT ( 'NONE',  ( 1.331950641673270831E-17, -0.1087620236790417250, 0.02812500000000002498 ) ) ;
#1844 = VERTEX_POINT ( 'NONE', #1824 ) ;
#1845 = CARTESIAN_POINT ( 'NONE',  ( 0.1249999999999999861, 1.601242264446392367E-17, 0.02187500000000000555 ) ) ;
#1846 = CARTESIAN_POINT ( 'NONE',  ( -0.1157844062031017918, -0.01467768271275796468, -0.02002092267356379851 ) ) ;
#1847 = EDGE_CURVE ( 'NONE', #872, #1452, #1111, .T. ) ;
#1848 = CARTESIAN_POINT ( 'NONE',  ( 0.1562500000000001665, 0.02671750327012529722, 0.03023810221762507702 ) ) ;
#1849 = AXIS2_PLACEMENT_3D ( 'NONE', #1469, #1437, #143 ) ;
#1850 = CARTESIAN_POINT ( 'NONE',  ( 0.1459000672974063995, 8.933802520557606297E-18, -0.002343750000000013791 ) ) ;
#1851 = B_SPLINE_CURVE_WITH_KNOTS ( 'NONE', 3,
 ( #1199, #1488, #61, #326, #909, #190 ),
 .UNSPECIFIED., .F., .F.,
 ( 4, 2, 4 ),
 ( 0.002020630577825365936, 0.003023725136297560588, 0.004026819694769754807 ),
 .UNSPECIFIED. ) ;
#1852 = AXIS2_PLACEMENT_3D ( 'NONE', #647, #1803, #385 ) ;
#1853 = CARTESIAN_POINT ( 'NONE',  ( -0.1250000000000000000, -5.261224583181003888E-17, 0.009375000000000004857 ) ) ;
#1854 = CARTESIAN_POINT ( 'NONE',  ( 1.331950641673270831E-17, -0.1087620236790417250, -0.04687499999999997918 ) ) ;
#1855 = ORIENTED_EDGE ( 'NONE', *, *, #376, .F. ) ;
#1856 = CARTESIAN_POINT ( 'NONE',  ( 0.08457648358027357316, -0.09153064584980900864, -0.02784213846272469428 ) ) ;
#1857 = ORIENTED_EDGE ( 'NONE', *, *, #1684, .T. ) ;
#1858 = CARTESIAN_POINT ( 'NONE',  ( -0.07812499999999993061, -0.1353164693413185515, 0.03125000000000004163 ) ) ;
#1859 = CARTESIAN_POINT ( 'NONE',  ( 0.1562500000000001388, -0.07880950133074078601, 0.02042468245269488461 ) ) ;
#1860 = FACE_OUTER_BOUND ( 'NONE', #1073, .T. ) ;
#1861 = ADVANCED_FACE ( 'NONE', ( #867 ), #437, .T. ) ;
ENDSEC;
END-ISO-10303-21;
