ISO-10303-21;
HEADER;
/* Generated by software containing ST-Developer
 * from STEP Tools, Inc. (www.steptools.com) 
 */
/* OPTION: using custom renumber hook */

FILE_DESCRIPTION(
/* description */ ('STEP AP203'),
/* implementation_level */ '2;1');

FILE_NAME(
/* name */ 'M2018TNW03-EC',
/* time_stamp */ '2026-08-31T19:38:28+02:00',
/* author */ ('License CC BY-ND 4.0'),
/* organization */ ('CADENAS'),
/* preprocessor_version */ 'ST-DEVELOPER v20',
/* originating_system */ 'PARTsolutions',
/* authorisation */ '  ');

FILE_SCHEMA (('CONFIG_CONTROL_DESIGN'));
ENDSEC;

DATA;
#10=PROPERTY_DEFINITION_REPRESENTATION(#14,#12);
#11=PROPERTY_DEFINITION_REPRESENTATION(#15,#13);
#12=REPRESENTATION('',(#16),#6742);
#13=REPRESENTATION('',(#17),#6742);
#14=PROPERTY_DEFINITION('pmi validation property','',#6762);
#15=PROPERTY_DEFINITION('pmi validation property','',#6762);
#16=VALUE_REPRESENTATION_ITEM('number of annotations',COUNT_MEASURE(0.));
#17=VALUE_REPRESENTATION_ITEM('number of views',COUNT_MEASURE(0.));
#18=ELLIPSE('',#4328,0.0664680374315354,0.047);
#19=ELLIPSE('',#4329,0.0664680374315356,0.047);
#20=ELLIPSE('',#4330,0.0664680374315356,0.047);
#21=ELLIPSE('',#4331,0.0664680374315354,0.047);
#22=ELLIPSE('',#4334,0.0664680374315355,0.047);
#23=ELLIPSE('',#4335,0.0664680374315353,0.047);
#24=ELLIPSE('',#4337,0.0664680374315353,0.047);
#25=ELLIPSE('',#4338,0.0664680374315355,0.047);
#26=ELLIPSE('',#4359,0.110337791896249,0.1);
#27=CONTEXT_DEPENDENT_SHAPE_REPRESENTATION(#39,#6764);
#28=CONTEXT_DEPENDENT_SHAPE_REPRESENTATION(#40,#6766);
#29=CONTEXT_DEPENDENT_SHAPE_REPRESENTATION(#41,#6768);
#30=CONTEXT_DEPENDENT_SHAPE_REPRESENTATION(#42,#6770);
#31=CONTEXT_DEPENDENT_SHAPE_REPRESENTATION(#43,#6772);
#32=CONTEXT_DEPENDENT_SHAPE_REPRESENTATION(#44,#6774);
#33=NEXT_ASSEMBLY_USAGE_OCCURRENCE('NAUO1','M201801-switch',
'M201801-switch',#6775,#6776,'');
#34=NEXT_ASSEMBLY_USAGE_OCCURRENCE('NAUO2','M201TN-cover',
'M201TN-cover',#6775,#6777,'');
#35=NEXT_ASSEMBLY_USAGE_OCCURRENCE('NAUO3','M201TN-fr-cover-t',
'M201TN-fr-cover-t',#6775,#6778,'');
#36=NEXT_ASSEMBLY_USAGE_OCCURRENCE('NAUO4','M20TN-fr-frame',
'M20TN-fr-frame',#6775,#6779,'');
#37=NEXT_ASSEMBLY_USAGE_OCCURRENCE('NAUO5','AT4149-C','AT4149-C',#6775,
#6780,'');
#38=NEXT_ASSEMBLY_USAGE_OCCURRENCE('NAUO6','M201803W-terminals',
'M201803W-terminals',#6775,#6781,'');
#39=(
REPRESENTATION_RELATIONSHIP(' ',' ',#4123,#4122)
REPRESENTATION_RELATIONSHIP_WITH_TRANSFORMATION(#45)
SHAPE_REPRESENTATION_RELATIONSHIP()
);
#40=(
REPRESENTATION_RELATIONSHIP(' ',' ',#4124,#4122)
REPRESENTATION_RELATIONSHIP_WITH_TRANSFORMATION(#46)
SHAPE_REPRESENTATION_RELATIONSHIP()
);
#41=(
REPRESENTATION_RELATIONSHIP(' ',' ',#4125,#4122)
REPRESENTATION_RELATIONSHIP_WITH_TRANSFORMATION(#47)
SHAPE_REPRESENTATION_RELATIONSHIP()
);
#42=(
REPRESENTATION_RELATIONSHIP(' ',' ',#4126,#4122)
REPRESENTATION_RELATIONSHIP_WITH_TRANSFORMATION(#48)
SHAPE_REPRESENTATION_RELATIONSHIP()
);
#43=(
REPRESENTATION_RELATIONSHIP(' ',' ',#4127,#4122)
REPRESENTATION_RELATIONSHIP_WITH_TRANSFORMATION(#49)
SHAPE_REPRESENTATION_RELATIONSHIP()
);
#44=(
REPRESENTATION_RELATIONSHIP(' ',' ',#4128,#4122)
REPRESENTATION_RELATIONSHIP_WITH_TRANSFORMATION(#50)
SHAPE_REPRESENTATION_RELATIONSHIP()
);
#45=ITEM_DEFINED_TRANSFORMATION(' ',' ',#4129,#4204);
#46=ITEM_DEFINED_TRANSFORMATION(' ',' ',#4129,#4271);
#47=ITEM_DEFINED_TRANSFORMATION(' ',' ',#4129,#4318);
#48=ITEM_DEFINED_TRANSFORMATION(' ',' ',#4129,#4355);
#49=ITEM_DEFINED_TRANSFORMATION(' ',' ',#4129,#4398);
#50=ITEM_DEFINED_TRANSFORMATION(' ',' ',#4129,#4450);
#51=SHAPE_REPRESENTATION_RELATIONSHIP('','',#4123,#57);
#52=SHAPE_REPRESENTATION_RELATIONSHIP('','',#4124,#58);
#53=SHAPE_REPRESENTATION_RELATIONSHIP('','',#4125,#59);
#54=SHAPE_REPRESENTATION_RELATIONSHIP('','',#4126,#60);
#55=SHAPE_REPRESENTATION_RELATIONSHIP('','',#4127,#61);
#56=SHAPE_REPRESENTATION_RELATIONSHIP('','',#4128,#62);
#57=ADVANCED_BREP_SHAPE_REPRESENTATION('',(#4109),#6743);
#58=ADVANCED_BREP_SHAPE_REPRESENTATION('',(#4110),#6744);
#59=ADVANCED_BREP_SHAPE_REPRESENTATION('',(#4111),#6745);
#60=ADVANCED_BREP_SHAPE_REPRESENTATION('',(#4112),#6746);
#61=ADVANCED_BREP_SHAPE_REPRESENTATION('',(#4113),#6747);
#62=ADVANCED_BREP_SHAPE_REPRESENTATION('',(#4114),#6748);
#63=CYLINDRICAL_SURFACE('',#4137,0.00512000000000001);
#64=CYLINDRICAL_SURFACE('',#4141,0.00512000000000003);
#65=CYLINDRICAL_SURFACE('',#4157,0.00512000000000001);
#66=CYLINDRICAL_SURFACE('',#4161,0.00512000000000003);
#67=CYLINDRICAL_SURFACE('',#4182,0.00511999999999998);
#68=CYLINDRICAL_SURFACE('',#4184,0.00511999999999996);
#69=CYLINDRICAL_SURFACE('',#4186,0.00512000000000006);
#70=CYLINDRICAL_SURFACE('',#4188,0.00511999999999999);
#71=CYLINDRICAL_SURFACE('',#4217,0.01);
#72=CYLINDRICAL_SURFACE('',#4220,0.01);
#73=CYLINDRICAL_SURFACE('',#4242,0.00999999999999998);
#74=CYLINDRICAL_SURFACE('',#4244,0.00999999999999997);
#75=CYLINDRICAL_SURFACE('',#4245,0.005);
#76=CYLINDRICAL_SURFACE('',#4249,0.005);
#77=CYLINDRICAL_SURFACE('',#4256,0.00499999999999995);
#78=CYLINDRICAL_SURFACE('',#4260,0.00499999999999995);
#79=CYLINDRICAL_SURFACE('',#4261,0.00500000000000001);
#80=CYLINDRICAL_SURFACE('',#4265,0.00499999999999995);
#81=CYLINDRICAL_SURFACE('',#4266,0.00499999999999995);
#82=CYLINDRICAL_SURFACE('',#4270,0.00500000000000001);
#83=CYLINDRICAL_SURFACE('',#4288,0.04);
#84=CYLINDRICAL_SURFACE('',#4290,0.02);
#85=CYLINDRICAL_SURFACE('',#4297,0.04);
#86=CYLINDRICAL_SURFACE('',#4299,0.02);
#87=CYLINDRICAL_SURFACE('',#4305,0.192);
#88=CYLINDRICAL_SURFACE('',#4309,0.192);
#89=CYLINDRICAL_SURFACE('',#4315,0.1);
#90=CYLINDRICAL_SURFACE('',#4326,0.047);
#91=CYLINDRICAL_SURFACE('',#4332,0.047);
#92=CYLINDRICAL_SURFACE('',#4371,0.332000000000001);
#93=CYLINDRICAL_SURFACE('',#4374,0.332);
#94=CYLINDRICAL_SURFACE('',#4376,0.740000000000025);
#95=CYLINDRICAL_SURFACE('',#4382,0.117);
#96=CYLINDRICAL_SURFACE('',#4386,0.117);
#97=CYLINDRICAL_SURFACE('',#4391,0.039);
#98=CYLINDRICAL_SURFACE('',#4392,0.039);
#99=CYLINDRICAL_SURFACE('',#4395,0.1);
#100=CYLINDRICAL_SURFACE('',#4400,0.00511999999999998);
#101=CYLINDRICAL_SURFACE('',#4404,0.00511999999999996);
#102=CYLINDRICAL_SURFACE('',#4408,0.00512000000000006);
#103=CYLINDRICAL_SURFACE('',#4412,0.00511999999999999);
#104=CYLINDRICAL_SURFACE('',#4420,0.023);
#105=CYLINDRICAL_SURFACE('',#4431,0.023);
#106=CYLINDRICAL_SURFACE('',#4442,0.023);
#107=CIRCLE('',#4131,0.00511999999999999);
#108=CIRCLE('',#4132,0.00512000000000006);
#109=CIRCLE('',#4133,0.00511999999999996);
#110=CIRCLE('',#4134,0.00511999999999998);
#111=CIRCLE('',#4138,0.00512000000000001);
#112=CIRCLE('',#4139,0.00512000000000001);
#113=CIRCLE('',#4142,0.00512000000000003);
#114=CIRCLE('',#4143,0.00512000000000003);
#115=CIRCLE('',#4158,0.00512000000000001);
#116=CIRCLE('',#4159,0.00512000000000001);
#117=CIRCLE('',#4162,0.00512000000000003);
#118=CIRCLE('',#4163,0.00512000000000003);
#119=CIRCLE('',#4176,0.00511999999999999);
#120=CIRCLE('',#4177,0.00511999999999998);
#121=CIRCLE('',#4178,0.00511999999999996);
#122=CIRCLE('',#4179,0.00512000000000006);
#123=CIRCLE('',#4206,0.005);
#124=CIRCLE('',#4207,0.00499999999999995);
#125=CIRCLE('',#4208,0.00500000000000001);
#126=CIRCLE('',#4209,0.00499999999999995);
#127=CIRCLE('',#4213,0.00499999999999995);
#128=CIRCLE('',#4214,0.00500000000000001);
#129=CIRCLE('',#4215,0.00499999999999995);
#130=CIRCLE('',#4216,0.005);
#131=CIRCLE('',#4218,0.01);
#132=CIRCLE('',#4219,0.01);
#133=CIRCLE('',#4221,0.01);
#134=CIRCLE('',#4222,0.01);
#135=CIRCLE('',#4224,0.005);
#136=CIRCLE('',#4225,0.00499999999999995);
#137=CIRCLE('',#4226,0.00500000000000001);
#138=CIRCLE('',#4227,0.00499999999999995);
#139=CIRCLE('',#4231,0.00499999999999995);
#140=CIRCLE('',#4232,0.00500000000000001);
#141=CIRCLE('',#4233,0.00499999999999995);
#142=CIRCLE('',#4234,0.005);
#143=CIRCLE('',#4236,0.00999999999999997);
#144=CIRCLE('',#4237,0.00999999999999998);
#145=CIRCLE('',#4239,0.00999999999999997);
#146=CIRCLE('',#4240,0.00999999999999998);
#147=CIRCLE('',#4277,0.02);
#148=CIRCLE('',#4278,0.04);
#149=CIRCLE('',#4281,0.02);
#150=CIRCLE('',#4282,0.04);
#151=CIRCLE('',#4289,0.04);
#152=CIRCLE('',#4291,0.02);
#153=CIRCLE('',#4298,0.04);
#154=CIRCLE('',#4300,0.02);
#155=CIRCLE('',#4306,0.192);
#156=CIRCLE('',#4307,0.192);
#157=CIRCLE('',#4310,0.192);
#158=CIRCLE('',#4311,0.192);
#159=CIRCLE('',#4313,0.1);
#160=CIRCLE('',#4316,0.1);
#161=CIRCLE('',#4322,0.047);
#162=CIRCLE('',#4324,0.047);
#163=CIRCLE('',#4325,0.047);
#164=CIRCLE('',#4327,0.047);
#165=CIRCLE('',#4333,0.047);
#166=CIRCLE('',#4336,0.047);
#167=CIRCLE('',#4357,0.1);
#168=CIRCLE('',#4361,0.332000000000001);
#169=CIRCLE('',#4362,0.740000000000025);
#170=CIRCLE('',#4363,0.332);
#171=CIRCLE('',#4364,0.117);
#172=CIRCLE('',#4366,0.117);
#173=CIRCLE('',#4367,0.332);
#174=CIRCLE('',#4368,0.740000000000025);
#175=CIRCLE('',#4369,0.332000000000001);
#176=CIRCLE('',#4378,0.039);
#177=CIRCLE('',#4379,0.117);
#178=CIRCLE('',#4384,0.039);
#179=CIRCLE('',#4385,0.117);
#180=CIRCLE('',#4390,0.039);
#181=CIRCLE('',#4393,0.039);
#182=CIRCLE('',#4396,0.1);
#183=CIRCLE('',#4401,0.00511999999999998);
#184=CIRCLE('',#4402,0.00511999999999998);
#185=CIRCLE('',#4405,0.00511999999999996);
#186=CIRCLE('',#4406,0.00511999999999996);
#187=CIRCLE('',#4409,0.00512000000000006);
#188=CIRCLE('',#4410,0.00512000000000006);
#189=CIRCLE('',#4413,0.00511999999999999);
#190=CIRCLE('',#4414,0.00511999999999999);
#191=CIRCLE('',#4421,0.023);
#192=CIRCLE('',#4422,0.023);
#193=CIRCLE('',#4432,0.023);
#194=CIRCLE('',#4433,0.023);
#195=CIRCLE('',#4443,0.023);
#196=CIRCLE('',#4444,0.023);
#197=ORIENTED_EDGE('',*,*,#1339,.T.);
#198=ORIENTED_EDGE('',*,*,#1340,.T.);
#199=ORIENTED_EDGE('',*,*,#1341,.T.);
#200=ORIENTED_EDGE('',*,*,#1342,.T.);
#201=ORIENTED_EDGE('',*,*,#1343,.F.);
#202=ORIENTED_EDGE('',*,*,#1344,.F.);
#203=ORIENTED_EDGE('',*,*,#1345,.F.);
#204=ORIENTED_EDGE('',*,*,#1346,.F.);
#205=ORIENTED_EDGE('',*,*,#1347,.F.);
#206=ORIENTED_EDGE('',*,*,#1348,.F.);
#207=ORIENTED_EDGE('',*,*,#1349,.F.);
#208=ORIENTED_EDGE('',*,*,#1350,.F.);
#209=ORIENTED_EDGE('',*,*,#1351,.T.);
#210=ORIENTED_EDGE('',*,*,#1352,.T.);
#211=ORIENTED_EDGE('',*,*,#1353,.T.);
#212=ORIENTED_EDGE('',*,*,#1354,.T.);
#213=ORIENTED_EDGE('',*,*,#1355,.T.);
#214=ORIENTED_EDGE('',*,*,#1356,.T.);
#215=ORIENTED_EDGE('',*,*,#1357,.T.);
#216=ORIENTED_EDGE('',*,*,#1358,.T.);
#217=ORIENTED_EDGE('',*,*,#1359,.F.);
#218=ORIENTED_EDGE('',*,*,#1360,.F.);
#219=ORIENTED_EDGE('',*,*,#1361,.T.);
#220=ORIENTED_EDGE('',*,*,#1362,.T.);
#221=ORIENTED_EDGE('',*,*,#1363,.F.);
#222=ORIENTED_EDGE('',*,*,#1362,.F.);
#223=ORIENTED_EDGE('',*,*,#1364,.T.);
#224=ORIENTED_EDGE('',*,*,#1365,.T.);
#225=ORIENTED_EDGE('',*,*,#1366,.F.);
#226=ORIENTED_EDGE('',*,*,#1365,.F.);
#227=ORIENTED_EDGE('',*,*,#1367,.T.);
#228=ORIENTED_EDGE('',*,*,#1368,.T.);
#229=ORIENTED_EDGE('',*,*,#1369,.F.);
#230=ORIENTED_EDGE('',*,*,#1368,.F.);
#231=ORIENTED_EDGE('',*,*,#1370,.T.);
#232=ORIENTED_EDGE('',*,*,#1371,.T.);
#233=ORIENTED_EDGE('',*,*,#1372,.F.);
#234=ORIENTED_EDGE('',*,*,#1371,.F.);
#235=ORIENTED_EDGE('',*,*,#1373,.T.);
#236=ORIENTED_EDGE('',*,*,#1374,.T.);
#237=ORIENTED_EDGE('',*,*,#1375,.F.);
#238=ORIENTED_EDGE('',*,*,#1374,.F.);
#239=ORIENTED_EDGE('',*,*,#1376,.T.);
#240=ORIENTED_EDGE('',*,*,#1377,.T.);
#241=ORIENTED_EDGE('',*,*,#1378,.F.);
#242=ORIENTED_EDGE('',*,*,#1377,.F.);
#243=ORIENTED_EDGE('',*,*,#1379,.T.);
#244=ORIENTED_EDGE('',*,*,#1380,.T.);
#245=ORIENTED_EDGE('',*,*,#1381,.F.);
#246=ORIENTED_EDGE('',*,*,#1380,.F.);
#247=ORIENTED_EDGE('',*,*,#1382,.T.);
#248=ORIENTED_EDGE('',*,*,#1383,.T.);
#249=ORIENTED_EDGE('',*,*,#1384,.F.);
#250=ORIENTED_EDGE('',*,*,#1383,.F.);
#251=ORIENTED_EDGE('',*,*,#1385,.T.);
#252=ORIENTED_EDGE('',*,*,#1386,.T.);
#253=ORIENTED_EDGE('',*,*,#1387,.F.);
#254=ORIENTED_EDGE('',*,*,#1386,.F.);
#255=ORIENTED_EDGE('',*,*,#1388,.T.);
#256=ORIENTED_EDGE('',*,*,#1389,.T.);
#257=ORIENTED_EDGE('',*,*,#1390,.F.);
#258=ORIENTED_EDGE('',*,*,#1389,.F.);
#259=ORIENTED_EDGE('',*,*,#1391,.T.);
#260=ORIENTED_EDGE('',*,*,#1392,.T.);
#261=ORIENTED_EDGE('',*,*,#1393,.F.);
#262=ORIENTED_EDGE('',*,*,#1392,.F.);
#263=ORIENTED_EDGE('',*,*,#1394,.T.);
#264=ORIENTED_EDGE('',*,*,#1395,.T.);
#265=ORIENTED_EDGE('',*,*,#1396,.F.);
#266=ORIENTED_EDGE('',*,*,#1395,.F.);
#267=ORIENTED_EDGE('',*,*,#1397,.T.);
#268=ORIENTED_EDGE('',*,*,#1398,.T.);
#269=ORIENTED_EDGE('',*,*,#1399,.F.);
#270=ORIENTED_EDGE('',*,*,#1398,.F.);
#271=ORIENTED_EDGE('',*,*,#1400,.T.);
#272=ORIENTED_EDGE('',*,*,#1401,.T.);
#273=ORIENTED_EDGE('',*,*,#1402,.F.);
#274=ORIENTED_EDGE('',*,*,#1401,.F.);
#275=ORIENTED_EDGE('',*,*,#1403,.T.);
#276=ORIENTED_EDGE('',*,*,#1404,.T.);
#277=ORIENTED_EDGE('',*,*,#1405,.F.);
#278=ORIENTED_EDGE('',*,*,#1404,.F.);
#279=ORIENTED_EDGE('',*,*,#1406,.T.);
#280=ORIENTED_EDGE('',*,*,#1407,.T.);
#281=ORIENTED_EDGE('',*,*,#1408,.F.);
#282=ORIENTED_EDGE('',*,*,#1407,.F.);
#283=ORIENTED_EDGE('',*,*,#1409,.T.);
#284=ORIENTED_EDGE('',*,*,#1410,.T.);
#285=ORIENTED_EDGE('',*,*,#1411,.F.);
#286=ORIENTED_EDGE('',*,*,#1410,.F.);
#287=ORIENTED_EDGE('',*,*,#1412,.T.);
#288=ORIENTED_EDGE('',*,*,#1413,.T.);
#289=ORIENTED_EDGE('',*,*,#1414,.F.);
#290=ORIENTED_EDGE('',*,*,#1413,.F.);
#291=ORIENTED_EDGE('',*,*,#1415,.T.);
#292=ORIENTED_EDGE('',*,*,#1416,.T.);
#293=ORIENTED_EDGE('',*,*,#1417,.F.);
#294=ORIENTED_EDGE('',*,*,#1416,.F.);
#295=ORIENTED_EDGE('',*,*,#1418,.T.);
#296=ORIENTED_EDGE('',*,*,#1419,.T.);
#297=ORIENTED_EDGE('',*,*,#1420,.F.);
#298=ORIENTED_EDGE('',*,*,#1419,.F.);
#299=ORIENTED_EDGE('',*,*,#1421,.T.);
#300=ORIENTED_EDGE('',*,*,#1422,.T.);
#301=ORIENTED_EDGE('',*,*,#1423,.F.);
#302=ORIENTED_EDGE('',*,*,#1422,.F.);
#303=ORIENTED_EDGE('',*,*,#1424,.T.);
#304=ORIENTED_EDGE('',*,*,#1425,.T.);
#305=ORIENTED_EDGE('',*,*,#1426,.F.);
#306=ORIENTED_EDGE('',*,*,#1425,.F.);
#307=ORIENTED_EDGE('',*,*,#1427,.T.);
#308=ORIENTED_EDGE('',*,*,#1428,.T.);
#309=ORIENTED_EDGE('',*,*,#1429,.F.);
#310=ORIENTED_EDGE('',*,*,#1428,.F.);
#311=ORIENTED_EDGE('',*,*,#1430,.T.);
#312=ORIENTED_EDGE('',*,*,#1431,.T.);
#313=ORIENTED_EDGE('',*,*,#1432,.F.);
#314=ORIENTED_EDGE('',*,*,#1431,.F.);
#315=ORIENTED_EDGE('',*,*,#1433,.T.);
#316=ORIENTED_EDGE('',*,*,#1434,.T.);
#317=ORIENTED_EDGE('',*,*,#1435,.F.);
#318=ORIENTED_EDGE('',*,*,#1434,.F.);
#319=ORIENTED_EDGE('',*,*,#1436,.T.);
#320=ORIENTED_EDGE('',*,*,#1437,.T.);
#321=ORIENTED_EDGE('',*,*,#1438,.F.);
#322=ORIENTED_EDGE('',*,*,#1437,.F.);
#323=ORIENTED_EDGE('',*,*,#1439,.T.);
#324=ORIENTED_EDGE('',*,*,#1440,.T.);
#325=ORIENTED_EDGE('',*,*,#1441,.F.);
#326=ORIENTED_EDGE('',*,*,#1440,.F.);
#327=ORIENTED_EDGE('',*,*,#1442,.T.);
#328=ORIENTED_EDGE('',*,*,#1443,.T.);
#329=ORIENTED_EDGE('',*,*,#1444,.F.);
#330=ORIENTED_EDGE('',*,*,#1443,.F.);
#331=ORIENTED_EDGE('',*,*,#1445,.T.);
#332=ORIENTED_EDGE('',*,*,#1446,.T.);
#333=ORIENTED_EDGE('',*,*,#1447,.F.);
#334=ORIENTED_EDGE('',*,*,#1446,.F.);
#335=ORIENTED_EDGE('',*,*,#1448,.T.);
#336=ORIENTED_EDGE('',*,*,#1449,.T.);
#337=ORIENTED_EDGE('',*,*,#1450,.F.);
#338=ORIENTED_EDGE('',*,*,#1449,.F.);
#339=ORIENTED_EDGE('',*,*,#1451,.T.);
#340=ORIENTED_EDGE('',*,*,#1452,.T.);
#341=ORIENTED_EDGE('',*,*,#1453,.F.);
#342=ORIENTED_EDGE('',*,*,#1452,.F.);
#343=ORIENTED_EDGE('',*,*,#1454,.T.);
#344=ORIENTED_EDGE('',*,*,#1360,.T.);
#345=ORIENTED_EDGE('',*,*,#1455,.T.);
#346=ORIENTED_EDGE('',*,*,#1456,.T.);
#347=ORIENTED_EDGE('',*,*,#1457,.T.);
#348=ORIENTED_EDGE('',*,*,#1458,.T.);
#349=ORIENTED_EDGE('',*,*,#1459,.T.);
#350=ORIENTED_EDGE('',*,*,#1460,.T.);
#351=ORIENTED_EDGE('',*,*,#1461,.T.);
#352=ORIENTED_EDGE('',*,*,#1462,.T.);
#353=ORIENTED_EDGE('',*,*,#1361,.F.);
#354=ORIENTED_EDGE('',*,*,#1454,.F.);
#355=ORIENTED_EDGE('',*,*,#1451,.F.);
#356=ORIENTED_EDGE('',*,*,#1448,.F.);
#357=ORIENTED_EDGE('',*,*,#1445,.F.);
#358=ORIENTED_EDGE('',*,*,#1442,.F.);
#359=ORIENTED_EDGE('',*,*,#1439,.F.);
#360=ORIENTED_EDGE('',*,*,#1436,.F.);
#361=ORIENTED_EDGE('',*,*,#1433,.F.);
#362=ORIENTED_EDGE('',*,*,#1430,.F.);
#363=ORIENTED_EDGE('',*,*,#1427,.F.);
#364=ORIENTED_EDGE('',*,*,#1424,.F.);
#365=ORIENTED_EDGE('',*,*,#1421,.F.);
#366=ORIENTED_EDGE('',*,*,#1418,.F.);
#367=ORIENTED_EDGE('',*,*,#1415,.F.);
#368=ORIENTED_EDGE('',*,*,#1412,.F.);
#369=ORIENTED_EDGE('',*,*,#1409,.F.);
#370=ORIENTED_EDGE('',*,*,#1406,.F.);
#371=ORIENTED_EDGE('',*,*,#1403,.F.);
#372=ORIENTED_EDGE('',*,*,#1400,.F.);
#373=ORIENTED_EDGE('',*,*,#1397,.F.);
#374=ORIENTED_EDGE('',*,*,#1394,.F.);
#375=ORIENTED_EDGE('',*,*,#1391,.F.);
#376=ORIENTED_EDGE('',*,*,#1388,.F.);
#377=ORIENTED_EDGE('',*,*,#1385,.F.);
#378=ORIENTED_EDGE('',*,*,#1382,.F.);
#379=ORIENTED_EDGE('',*,*,#1379,.F.);
#380=ORIENTED_EDGE('',*,*,#1376,.F.);
#381=ORIENTED_EDGE('',*,*,#1373,.F.);
#382=ORIENTED_EDGE('',*,*,#1370,.F.);
#383=ORIENTED_EDGE('',*,*,#1367,.F.);
#384=ORIENTED_EDGE('',*,*,#1364,.F.);
#385=ORIENTED_EDGE('',*,*,#1359,.T.);
#386=ORIENTED_EDGE('',*,*,#1363,.T.);
#387=ORIENTED_EDGE('',*,*,#1366,.T.);
#388=ORIENTED_EDGE('',*,*,#1369,.T.);
#389=ORIENTED_EDGE('',*,*,#1372,.T.);
#390=ORIENTED_EDGE('',*,*,#1375,.T.);
#391=ORIENTED_EDGE('',*,*,#1378,.T.);
#392=ORIENTED_EDGE('',*,*,#1381,.T.);
#393=ORIENTED_EDGE('',*,*,#1384,.T.);
#394=ORIENTED_EDGE('',*,*,#1387,.T.);
#395=ORIENTED_EDGE('',*,*,#1390,.T.);
#396=ORIENTED_EDGE('',*,*,#1393,.T.);
#397=ORIENTED_EDGE('',*,*,#1396,.T.);
#398=ORIENTED_EDGE('',*,*,#1399,.T.);
#399=ORIENTED_EDGE('',*,*,#1402,.T.);
#400=ORIENTED_EDGE('',*,*,#1405,.T.);
#401=ORIENTED_EDGE('',*,*,#1408,.T.);
#402=ORIENTED_EDGE('',*,*,#1411,.T.);
#403=ORIENTED_EDGE('',*,*,#1414,.T.);
#404=ORIENTED_EDGE('',*,*,#1417,.T.);
#405=ORIENTED_EDGE('',*,*,#1420,.T.);
#406=ORIENTED_EDGE('',*,*,#1423,.T.);
#407=ORIENTED_EDGE('',*,*,#1426,.T.);
#408=ORIENTED_EDGE('',*,*,#1429,.T.);
#409=ORIENTED_EDGE('',*,*,#1432,.T.);
#410=ORIENTED_EDGE('',*,*,#1435,.T.);
#411=ORIENTED_EDGE('',*,*,#1438,.T.);
#412=ORIENTED_EDGE('',*,*,#1441,.T.);
#413=ORIENTED_EDGE('',*,*,#1444,.T.);
#414=ORIENTED_EDGE('',*,*,#1447,.T.);
#415=ORIENTED_EDGE('',*,*,#1450,.T.);
#416=ORIENTED_EDGE('',*,*,#1453,.T.);
#417=ORIENTED_EDGE('',*,*,#1463,.T.);
#418=ORIENTED_EDGE('',*,*,#1343,.T.);
#419=ORIENTED_EDGE('',*,*,#1464,.F.);
#420=ORIENTED_EDGE('',*,*,#1456,.F.);
#421=ORIENTED_EDGE('',*,*,#1464,.T.);
#422=ORIENTED_EDGE('',*,*,#1350,.T.);
#423=ORIENTED_EDGE('',*,*,#1465,.F.);
#424=ORIENTED_EDGE('',*,*,#1457,.F.);
#425=ORIENTED_EDGE('',*,*,#1465,.T.);
#426=ORIENTED_EDGE('',*,*,#1349,.T.);
#427=ORIENTED_EDGE('',*,*,#1466,.F.);
#428=ORIENTED_EDGE('',*,*,#1458,.F.);
#429=ORIENTED_EDGE('',*,*,#1466,.T.);
#430=ORIENTED_EDGE('',*,*,#1348,.T.);
#431=ORIENTED_EDGE('',*,*,#1467,.F.);
#432=ORIENTED_EDGE('',*,*,#1459,.F.);
#433=ORIENTED_EDGE('',*,*,#1467,.T.);
#434=ORIENTED_EDGE('',*,*,#1347,.T.);
#435=ORIENTED_EDGE('',*,*,#1468,.F.);
#436=ORIENTED_EDGE('',*,*,#1460,.F.);
#437=ORIENTED_EDGE('',*,*,#1468,.T.);
#438=ORIENTED_EDGE('',*,*,#1346,.T.);
#439=ORIENTED_EDGE('',*,*,#1469,.F.);
#440=ORIENTED_EDGE('',*,*,#1461,.F.);
#441=ORIENTED_EDGE('',*,*,#1469,.T.);
#442=ORIENTED_EDGE('',*,*,#1345,.T.);
#443=ORIENTED_EDGE('',*,*,#1470,.F.);
#444=ORIENTED_EDGE('',*,*,#1462,.F.);
#445=ORIENTED_EDGE('',*,*,#1470,.T.);
#446=ORIENTED_EDGE('',*,*,#1344,.T.);
#447=ORIENTED_EDGE('',*,*,#1463,.F.);
#448=ORIENTED_EDGE('',*,*,#1455,.F.);
#449=ORIENTED_EDGE('',*,*,#1351,.F.);
#450=ORIENTED_EDGE('',*,*,#1471,.F.);
#451=ORIENTED_EDGE('',*,*,#1472,.T.);
#452=ORIENTED_EDGE('',*,*,#1473,.T.);
#453=ORIENTED_EDGE('',*,*,#1352,.F.);
#454=ORIENTED_EDGE('',*,*,#1473,.F.);
#455=ORIENTED_EDGE('',*,*,#1474,.T.);
#456=ORIENTED_EDGE('',*,*,#1475,.T.);
#457=ORIENTED_EDGE('',*,*,#1353,.F.);
#458=ORIENTED_EDGE('',*,*,#1475,.F.);
#459=ORIENTED_EDGE('',*,*,#1476,.T.);
#460=ORIENTED_EDGE('',*,*,#1477,.T.);
#461=ORIENTED_EDGE('',*,*,#1354,.F.);
#462=ORIENTED_EDGE('',*,*,#1477,.F.);
#463=ORIENTED_EDGE('',*,*,#1478,.T.);
#464=ORIENTED_EDGE('',*,*,#1471,.T.);
#465=ORIENTED_EDGE('',*,*,#1472,.F.);
#466=ORIENTED_EDGE('',*,*,#1478,.F.);
#467=ORIENTED_EDGE('',*,*,#1476,.F.);
#468=ORIENTED_EDGE('',*,*,#1474,.F.);
#469=ORIENTED_EDGE('',*,*,#1339,.F.);
#470=ORIENTED_EDGE('',*,*,#1479,.F.);
#471=ORIENTED_EDGE('',*,*,#1480,.T.);
#472=ORIENTED_EDGE('',*,*,#1481,.T.);
#473=ORIENTED_EDGE('',*,*,#1340,.F.);
#474=ORIENTED_EDGE('',*,*,#1481,.F.);
#475=ORIENTED_EDGE('',*,*,#1482,.T.);
#476=ORIENTED_EDGE('',*,*,#1483,.T.);
#477=ORIENTED_EDGE('',*,*,#1341,.F.);
#478=ORIENTED_EDGE('',*,*,#1483,.F.);
#479=ORIENTED_EDGE('',*,*,#1484,.T.);
#480=ORIENTED_EDGE('',*,*,#1485,.T.);
#481=ORIENTED_EDGE('',*,*,#1342,.F.);
#482=ORIENTED_EDGE('',*,*,#1485,.F.);
#483=ORIENTED_EDGE('',*,*,#1486,.T.);
#484=ORIENTED_EDGE('',*,*,#1479,.T.);
#485=ORIENTED_EDGE('',*,*,#1480,.F.);
#486=ORIENTED_EDGE('',*,*,#1486,.F.);
#487=ORIENTED_EDGE('',*,*,#1484,.F.);
#488=ORIENTED_EDGE('',*,*,#1482,.F.);
#489=ORIENTED_EDGE('',*,*,#1355,.F.);
#490=ORIENTED_EDGE('',*,*,#1487,.F.);
#491=ORIENTED_EDGE('',*,*,#1488,.T.);
#492=ORIENTED_EDGE('',*,*,#1489,.T.);
#493=ORIENTED_EDGE('',*,*,#1356,.F.);
#494=ORIENTED_EDGE('',*,*,#1489,.F.);
#495=ORIENTED_EDGE('',*,*,#1490,.T.);
#496=ORIENTED_EDGE('',*,*,#1491,.T.);
#497=ORIENTED_EDGE('',*,*,#1357,.F.);
#498=ORIENTED_EDGE('',*,*,#1491,.F.);
#499=ORIENTED_EDGE('',*,*,#1492,.T.);
#500=ORIENTED_EDGE('',*,*,#1493,.T.);
#501=ORIENTED_EDGE('',*,*,#1358,.F.);
#502=ORIENTED_EDGE('',*,*,#1493,.F.);
#503=ORIENTED_EDGE('',*,*,#1494,.T.);
#504=ORIENTED_EDGE('',*,*,#1487,.T.);
#505=ORIENTED_EDGE('',*,*,#1488,.F.);
#506=ORIENTED_EDGE('',*,*,#1494,.F.);
#507=ORIENTED_EDGE('',*,*,#1492,.F.);
#508=ORIENTED_EDGE('',*,*,#1490,.F.);
#509=ORIENTED_EDGE('',*,*,#1495,.T.);
#510=ORIENTED_EDGE('',*,*,#1496,.T.);
#511=ORIENTED_EDGE('',*,*,#1497,.T.);
#512=ORIENTED_EDGE('',*,*,#1498,.F.);
#513=ORIENTED_EDGE('',*,*,#1499,.F.);
#514=ORIENTED_EDGE('',*,*,#1500,.F.);
#515=ORIENTED_EDGE('',*,*,#1501,.T.);
#516=ORIENTED_EDGE('',*,*,#1502,.T.);
#517=ORIENTED_EDGE('',*,*,#1503,.T.);
#518=ORIENTED_EDGE('',*,*,#1504,.F.);
#519=ORIENTED_EDGE('',*,*,#1505,.F.);
#520=ORIENTED_EDGE('',*,*,#1506,.F.);
#521=ORIENTED_EDGE('',*,*,#1507,.T.);
#522=ORIENTED_EDGE('',*,*,#1508,.T.);
#523=ORIENTED_EDGE('',*,*,#1509,.T.);
#524=ORIENTED_EDGE('',*,*,#1510,.T.);
#525=ORIENTED_EDGE('',*,*,#1499,.T.);
#526=ORIENTED_EDGE('',*,*,#1511,.F.);
#527=ORIENTED_EDGE('',*,*,#1512,.F.);
#528=ORIENTED_EDGE('',*,*,#1513,.T.);
#529=ORIENTED_EDGE('',*,*,#1505,.T.);
#530=ORIENTED_EDGE('',*,*,#1514,.F.);
#531=ORIENTED_EDGE('',*,*,#1515,.F.);
#532=ORIENTED_EDGE('',*,*,#1516,.T.);
#533=ORIENTED_EDGE('',*,*,#1517,.F.);
#534=ORIENTED_EDGE('',*,*,#1518,.F.);
#535=ORIENTED_EDGE('',*,*,#1519,.F.);
#536=ORIENTED_EDGE('',*,*,#1520,.F.);
#537=ORIENTED_EDGE('',*,*,#1521,.F.);
#538=ORIENTED_EDGE('',*,*,#1522,.T.);
#539=ORIENTED_EDGE('',*,*,#1515,.T.);
#540=ORIENTED_EDGE('',*,*,#1523,.T.);
#541=ORIENTED_EDGE('',*,*,#1524,.F.);
#542=ORIENTED_EDGE('',*,*,#1525,.F.);
#543=ORIENTED_EDGE('',*,*,#1526,.F.);
#544=ORIENTED_EDGE('',*,*,#1527,.T.);
#545=ORIENTED_EDGE('',*,*,#1512,.T.);
#546=ORIENTED_EDGE('',*,*,#1528,.T.);
#547=ORIENTED_EDGE('',*,*,#1529,.F.);
#548=ORIENTED_EDGE('',*,*,#1530,.F.);
#549=ORIENTED_EDGE('',*,*,#1518,.T.);
#550=ORIENTED_EDGE('',*,*,#1531,.T.);
#551=ORIENTED_EDGE('',*,*,#1532,.F.);
#552=ORIENTED_EDGE('',*,*,#1533,.T.);
#553=ORIENTED_EDGE('',*,*,#1534,.T.);
#554=ORIENTED_EDGE('',*,*,#1535,.T.);
#555=ORIENTED_EDGE('',*,*,#1536,.F.);
#556=ORIENTED_EDGE('',*,*,#1537,.T.);
#557=ORIENTED_EDGE('',*,*,#1538,.F.);
#558=ORIENTED_EDGE('',*,*,#1539,.F.);
#559=ORIENTED_EDGE('',*,*,#1540,.F.);
#560=ORIENTED_EDGE('',*,*,#1541,.T.);
#561=ORIENTED_EDGE('',*,*,#1542,.F.);
#562=ORIENTED_EDGE('',*,*,#1543,.T.);
#563=ORIENTED_EDGE('',*,*,#1544,.F.);
#564=ORIENTED_EDGE('',*,*,#1545,.F.);
#565=ORIENTED_EDGE('',*,*,#1546,.F.);
#566=ORIENTED_EDGE('',*,*,#1547,.T.);
#567=ORIENTED_EDGE('',*,*,#1548,.F.);
#568=ORIENTED_EDGE('',*,*,#1549,.T.);
#569=ORIENTED_EDGE('',*,*,#1550,.F.);
#570=ORIENTED_EDGE('',*,*,#1551,.F.);
#571=ORIENTED_EDGE('',*,*,#1552,.F.);
#572=ORIENTED_EDGE('',*,*,#1536,.T.);
#573=ORIENTED_EDGE('',*,*,#1542,.T.);
#574=ORIENTED_EDGE('',*,*,#1553,.F.);
#575=ORIENTED_EDGE('',*,*,#1554,.F.);
#576=ORIENTED_EDGE('',*,*,#1555,.T.);
#577=ORIENTED_EDGE('',*,*,#1548,.T.);
#578=ORIENTED_EDGE('',*,*,#1556,.F.);
#579=ORIENTED_EDGE('',*,*,#1557,.F.);
#580=ORIENTED_EDGE('',*,*,#1558,.T.);
#581=ORIENTED_EDGE('',*,*,#1559,.F.);
#582=ORIENTED_EDGE('',*,*,#1560,.F.);
#583=ORIENTED_EDGE('',*,*,#1561,.F.);
#584=ORIENTED_EDGE('',*,*,#1562,.F.);
#585=ORIENTED_EDGE('',*,*,#1563,.F.);
#586=ORIENTED_EDGE('',*,*,#1564,.T.);
#587=ORIENTED_EDGE('',*,*,#1557,.T.);
#588=ORIENTED_EDGE('',*,*,#1565,.T.);
#589=ORIENTED_EDGE('',*,*,#1566,.F.);
#590=ORIENTED_EDGE('',*,*,#1567,.F.);
#591=ORIENTED_EDGE('',*,*,#1568,.F.);
#592=ORIENTED_EDGE('',*,*,#1569,.T.);
#593=ORIENTED_EDGE('',*,*,#1554,.T.);
#594=ORIENTED_EDGE('',*,*,#1570,.T.);
#595=ORIENTED_EDGE('',*,*,#1571,.F.);
#596=ORIENTED_EDGE('',*,*,#1572,.F.);
#597=ORIENTED_EDGE('',*,*,#1573,.T.);
#598=ORIENTED_EDGE('',*,*,#1574,.T.);
#599=ORIENTED_EDGE('',*,*,#1575,.T.);
#600=ORIENTED_EDGE('',*,*,#1576,.T.);
#601=ORIENTED_EDGE('',*,*,#1577,.F.);
#602=ORIENTED_EDGE('',*,*,#1578,.F.);
#603=ORIENTED_EDGE('',*,*,#1579,.F.);
#604=ORIENTED_EDGE('',*,*,#1580,.F.);
#605=ORIENTED_EDGE('',*,*,#1574,.F.);
#606=ORIENTED_EDGE('',*,*,#1581,.T.);
#607=ORIENTED_EDGE('',*,*,#1582,.F.);
#608=ORIENTED_EDGE('',*,*,#1532,.T.);
#609=ORIENTED_EDGE('',*,*,#1583,.T.);
#610=ORIENTED_EDGE('',*,*,#1584,.F.);
#611=ORIENTED_EDGE('',*,*,#1577,.T.);
#612=ORIENTED_EDGE('',*,*,#1585,.T.);
#613=ORIENTED_EDGE('',*,*,#1586,.T.);
#614=ORIENTED_EDGE('',*,*,#1534,.F.);
#615=ORIENTED_EDGE('',*,*,#1587,.F.);
#616=ORIENTED_EDGE('',*,*,#1588,.F.);
#617=ORIENTED_EDGE('',*,*,#1580,.T.);
#618=ORIENTED_EDGE('',*,*,#1589,.F.);
#619=ORIENTED_EDGE('',*,*,#1575,.F.);
#620=ORIENTED_EDGE('',*,*,#1588,.T.);
#621=ORIENTED_EDGE('',*,*,#1560,.T.);
#622=ORIENTED_EDGE('',*,*,#1585,.F.);
#623=ORIENTED_EDGE('',*,*,#1579,.T.);
#624=ORIENTED_EDGE('',*,*,#1590,.F.);
#625=ORIENTED_EDGE('',*,*,#1576,.F.);
#626=ORIENTED_EDGE('',*,*,#1589,.T.);
#627=ORIENTED_EDGE('',*,*,#1578,.T.);
#628=ORIENTED_EDGE('',*,*,#1584,.T.);
#629=ORIENTED_EDGE('',*,*,#1510,.F.);
#630=ORIENTED_EDGE('',*,*,#1581,.F.);
#631=ORIENTED_EDGE('',*,*,#1573,.F.);
#632=ORIENTED_EDGE('',*,*,#1590,.T.);
#633=ORIENTED_EDGE('',*,*,#1591,.F.);
#634=ORIENTED_EDGE('',*,*,#1570,.F.);
#635=ORIENTED_EDGE('',*,*,#1553,.T.);
#636=ORIENTED_EDGE('',*,*,#1541,.F.);
#637=ORIENTED_EDGE('',*,*,#1540,.T.);
#638=ORIENTED_EDGE('',*,*,#1592,.F.);
#639=ORIENTED_EDGE('',*,*,#1571,.T.);
#640=ORIENTED_EDGE('',*,*,#1591,.T.);
#641=ORIENTED_EDGE('',*,*,#1539,.T.);
#642=ORIENTED_EDGE('',*,*,#1593,.F.);
#643=ORIENTED_EDGE('',*,*,#1572,.T.);
#644=ORIENTED_EDGE('',*,*,#1592,.T.);
#645=ORIENTED_EDGE('',*,*,#1586,.F.);
#646=ORIENTED_EDGE('',*,*,#1559,.T.);
#647=ORIENTED_EDGE('',*,*,#1593,.T.);
#648=ORIENTED_EDGE('',*,*,#1538,.T.);
#649=ORIENTED_EDGE('',*,*,#1535,.F.);
#650=ORIENTED_EDGE('',*,*,#1511,.T.);
#651=ORIENTED_EDGE('',*,*,#1498,.T.);
#652=ORIENTED_EDGE('',*,*,#1594,.F.);
#653=ORIENTED_EDGE('',*,*,#1528,.F.);
#654=ORIENTED_EDGE('',*,*,#1529,.T.);
#655=ORIENTED_EDGE('',*,*,#1594,.T.);
#656=ORIENTED_EDGE('',*,*,#1497,.F.);
#657=ORIENTED_EDGE('',*,*,#1595,.F.);
#658=ORIENTED_EDGE('',*,*,#1517,.T.);
#659=ORIENTED_EDGE('',*,*,#1596,.T.);
#660=ORIENTED_EDGE('',*,*,#1495,.F.);
#661=ORIENTED_EDGE('',*,*,#1583,.F.);
#662=ORIENTED_EDGE('',*,*,#1531,.F.);
#663=ORIENTED_EDGE('',*,*,#1530,.T.);
#664=ORIENTED_EDGE('',*,*,#1595,.T.);
#665=ORIENTED_EDGE('',*,*,#1496,.F.);
#666=ORIENTED_EDGE('',*,*,#1596,.F.);
#667=ORIENTED_EDGE('',*,*,#1552,.T.);
#668=ORIENTED_EDGE('',*,*,#1597,.F.);
#669=ORIENTED_EDGE('',*,*,#1561,.T.);
#670=ORIENTED_EDGE('',*,*,#1587,.T.);
#671=ORIENTED_EDGE('',*,*,#1537,.F.);
#672=ORIENTED_EDGE('',*,*,#1551,.T.);
#673=ORIENTED_EDGE('',*,*,#1598,.F.);
#674=ORIENTED_EDGE('',*,*,#1562,.T.);
#675=ORIENTED_EDGE('',*,*,#1597,.T.);
#676=ORIENTED_EDGE('',*,*,#1550,.T.);
#677=ORIENTED_EDGE('',*,*,#1599,.F.);
#678=ORIENTED_EDGE('',*,*,#1563,.T.);
#679=ORIENTED_EDGE('',*,*,#1598,.T.);
#680=ORIENTED_EDGE('',*,*,#1558,.F.);
#681=ORIENTED_EDGE('',*,*,#1564,.F.);
#682=ORIENTED_EDGE('',*,*,#1599,.T.);
#683=ORIENTED_EDGE('',*,*,#1549,.F.);
#684=ORIENTED_EDGE('',*,*,#1519,.T.);
#685=ORIENTED_EDGE('',*,*,#1533,.F.);
#686=ORIENTED_EDGE('',*,*,#1582,.T.);
#687=ORIENTED_EDGE('',*,*,#1509,.F.);
#688=ORIENTED_EDGE('',*,*,#1600,.F.);
#689=ORIENTED_EDGE('',*,*,#1520,.T.);
#690=ORIENTED_EDGE('',*,*,#1600,.T.);
#691=ORIENTED_EDGE('',*,*,#1508,.F.);
#692=ORIENTED_EDGE('',*,*,#1601,.F.);
#693=ORIENTED_EDGE('',*,*,#1521,.T.);
#694=ORIENTED_EDGE('',*,*,#1601,.T.);
#695=ORIENTED_EDGE('',*,*,#1507,.F.);
#696=ORIENTED_EDGE('',*,*,#1602,.F.);
#697=ORIENTED_EDGE('',*,*,#1602,.T.);
#698=ORIENTED_EDGE('',*,*,#1506,.T.);
#699=ORIENTED_EDGE('',*,*,#1516,.F.);
#700=ORIENTED_EDGE('',*,*,#1522,.F.);
#701=ORIENTED_EDGE('',*,*,#1603,.F.);
#702=ORIENTED_EDGE('',*,*,#1565,.F.);
#703=ORIENTED_EDGE('',*,*,#1556,.T.);
#704=ORIENTED_EDGE('',*,*,#1547,.F.);
#705=ORIENTED_EDGE('',*,*,#1546,.T.);
#706=ORIENTED_EDGE('',*,*,#1604,.F.);
#707=ORIENTED_EDGE('',*,*,#1566,.T.);
#708=ORIENTED_EDGE('',*,*,#1603,.T.);
#709=ORIENTED_EDGE('',*,*,#1545,.T.);
#710=ORIENTED_EDGE('',*,*,#1605,.F.);
#711=ORIENTED_EDGE('',*,*,#1567,.T.);
#712=ORIENTED_EDGE('',*,*,#1604,.T.);
#713=ORIENTED_EDGE('',*,*,#1544,.T.);
#714=ORIENTED_EDGE('',*,*,#1606,.F.);
#715=ORIENTED_EDGE('',*,*,#1568,.T.);
#716=ORIENTED_EDGE('',*,*,#1605,.T.);
#717=ORIENTED_EDGE('',*,*,#1555,.F.);
#718=ORIENTED_EDGE('',*,*,#1569,.F.);
#719=ORIENTED_EDGE('',*,*,#1606,.T.);
#720=ORIENTED_EDGE('',*,*,#1543,.F.);
#721=ORIENTED_EDGE('',*,*,#1607,.T.);
#722=ORIENTED_EDGE('',*,*,#1500,.T.);
#723=ORIENTED_EDGE('',*,*,#1513,.F.);
#724=ORIENTED_EDGE('',*,*,#1527,.F.);
#725=ORIENTED_EDGE('',*,*,#1526,.T.);
#726=ORIENTED_EDGE('',*,*,#1608,.T.);
#727=ORIENTED_EDGE('',*,*,#1501,.F.);
#728=ORIENTED_EDGE('',*,*,#1607,.F.);
#729=ORIENTED_EDGE('',*,*,#1525,.T.);
#730=ORIENTED_EDGE('',*,*,#1609,.T.);
#731=ORIENTED_EDGE('',*,*,#1502,.F.);
#732=ORIENTED_EDGE('',*,*,#1608,.F.);
#733=ORIENTED_EDGE('',*,*,#1524,.T.);
#734=ORIENTED_EDGE('',*,*,#1610,.T.);
#735=ORIENTED_EDGE('',*,*,#1503,.F.);
#736=ORIENTED_EDGE('',*,*,#1609,.F.);
#737=ORIENTED_EDGE('',*,*,#1514,.T.);
#738=ORIENTED_EDGE('',*,*,#1504,.T.);
#739=ORIENTED_EDGE('',*,*,#1610,.F.);
#740=ORIENTED_EDGE('',*,*,#1523,.F.);
#741=ORIENTED_EDGE('',*,*,#1611,.T.);
#742=ORIENTED_EDGE('',*,*,#1612,.F.);
#743=ORIENTED_EDGE('',*,*,#1613,.F.);
#744=ORIENTED_EDGE('',*,*,#1614,.F.);
#745=ORIENTED_EDGE('',*,*,#1615,.T.);
#746=ORIENTED_EDGE('',*,*,#1616,.T.);
#747=ORIENTED_EDGE('',*,*,#1617,.T.);
#748=ORIENTED_EDGE('',*,*,#1618,.T.);
#749=ORIENTED_EDGE('',*,*,#1619,.F.);
#750=ORIENTED_EDGE('',*,*,#1620,.T.);
#751=ORIENTED_EDGE('',*,*,#1621,.T.);
#752=ORIENTED_EDGE('',*,*,#1622,.T.);
#753=ORIENTED_EDGE('',*,*,#1623,.T.);
#754=ORIENTED_EDGE('',*,*,#1613,.T.);
#755=ORIENTED_EDGE('',*,*,#1624,.T.);
#756=ORIENTED_EDGE('',*,*,#1625,.T.);
#757=ORIENTED_EDGE('',*,*,#1626,.T.);
#758=ORIENTED_EDGE('',*,*,#1627,.T.);
#759=ORIENTED_EDGE('',*,*,#1628,.F.);
#760=ORIENTED_EDGE('',*,*,#1618,.F.);
#761=ORIENTED_EDGE('',*,*,#1629,.T.);
#762=ORIENTED_EDGE('',*,*,#1630,.F.);
#763=ORIENTED_EDGE('',*,*,#1626,.F.);
#764=ORIENTED_EDGE('',*,*,#1631,.T.);
#765=ORIENTED_EDGE('',*,*,#1632,.T.);
#766=ORIENTED_EDGE('',*,*,#1633,.F.);
#767=ORIENTED_EDGE('',*,*,#1620,.F.);
#768=ORIENTED_EDGE('',*,*,#1634,.F.);
#769=ORIENTED_EDGE('',*,*,#1635,.F.);
#770=ORIENTED_EDGE('',*,*,#1636,.F.);
#771=ORIENTED_EDGE('',*,*,#1637,.F.);
#772=ORIENTED_EDGE('',*,*,#1638,.F.);
#773=ORIENTED_EDGE('',*,*,#1627,.F.);
#774=ORIENTED_EDGE('',*,*,#1630,.T.);
#775=ORIENTED_EDGE('',*,*,#1639,.T.);
#776=ORIENTED_EDGE('',*,*,#1640,.T.);
#777=ORIENTED_EDGE('',*,*,#1641,.F.);
#778=ORIENTED_EDGE('',*,*,#1621,.F.);
#779=ORIENTED_EDGE('',*,*,#1633,.T.);
#780=ORIENTED_EDGE('',*,*,#1642,.T.);
#781=ORIENTED_EDGE('',*,*,#1631,.F.);
#782=ORIENTED_EDGE('',*,*,#1625,.F.);
#783=ORIENTED_EDGE('',*,*,#1643,.T.);
#784=ORIENTED_EDGE('',*,*,#1644,.T.);
#785=ORIENTED_EDGE('',*,*,#1645,.T.);
#786=ORIENTED_EDGE('',*,*,#1646,.T.);
#787=ORIENTED_EDGE('',*,*,#1647,.T.);
#788=ORIENTED_EDGE('',*,*,#1622,.F.);
#789=ORIENTED_EDGE('',*,*,#1641,.T.);
#790=ORIENTED_EDGE('',*,*,#1648,.F.);
#791=ORIENTED_EDGE('',*,*,#1640,.F.);
#792=ORIENTED_EDGE('',*,*,#1632,.F.);
#793=ORIENTED_EDGE('',*,*,#1629,.F.);
#794=ORIENTED_EDGE('',*,*,#1642,.F.);
#795=ORIENTED_EDGE('',*,*,#1649,.T.);
#796=ORIENTED_EDGE('',*,*,#1650,.F.);
#797=ORIENTED_EDGE('',*,*,#1646,.F.);
#798=ORIENTED_EDGE('',*,*,#1651,.T.);
#799=ORIENTED_EDGE('',*,*,#1623,.F.);
#800=ORIENTED_EDGE('',*,*,#1647,.F.);
#801=ORIENTED_EDGE('',*,*,#1650,.T.);
#802=ORIENTED_EDGE('',*,*,#1652,.T.);
#803=ORIENTED_EDGE('',*,*,#1653,.T.);
#804=ORIENTED_EDGE('',*,*,#1614,.T.);
#805=ORIENTED_EDGE('',*,*,#1624,.F.);
#806=ORIENTED_EDGE('',*,*,#1612,.T.);
#807=ORIENTED_EDGE('',*,*,#1654,.T.);
#808=ORIENTED_EDGE('',*,*,#1655,.T.);
#809=ORIENTED_EDGE('',*,*,#1656,.F.);
#810=ORIENTED_EDGE('',*,*,#1643,.F.);
#811=ORIENTED_EDGE('',*,*,#1657,.T.);
#812=ORIENTED_EDGE('',*,*,#1658,.F.);
#813=ORIENTED_EDGE('',*,*,#1644,.F.);
#814=ORIENTED_EDGE('',*,*,#1656,.T.);
#815=ORIENTED_EDGE('',*,*,#1648,.T.);
#816=ORIENTED_EDGE('',*,*,#1659,.F.);
#817=ORIENTED_EDGE('',*,*,#1660,.T.);
#818=ORIENTED_EDGE('',*,*,#1651,.F.);
#819=ORIENTED_EDGE('',*,*,#1645,.F.);
#820=ORIENTED_EDGE('',*,*,#1658,.T.);
#821=ORIENTED_EDGE('',*,*,#1655,.F.);
#822=ORIENTED_EDGE('',*,*,#1661,.F.);
#823=ORIENTED_EDGE('',*,*,#1652,.F.);
#824=ORIENTED_EDGE('',*,*,#1649,.F.);
#825=ORIENTED_EDGE('',*,*,#1660,.F.);
#826=ORIENTED_EDGE('',*,*,#1657,.F.);
#827=ORIENTED_EDGE('',*,*,#1659,.T.);
#828=ORIENTED_EDGE('',*,*,#1662,.F.);
#829=ORIENTED_EDGE('',*,*,#1663,.F.);
#830=ORIENTED_EDGE('',*,*,#1635,.T.);
#831=ORIENTED_EDGE('',*,*,#1664,.T.);
#832=ORIENTED_EDGE('',*,*,#1634,.T.);
#833=ORIENTED_EDGE('',*,*,#1619,.T.);
#834=ORIENTED_EDGE('',*,*,#1617,.F.);
#835=ORIENTED_EDGE('',*,*,#1665,.F.);
#836=ORIENTED_EDGE('',*,*,#1666,.F.);
#837=ORIENTED_EDGE('',*,*,#1664,.F.);
#838=ORIENTED_EDGE('',*,*,#1615,.F.);
#839=ORIENTED_EDGE('',*,*,#1628,.T.);
#840=ORIENTED_EDGE('',*,*,#1638,.T.);
#841=ORIENTED_EDGE('',*,*,#1667,.T.);
#842=ORIENTED_EDGE('',*,*,#1668,.F.);
#843=ORIENTED_EDGE('',*,*,#1669,.F.);
#844=ORIENTED_EDGE('',*,*,#1670,.F.);
#845=ORIENTED_EDGE('',*,*,#1667,.F.);
#846=ORIENTED_EDGE('',*,*,#1637,.T.);
#847=ORIENTED_EDGE('',*,*,#1671,.T.);
#848=ORIENTED_EDGE('',*,*,#1639,.F.);
#849=ORIENTED_EDGE('',*,*,#1672,.T.);
#850=ORIENTED_EDGE('',*,*,#1673,.F.);
#851=ORIENTED_EDGE('',*,*,#1671,.F.);
#852=ORIENTED_EDGE('',*,*,#1636,.T.);
#853=ORIENTED_EDGE('',*,*,#1663,.T.);
#854=ORIENTED_EDGE('',*,*,#1674,.F.);
#855=ORIENTED_EDGE('',*,*,#1668,.T.);
#856=ORIENTED_EDGE('',*,*,#1670,.T.);
#857=ORIENTED_EDGE('',*,*,#1673,.T.);
#858=ORIENTED_EDGE('',*,*,#1662,.T.);
#859=ORIENTED_EDGE('',*,*,#1666,.T.);
#860=ORIENTED_EDGE('',*,*,#1672,.F.);
#861=ORIENTED_EDGE('',*,*,#1675,.T.);
#862=ORIENTED_EDGE('',*,*,#1653,.F.);
#863=ORIENTED_EDGE('',*,*,#1676,.F.);
#864=ORIENTED_EDGE('',*,*,#1677,.T.);
#865=ORIENTED_EDGE('',*,*,#1678,.F.);
#866=ORIENTED_EDGE('',*,*,#1654,.F.);
#867=ORIENTED_EDGE('',*,*,#1679,.T.);
#868=ORIENTED_EDGE('',*,*,#1680,.F.);
#869=ORIENTED_EDGE('',*,*,#1665,.T.);
#870=ORIENTED_EDGE('',*,*,#1681,.T.);
#871=ORIENTED_EDGE('',*,*,#1682,.F.);
#872=ORIENTED_EDGE('',*,*,#1683,.F.);
#873=ORIENTED_EDGE('',*,*,#1684,.T.);
#874=ORIENTED_EDGE('',*,*,#1685,.F.);
#875=ORIENTED_EDGE('',*,*,#1686,.F.);
#876=ORIENTED_EDGE('',*,*,#1680,.T.);
#877=ORIENTED_EDGE('',*,*,#1669,.T.);
#878=ORIENTED_EDGE('',*,*,#1687,.F.);
#879=ORIENTED_EDGE('',*,*,#1685,.T.);
#880=ORIENTED_EDGE('',*,*,#1688,.T.);
#881=ORIENTED_EDGE('',*,*,#1689,.T.);
#882=ORIENTED_EDGE('',*,*,#1677,.F.);
#883=ORIENTED_EDGE('',*,*,#1690,.F.);
#884=ORIENTED_EDGE('',*,*,#1682,.T.);
#885=ORIENTED_EDGE('',*,*,#1691,.T.);
#886=ORIENTED_EDGE('',*,*,#1686,.T.);
#887=ORIENTED_EDGE('',*,*,#1687,.T.);
#888=ORIENTED_EDGE('',*,*,#1674,.T.);
#889=ORIENTED_EDGE('',*,*,#1683,.T.);
#890=ORIENTED_EDGE('',*,*,#1690,.T.);
#891=ORIENTED_EDGE('',*,*,#1676,.T.);
#892=ORIENTED_EDGE('',*,*,#1661,.T.);
#893=ORIENTED_EDGE('',*,*,#1678,.T.);
#894=ORIENTED_EDGE('',*,*,#1684,.F.);
#895=ORIENTED_EDGE('',*,*,#1679,.F.);
#896=ORIENTED_EDGE('',*,*,#1611,.F.);
#897=ORIENTED_EDGE('',*,*,#1675,.F.);
#898=ORIENTED_EDGE('',*,*,#1689,.F.);
#899=ORIENTED_EDGE('',*,*,#1681,.F.);
#900=ORIENTED_EDGE('',*,*,#1616,.F.);
#901=ORIENTED_EDGE('',*,*,#1688,.F.);
#902=ORIENTED_EDGE('',*,*,#1691,.F.);
#903=ORIENTED_EDGE('',*,*,#1692,.F.);
#904=ORIENTED_EDGE('',*,*,#1692,.T.);
#905=ORIENTED_EDGE('',*,*,#1693,.T.);
#906=ORIENTED_EDGE('',*,*,#1694,.T.);
#907=ORIENTED_EDGE('',*,*,#1695,.F.);
#908=ORIENTED_EDGE('',*,*,#1696,.T.);
#909=ORIENTED_EDGE('',*,*,#1697,.T.);
#910=ORIENTED_EDGE('',*,*,#1698,.F.);
#911=ORIENTED_EDGE('',*,*,#1699,.T.);
#912=ORIENTED_EDGE('',*,*,#1700,.T.);
#913=ORIENTED_EDGE('',*,*,#1701,.F.);
#914=ORIENTED_EDGE('',*,*,#1702,.F.);
#915=ORIENTED_EDGE('',*,*,#1703,.F.);
#916=ORIENTED_EDGE('',*,*,#1704,.F.);
#917=ORIENTED_EDGE('',*,*,#1705,.T.);
#918=ORIENTED_EDGE('',*,*,#1706,.T.);
#919=ORIENTED_EDGE('',*,*,#1707,.F.);
#920=ORIENTED_EDGE('',*,*,#1708,.F.);
#921=ORIENTED_EDGE('',*,*,#1709,.F.);
#922=ORIENTED_EDGE('',*,*,#1710,.F.);
#923=ORIENTED_EDGE('',*,*,#1711,.F.);
#924=ORIENTED_EDGE('',*,*,#1712,.F.);
#925=ORIENTED_EDGE('',*,*,#1704,.T.);
#926=ORIENTED_EDGE('',*,*,#1713,.T.);
#927=ORIENTED_EDGE('',*,*,#1714,.F.);
#928=ORIENTED_EDGE('',*,*,#1715,.T.);
#929=ORIENTED_EDGE('',*,*,#1702,.T.);
#930=ORIENTED_EDGE('',*,*,#1716,.T.);
#931=ORIENTED_EDGE('',*,*,#1717,.T.);
#932=ORIENTED_EDGE('',*,*,#1718,.T.);
#933=ORIENTED_EDGE('',*,*,#1695,.T.);
#934=ORIENTED_EDGE('',*,*,#1719,.F.);
#935=ORIENTED_EDGE('',*,*,#1720,.F.);
#936=ORIENTED_EDGE('',*,*,#1721,.F.);
#937=ORIENTED_EDGE('',*,*,#1711,.T.);
#938=ORIENTED_EDGE('',*,*,#1722,.T.);
#939=ORIENTED_EDGE('',*,*,#1723,.F.);
#940=ORIENTED_EDGE('',*,*,#1724,.T.);
#941=ORIENTED_EDGE('',*,*,#1725,.F.);
#942=ORIENTED_EDGE('',*,*,#1714,.T.);
#943=ORIENTED_EDGE('',*,*,#1726,.T.);
#944=ORIENTED_EDGE('',*,*,#1727,.T.);
#945=ORIENTED_EDGE('',*,*,#1720,.T.);
#946=ORIENTED_EDGE('',*,*,#1728,.T.);
#947=ORIENTED_EDGE('',*,*,#1729,.T.);
#948=ORIENTED_EDGE('',*,*,#1730,.F.);
#949=ORIENTED_EDGE('',*,*,#1723,.T.);
#950=ORIENTED_EDGE('',*,*,#1731,.T.);
#951=ORIENTED_EDGE('',*,*,#1732,.T.);
#952=ORIENTED_EDGE('',*,*,#1733,.T.);
#953=ORIENTED_EDGE('',*,*,#1734,.T.);
#954=ORIENTED_EDGE('',*,*,#1735,.T.);
#955=ORIENTED_EDGE('',*,*,#1698,.T.);
#956=ORIENTED_EDGE('',*,*,#1736,.T.);
#957=ORIENTED_EDGE('',*,*,#1733,.F.);
#958=ORIENTED_EDGE('',*,*,#1737,.F.);
#959=ORIENTED_EDGE('',*,*,#1708,.T.);
#960=ORIENTED_EDGE('',*,*,#1738,.T.);
#961=ORIENTED_EDGE('',*,*,#1739,.T.);
#962=ORIENTED_EDGE('',*,*,#1740,.T.);
#963=ORIENTED_EDGE('',*,*,#1741,.T.);
#964=ORIENTED_EDGE('',*,*,#1742,.F.);
#965=ORIENTED_EDGE('',*,*,#1716,.F.);
#966=ORIENTED_EDGE('',*,*,#1701,.T.);
#967=ORIENTED_EDGE('',*,*,#1743,.T.);
#968=ORIENTED_EDGE('',*,*,#1744,.F.);
#969=ORIENTED_EDGE('',*,*,#1717,.F.);
#970=ORIENTED_EDGE('',*,*,#1742,.T.);
#971=ORIENTED_EDGE('',*,*,#1745,.T.);
#972=ORIENTED_EDGE('',*,*,#1705,.F.);
#973=ORIENTED_EDGE('',*,*,#1718,.F.);
#974=ORIENTED_EDGE('',*,*,#1744,.T.);
#975=ORIENTED_EDGE('',*,*,#1746,.T.);
#976=ORIENTED_EDGE('',*,*,#1747,.F.);
#977=ORIENTED_EDGE('',*,*,#1738,.F.);
#978=ORIENTED_EDGE('',*,*,#1707,.T.);
#979=ORIENTED_EDGE('',*,*,#1748,.T.);
#980=ORIENTED_EDGE('',*,*,#1749,.F.);
#981=ORIENTED_EDGE('',*,*,#1739,.F.);
#982=ORIENTED_EDGE('',*,*,#1747,.T.);
#983=ORIENTED_EDGE('',*,*,#1750,.T.);
#984=ORIENTED_EDGE('',*,*,#1699,.F.);
#985=ORIENTED_EDGE('',*,*,#1740,.F.);
#986=ORIENTED_EDGE('',*,*,#1749,.T.);
#987=ORIENTED_EDGE('',*,*,#1725,.T.);
#988=ORIENTED_EDGE('',*,*,#1730,.T.);
#989=ORIENTED_EDGE('',*,*,#1700,.F.);
#990=ORIENTED_EDGE('',*,*,#1750,.F.);
#991=ORIENTED_EDGE('',*,*,#1748,.F.);
#992=ORIENTED_EDGE('',*,*,#1746,.F.);
#993=ORIENTED_EDGE('',*,*,#1706,.F.);
#994=ORIENTED_EDGE('',*,*,#1745,.F.);
#995=ORIENTED_EDGE('',*,*,#1743,.F.);
#996=ORIENTED_EDGE('',*,*,#1741,.F.);
#997=ORIENTED_EDGE('',*,*,#1751,.F.);
#998=ORIENTED_EDGE('',*,*,#1709,.T.);
#999=ORIENTED_EDGE('',*,*,#1737,.T.);
#1000=ORIENTED_EDGE('',*,*,#1732,.F.);
#1001=ORIENTED_EDGE('',*,*,#1722,.F.);
#1002=ORIENTED_EDGE('',*,*,#1710,.T.);
#1003=ORIENTED_EDGE('',*,*,#1751,.T.);
#1004=ORIENTED_EDGE('',*,*,#1731,.F.);
#1005=ORIENTED_EDGE('',*,*,#1752,.T.);
#1006=ORIENTED_EDGE('',*,*,#1696,.F.);
#1007=ORIENTED_EDGE('',*,*,#1724,.F.);
#1008=ORIENTED_EDGE('',*,*,#1735,.F.);
#1009=ORIENTED_EDGE('',*,*,#1736,.F.);
#1010=ORIENTED_EDGE('',*,*,#1697,.F.);
#1011=ORIENTED_EDGE('',*,*,#1752,.F.);
#1012=ORIENTED_EDGE('',*,*,#1734,.F.);
#1013=ORIENTED_EDGE('',*,*,#1719,.T.);
#1014=ORIENTED_EDGE('',*,*,#1694,.F.);
#1015=ORIENTED_EDGE('',*,*,#1753,.F.);
#1016=ORIENTED_EDGE('',*,*,#1728,.F.);
#1017=ORIENTED_EDGE('',*,*,#1753,.T.);
#1018=ORIENTED_EDGE('',*,*,#1693,.F.);
#1019=ORIENTED_EDGE('',*,*,#1715,.F.);
#1020=ORIENTED_EDGE('',*,*,#1729,.F.);
#1021=ORIENTED_EDGE('',*,*,#1754,.F.);
#1022=ORIENTED_EDGE('',*,*,#1712,.T.);
#1023=ORIENTED_EDGE('',*,*,#1721,.T.);
#1024=ORIENTED_EDGE('',*,*,#1727,.F.);
#1025=ORIENTED_EDGE('',*,*,#1713,.F.);
#1026=ORIENTED_EDGE('',*,*,#1703,.T.);
#1027=ORIENTED_EDGE('',*,*,#1754,.T.);
#1028=ORIENTED_EDGE('',*,*,#1726,.F.);
#1029=ORIENTED_EDGE('',*,*,#1755,.F.);
#1030=ORIENTED_EDGE('',*,*,#1756,.F.);
#1031=ORIENTED_EDGE('',*,*,#1757,.F.);
#1032=ORIENTED_EDGE('',*,*,#1758,.F.);
#1033=ORIENTED_EDGE('',*,*,#1759,.F.);
#1034=ORIENTED_EDGE('',*,*,#1760,.T.);
#1035=ORIENTED_EDGE('',*,*,#1761,.T.);
#1036=ORIENTED_EDGE('',*,*,#1762,.F.);
#1037=ORIENTED_EDGE('',*,*,#1763,.T.);
#1038=ORIENTED_EDGE('',*,*,#1764,.F.);
#1039=ORIENTED_EDGE('',*,*,#1765,.F.);
#1040=ORIENTED_EDGE('',*,*,#1764,.T.);
#1041=ORIENTED_EDGE('',*,*,#1766,.T.);
#1042=ORIENTED_EDGE('',*,*,#1767,.F.);
#1043=ORIENTED_EDGE('',*,*,#1768,.T.);
#1044=ORIENTED_EDGE('',*,*,#1769,.F.);
#1045=ORIENTED_EDGE('',*,*,#1770,.F.);
#1046=ORIENTED_EDGE('',*,*,#1771,.F.);
#1047=ORIENTED_EDGE('',*,*,#1772,.F.);
#1048=ORIENTED_EDGE('',*,*,#1756,.T.);
#1049=ORIENTED_EDGE('',*,*,#1773,.F.);
#1050=ORIENTED_EDGE('',*,*,#1761,.F.);
#1051=ORIENTED_EDGE('',*,*,#1774,.F.);
#1052=ORIENTED_EDGE('',*,*,#1775,.F.);
#1053=ORIENTED_EDGE('',*,*,#1776,.F.);
#1054=ORIENTED_EDGE('',*,*,#1777,.F.);
#1055=ORIENTED_EDGE('',*,*,#1778,.F.);
#1056=ORIENTED_EDGE('',*,*,#1779,.F.);
#1057=ORIENTED_EDGE('',*,*,#1780,.F.);
#1058=ORIENTED_EDGE('',*,*,#1768,.F.);
#1059=ORIENTED_EDGE('',*,*,#1781,.F.);
#1060=ORIENTED_EDGE('',*,*,#1782,.F.);
#1061=ORIENTED_EDGE('',*,*,#1759,.T.);
#1062=ORIENTED_EDGE('',*,*,#1783,.T.);
#1063=ORIENTED_EDGE('',*,*,#1784,.T.);
#1064=ORIENTED_EDGE('',*,*,#1785,.T.);
#1065=ORIENTED_EDGE('',*,*,#1770,.T.);
#1066=ORIENTED_EDGE('',*,*,#1786,.T.);
#1067=ORIENTED_EDGE('',*,*,#1787,.T.);
#1068=ORIENTED_EDGE('',*,*,#1788,.T.);
#1069=ORIENTED_EDGE('',*,*,#1789,.T.);
#1070=ORIENTED_EDGE('',*,*,#1790,.T.);
#1071=ORIENTED_EDGE('',*,*,#1791,.T.);
#1072=ORIENTED_EDGE('',*,*,#1792,.T.);
#1073=ORIENTED_EDGE('',*,*,#1776,.T.);
#1074=ORIENTED_EDGE('',*,*,#1793,.F.);
#1075=ORIENTED_EDGE('',*,*,#1790,.F.);
#1076=ORIENTED_EDGE('',*,*,#1794,.T.);
#1077=ORIENTED_EDGE('',*,*,#1775,.T.);
#1078=ORIENTED_EDGE('',*,*,#1795,.F.);
#1079=ORIENTED_EDGE('',*,*,#1791,.F.);
#1080=ORIENTED_EDGE('',*,*,#1793,.T.);
#1081=ORIENTED_EDGE('',*,*,#1774,.T.);
#1082=ORIENTED_EDGE('',*,*,#1760,.F.);
#1083=ORIENTED_EDGE('',*,*,#1792,.F.);
#1084=ORIENTED_EDGE('',*,*,#1795,.T.);
#1085=ORIENTED_EDGE('',*,*,#1780,.T.);
#1086=ORIENTED_EDGE('',*,*,#1796,.F.);
#1087=ORIENTED_EDGE('',*,*,#1786,.F.);
#1088=ORIENTED_EDGE('',*,*,#1769,.T.);
#1089=ORIENTED_EDGE('',*,*,#1779,.T.);
#1090=ORIENTED_EDGE('',*,*,#1797,.F.);
#1091=ORIENTED_EDGE('',*,*,#1787,.F.);
#1092=ORIENTED_EDGE('',*,*,#1796,.T.);
#1093=ORIENTED_EDGE('',*,*,#1778,.T.);
#1094=ORIENTED_EDGE('',*,*,#1798,.F.);
#1095=ORIENTED_EDGE('',*,*,#1788,.F.);
#1096=ORIENTED_EDGE('',*,*,#1797,.T.);
#1097=ORIENTED_EDGE('',*,*,#1777,.T.);
#1098=ORIENTED_EDGE('',*,*,#1794,.F.);
#1099=ORIENTED_EDGE('',*,*,#1789,.F.);
#1100=ORIENTED_EDGE('',*,*,#1798,.T.);
#1101=ORIENTED_EDGE('',*,*,#1799,.T.);
#1102=ORIENTED_EDGE('',*,*,#1757,.T.);
#1103=ORIENTED_EDGE('',*,*,#1772,.T.);
#1104=ORIENTED_EDGE('',*,*,#1800,.T.);
#1105=ORIENTED_EDGE('',*,*,#1801,.T.);
#1106=ORIENTED_EDGE('',*,*,#1802,.T.);
#1107=ORIENTED_EDGE('',*,*,#1758,.T.);
#1108=ORIENTED_EDGE('',*,*,#1802,.F.);
#1109=ORIENTED_EDGE('',*,*,#1803,.F.);
#1110=ORIENTED_EDGE('',*,*,#1783,.F.);
#1111=ORIENTED_EDGE('',*,*,#1771,.T.);
#1112=ORIENTED_EDGE('',*,*,#1785,.F.);
#1113=ORIENTED_EDGE('',*,*,#1804,.T.);
#1114=ORIENTED_EDGE('',*,*,#1800,.F.);
#1115=ORIENTED_EDGE('',*,*,#1803,.T.);
#1116=ORIENTED_EDGE('',*,*,#1801,.F.);
#1117=ORIENTED_EDGE('',*,*,#1804,.F.);
#1118=ORIENTED_EDGE('',*,*,#1784,.F.);
#1119=ORIENTED_EDGE('',*,*,#1805,.F.);
#1120=ORIENTED_EDGE('',*,*,#1806,.F.);
#1121=ORIENTED_EDGE('',*,*,#1807,.F.);
#1122=ORIENTED_EDGE('',*,*,#1808,.F.);
#1123=ORIENTED_EDGE('',*,*,#1766,.F.);
#1124=ORIENTED_EDGE('',*,*,#1763,.F.);
#1125=ORIENTED_EDGE('',*,*,#1782,.T.);
#1126=ORIENTED_EDGE('',*,*,#1809,.F.);
#1127=ORIENTED_EDGE('',*,*,#1807,.T.);
#1128=ORIENTED_EDGE('',*,*,#1810,.T.);
#1129=ORIENTED_EDGE('',*,*,#1762,.T.);
#1130=ORIENTED_EDGE('',*,*,#1773,.T.);
#1131=ORIENTED_EDGE('',*,*,#1810,.F.);
#1132=ORIENTED_EDGE('',*,*,#1806,.T.);
#1133=ORIENTED_EDGE('',*,*,#1767,.T.);
#1134=ORIENTED_EDGE('',*,*,#1808,.T.);
#1135=ORIENTED_EDGE('',*,*,#1809,.T.);
#1136=ORIENTED_EDGE('',*,*,#1781,.T.);
#1137=ORIENTED_EDGE('',*,*,#1811,.F.);
#1138=ORIENTED_EDGE('',*,*,#1811,.T.);
#1139=ORIENTED_EDGE('',*,*,#1805,.T.);
#1140=ORIENTED_EDGE('',*,*,#1799,.F.);
#1141=ORIENTED_EDGE('',*,*,#1812,.F.);
#1142=ORIENTED_EDGE('',*,*,#1812,.T.);
#1143=ORIENTED_EDGE('',*,*,#1813,.T.);
#1144=ORIENTED_EDGE('',*,*,#1755,.T.);
#1145=ORIENTED_EDGE('',*,*,#1765,.T.);
#1146=ORIENTED_EDGE('',*,*,#1813,.F.);
#1147=ORIENTED_EDGE('',*,*,#1814,.T.);
#1148=ORIENTED_EDGE('',*,*,#1815,.F.);
#1149=ORIENTED_EDGE('',*,*,#1816,.F.);
#1150=ORIENTED_EDGE('',*,*,#1817,.T.);
#1151=ORIENTED_EDGE('',*,*,#1818,.T.);
#1152=ORIENTED_EDGE('',*,*,#1819,.F.);
#1153=ORIENTED_EDGE('',*,*,#1820,.F.);
#1154=ORIENTED_EDGE('',*,*,#1815,.T.);
#1155=ORIENTED_EDGE('',*,*,#1821,.T.);
#1156=ORIENTED_EDGE('',*,*,#1822,.F.);
#1157=ORIENTED_EDGE('',*,*,#1823,.F.);
#1158=ORIENTED_EDGE('',*,*,#1819,.T.);
#1159=ORIENTED_EDGE('',*,*,#1824,.T.);
#1160=ORIENTED_EDGE('',*,*,#1825,.F.);
#1161=ORIENTED_EDGE('',*,*,#1826,.F.);
#1162=ORIENTED_EDGE('',*,*,#1822,.T.);
#1163=ORIENTED_EDGE('',*,*,#1827,.T.);
#1164=ORIENTED_EDGE('',*,*,#1828,.F.);
#1165=ORIENTED_EDGE('',*,*,#1829,.F.);
#1166=ORIENTED_EDGE('',*,*,#1825,.T.);
#1167=ORIENTED_EDGE('',*,*,#1830,.T.);
#1168=ORIENTED_EDGE('',*,*,#1831,.F.);
#1169=ORIENTED_EDGE('',*,*,#1832,.F.);
#1170=ORIENTED_EDGE('',*,*,#1828,.T.);
#1171=ORIENTED_EDGE('',*,*,#1833,.T.);
#1172=ORIENTED_EDGE('',*,*,#1834,.F.);
#1173=ORIENTED_EDGE('',*,*,#1835,.F.);
#1174=ORIENTED_EDGE('',*,*,#1831,.T.);
#1175=ORIENTED_EDGE('',*,*,#1836,.T.);
#1176=ORIENTED_EDGE('',*,*,#1817,.F.);
#1177=ORIENTED_EDGE('',*,*,#1837,.F.);
#1178=ORIENTED_EDGE('',*,*,#1834,.T.);
#1179=ORIENTED_EDGE('',*,*,#1816,.T.);
#1180=ORIENTED_EDGE('',*,*,#1820,.T.);
#1181=ORIENTED_EDGE('',*,*,#1823,.T.);
#1182=ORIENTED_EDGE('',*,*,#1826,.T.);
#1183=ORIENTED_EDGE('',*,*,#1829,.T.);
#1184=ORIENTED_EDGE('',*,*,#1832,.T.);
#1185=ORIENTED_EDGE('',*,*,#1835,.T.);
#1186=ORIENTED_EDGE('',*,*,#1837,.T.);
#1187=ORIENTED_EDGE('',*,*,#1838,.F.);
#1188=ORIENTED_EDGE('',*,*,#1839,.F.);
#1189=ORIENTED_EDGE('',*,*,#1840,.T.);
#1190=ORIENTED_EDGE('',*,*,#1841,.T.);
#1191=ORIENTED_EDGE('',*,*,#1842,.F.);
#1192=ORIENTED_EDGE('',*,*,#1843,.F.);
#1193=ORIENTED_EDGE('',*,*,#1844,.T.);
#1194=ORIENTED_EDGE('',*,*,#1845,.T.);
#1195=ORIENTED_EDGE('',*,*,#1846,.F.);
#1196=ORIENTED_EDGE('',*,*,#1847,.F.);
#1197=ORIENTED_EDGE('',*,*,#1848,.T.);
#1198=ORIENTED_EDGE('',*,*,#1849,.T.);
#1199=ORIENTED_EDGE('',*,*,#1814,.F.);
#1200=ORIENTED_EDGE('',*,*,#1836,.F.);
#1201=ORIENTED_EDGE('',*,*,#1833,.F.);
#1202=ORIENTED_EDGE('',*,*,#1830,.F.);
#1203=ORIENTED_EDGE('',*,*,#1827,.F.);
#1204=ORIENTED_EDGE('',*,*,#1824,.F.);
#1205=ORIENTED_EDGE('',*,*,#1821,.F.);
#1206=ORIENTED_EDGE('',*,*,#1818,.F.);
#1207=ORIENTED_EDGE('',*,*,#1850,.T.);
#1208=ORIENTED_EDGE('',*,*,#1851,.F.);
#1209=ORIENTED_EDGE('',*,*,#1852,.F.);
#1210=ORIENTED_EDGE('',*,*,#1846,.T.);
#1211=ORIENTED_EDGE('',*,*,#1853,.T.);
#1212=ORIENTED_EDGE('',*,*,#1854,.F.);
#1213=ORIENTED_EDGE('',*,*,#1855,.F.);
#1214=ORIENTED_EDGE('',*,*,#1851,.T.);
#1215=ORIENTED_EDGE('',*,*,#1856,.T.);
#1216=ORIENTED_EDGE('',*,*,#1857,.F.);
#1217=ORIENTED_EDGE('',*,*,#1858,.F.);
#1218=ORIENTED_EDGE('',*,*,#1854,.T.);
#1219=ORIENTED_EDGE('',*,*,#1859,.T.);
#1220=ORIENTED_EDGE('',*,*,#1860,.F.);
#1221=ORIENTED_EDGE('',*,*,#1861,.F.);
#1222=ORIENTED_EDGE('',*,*,#1857,.T.);
#1223=ORIENTED_EDGE('',*,*,#1862,.T.);
#1224=ORIENTED_EDGE('',*,*,#1863,.F.);
#1225=ORIENTED_EDGE('',*,*,#1864,.F.);
#1226=ORIENTED_EDGE('',*,*,#1860,.T.);
#1227=ORIENTED_EDGE('',*,*,#1865,.T.);
#1228=ORIENTED_EDGE('',*,*,#1866,.F.);
#1229=ORIENTED_EDGE('',*,*,#1867,.F.);
#1230=ORIENTED_EDGE('',*,*,#1863,.T.);
#1231=ORIENTED_EDGE('',*,*,#1868,.T.);
#1232=ORIENTED_EDGE('',*,*,#1848,.F.);
#1233=ORIENTED_EDGE('',*,*,#1869,.F.);
#1234=ORIENTED_EDGE('',*,*,#1866,.T.);
#1235=ORIENTED_EDGE('',*,*,#1852,.T.);
#1236=ORIENTED_EDGE('',*,*,#1855,.T.);
#1237=ORIENTED_EDGE('',*,*,#1858,.T.);
#1238=ORIENTED_EDGE('',*,*,#1861,.T.);
#1239=ORIENTED_EDGE('',*,*,#1864,.T.);
#1240=ORIENTED_EDGE('',*,*,#1867,.T.);
#1241=ORIENTED_EDGE('',*,*,#1869,.T.);
#1242=ORIENTED_EDGE('',*,*,#1847,.T.);
#1243=ORIENTED_EDGE('',*,*,#1850,.F.);
#1244=ORIENTED_EDGE('',*,*,#1849,.F.);
#1245=ORIENTED_EDGE('',*,*,#1868,.F.);
#1246=ORIENTED_EDGE('',*,*,#1865,.F.);
#1247=ORIENTED_EDGE('',*,*,#1862,.F.);
#1248=ORIENTED_EDGE('',*,*,#1859,.F.);
#1249=ORIENTED_EDGE('',*,*,#1856,.F.);
#1250=ORIENTED_EDGE('',*,*,#1853,.F.);
#1251=ORIENTED_EDGE('',*,*,#1870,.T.);
#1252=ORIENTED_EDGE('',*,*,#1871,.F.);
#1253=ORIENTED_EDGE('',*,*,#1872,.F.);
#1254=ORIENTED_EDGE('',*,*,#1842,.T.);
#1255=ORIENTED_EDGE('',*,*,#1873,.T.);
#1256=ORIENTED_EDGE('',*,*,#1874,.F.);
#1257=ORIENTED_EDGE('',*,*,#1875,.F.);
#1258=ORIENTED_EDGE('',*,*,#1871,.T.);
#1259=ORIENTED_EDGE('',*,*,#1876,.T.);
#1260=ORIENTED_EDGE('',*,*,#1877,.F.);
#1261=ORIENTED_EDGE('',*,*,#1878,.F.);
#1262=ORIENTED_EDGE('',*,*,#1874,.T.);
#1263=ORIENTED_EDGE('',*,*,#1879,.T.);
#1264=ORIENTED_EDGE('',*,*,#1880,.F.);
#1265=ORIENTED_EDGE('',*,*,#1881,.F.);
#1266=ORIENTED_EDGE('',*,*,#1877,.T.);
#1267=ORIENTED_EDGE('',*,*,#1882,.T.);
#1268=ORIENTED_EDGE('',*,*,#1883,.F.);
#1269=ORIENTED_EDGE('',*,*,#1884,.F.);
#1270=ORIENTED_EDGE('',*,*,#1880,.T.);
#1271=ORIENTED_EDGE('',*,*,#1885,.T.);
#1272=ORIENTED_EDGE('',*,*,#1886,.F.);
#1273=ORIENTED_EDGE('',*,*,#1887,.F.);
#1274=ORIENTED_EDGE('',*,*,#1883,.T.);
#1275=ORIENTED_EDGE('',*,*,#1888,.T.);
#1276=ORIENTED_EDGE('',*,*,#1844,.F.);
#1277=ORIENTED_EDGE('',*,*,#1889,.F.);
#1278=ORIENTED_EDGE('',*,*,#1886,.T.);
#1279=ORIENTED_EDGE('',*,*,#1872,.T.);
#1280=ORIENTED_EDGE('',*,*,#1875,.T.);
#1281=ORIENTED_EDGE('',*,*,#1878,.T.);
#1282=ORIENTED_EDGE('',*,*,#1881,.T.);
#1283=ORIENTED_EDGE('',*,*,#1884,.T.);
#1284=ORIENTED_EDGE('',*,*,#1887,.T.);
#1285=ORIENTED_EDGE('',*,*,#1889,.T.);
#1286=ORIENTED_EDGE('',*,*,#1843,.T.);
#1287=ORIENTED_EDGE('',*,*,#1870,.F.);
#1288=ORIENTED_EDGE('',*,*,#1845,.F.);
#1289=ORIENTED_EDGE('',*,*,#1888,.F.);
#1290=ORIENTED_EDGE('',*,*,#1885,.F.);
#1291=ORIENTED_EDGE('',*,*,#1882,.F.);
#1292=ORIENTED_EDGE('',*,*,#1879,.F.);
#1293=ORIENTED_EDGE('',*,*,#1876,.F.);
#1294=ORIENTED_EDGE('',*,*,#1873,.F.);
#1295=ORIENTED_EDGE('',*,*,#1890,.T.);
#1296=ORIENTED_EDGE('',*,*,#1891,.F.);
#1297=ORIENTED_EDGE('',*,*,#1892,.F.);
#1298=ORIENTED_EDGE('',*,*,#1838,.T.);
#1299=ORIENTED_EDGE('',*,*,#1893,.T.);
#1300=ORIENTED_EDGE('',*,*,#1894,.F.);
#1301=ORIENTED_EDGE('',*,*,#1895,.F.);
#1302=ORIENTED_EDGE('',*,*,#1891,.T.);
#1303=ORIENTED_EDGE('',*,*,#1896,.T.);
#1304=ORIENTED_EDGE('',*,*,#1897,.F.);
#1305=ORIENTED_EDGE('',*,*,#1898,.F.);
#1306=ORIENTED_EDGE('',*,*,#1894,.T.);
#1307=ORIENTED_EDGE('',*,*,#1899,.T.);
#1308=ORIENTED_EDGE('',*,*,#1900,.F.);
#1309=ORIENTED_EDGE('',*,*,#1901,.F.);
#1310=ORIENTED_EDGE('',*,*,#1897,.T.);
#1311=ORIENTED_EDGE('',*,*,#1902,.T.);
#1312=ORIENTED_EDGE('',*,*,#1903,.F.);
#1313=ORIENTED_EDGE('',*,*,#1904,.F.);
#1314=ORIENTED_EDGE('',*,*,#1900,.T.);
#1315=ORIENTED_EDGE('',*,*,#1905,.T.);
#1316=ORIENTED_EDGE('',*,*,#1906,.F.);
#1317=ORIENTED_EDGE('',*,*,#1907,.F.);
#1318=ORIENTED_EDGE('',*,*,#1903,.T.);
#1319=ORIENTED_EDGE('',*,*,#1908,.T.);
#1320=ORIENTED_EDGE('',*,*,#1840,.F.);
#1321=ORIENTED_EDGE('',*,*,#1909,.F.);
#1322=ORIENTED_EDGE('',*,*,#1906,.T.);
#1323=ORIENTED_EDGE('',*,*,#1892,.T.);
#1324=ORIENTED_EDGE('',*,*,#1895,.T.);
#1325=ORIENTED_EDGE('',*,*,#1898,.T.);
#1326=ORIENTED_EDGE('',*,*,#1901,.T.);
#1327=ORIENTED_EDGE('',*,*,#1904,.T.);
#1328=ORIENTED_EDGE('',*,*,#1907,.T.);
#1329=ORIENTED_EDGE('',*,*,#1909,.T.);
#1330=ORIENTED_EDGE('',*,*,#1839,.T.);
#1331=ORIENTED_EDGE('',*,*,#1890,.F.);
#1332=ORIENTED_EDGE('',*,*,#1841,.F.);
#1333=ORIENTED_EDGE('',*,*,#1908,.F.);
#1334=ORIENTED_EDGE('',*,*,#1905,.F.);
#1335=ORIENTED_EDGE('',*,*,#1902,.F.);
#1336=ORIENTED_EDGE('',*,*,#1899,.F.);
#1337=ORIENTED_EDGE('',*,*,#1896,.F.);
#1338=ORIENTED_EDGE('',*,*,#1893,.F.);
#1339=EDGE_CURVE('',#1910,#1911,#2291,.T.);
#1340=EDGE_CURVE('',#1911,#1912,#2292,.T.);
#1341=EDGE_CURVE('',#1912,#1913,#2293,.T.);
#1342=EDGE_CURVE('',#1913,#1910,#2294,.T.);
#1343=EDGE_CURVE('',#1914,#1915,#2295,.T.);
#1344=EDGE_CURVE('',#1916,#1914,#107,.T.);
#1345=EDGE_CURVE('',#1917,#1916,#2296,.T.);
#1346=EDGE_CURVE('',#1918,#1917,#108,.T.);
#1347=EDGE_CURVE('',#1919,#1918,#2297,.T.);
#1348=EDGE_CURVE('',#1920,#1919,#109,.T.);
#1349=EDGE_CURVE('',#1921,#1920,#2298,.T.);
#1350=EDGE_CURVE('',#1915,#1921,#110,.T.);
#1351=EDGE_CURVE('',#1922,#1923,#2299,.T.);
#1352=EDGE_CURVE('',#1923,#1924,#2300,.T.);
#1353=EDGE_CURVE('',#1924,#1925,#2301,.T.);
#1354=EDGE_CURVE('',#1925,#1922,#2302,.T.);
#1355=EDGE_CURVE('',#1926,#1927,#2303,.T.);
#1356=EDGE_CURVE('',#1927,#1928,#2304,.T.);
#1357=EDGE_CURVE('',#1928,#1929,#2305,.T.);
#1358=EDGE_CURVE('',#1929,#1926,#2306,.T.);
#1359=EDGE_CURVE('',#1930,#1931,#2307,.T.);
#1360=EDGE_CURVE('',#1932,#1930,#2308,.T.);
#1361=EDGE_CURVE('',#1932,#1933,#2309,.T.);
#1362=EDGE_CURVE('',#1933,#1931,#2310,.T.);
#1363=EDGE_CURVE('',#1931,#1934,#2311,.T.);
#1364=EDGE_CURVE('',#1933,#1935,#2312,.T.);
#1365=EDGE_CURVE('',#1935,#1934,#2313,.T.);
#1366=EDGE_CURVE('',#1934,#1936,#111,.T.);
#1367=EDGE_CURVE('',#1935,#1937,#112,.T.);
#1368=EDGE_CURVE('',#1937,#1936,#2314,.T.);
#1369=EDGE_CURVE('',#1936,#1938,#2315,.T.);
#1370=EDGE_CURVE('',#1937,#1939,#2316,.T.);
#1371=EDGE_CURVE('',#1939,#1938,#2317,.T.);
#1372=EDGE_CURVE('',#1938,#1940,#113,.T.);
#1373=EDGE_CURVE('',#1939,#1941,#114,.T.);
#1374=EDGE_CURVE('',#1941,#1940,#2318,.T.);
#1375=EDGE_CURVE('',#1940,#1942,#2319,.T.);
#1376=EDGE_CURVE('',#1941,#1943,#2320,.T.);
#1377=EDGE_CURVE('',#1943,#1942,#2321,.T.);
#1378=EDGE_CURVE('',#1942,#1944,#2322,.T.);
#1379=EDGE_CURVE('',#1943,#1945,#2323,.T.);
#1380=EDGE_CURVE('',#1945,#1944,#2324,.T.);
#1381=EDGE_CURVE('',#1944,#1946,#2325,.T.);
#1382=EDGE_CURVE('',#1945,#1947,#2326,.T.);
#1383=EDGE_CURVE('',#1947,#1946,#2327,.T.);
#1384=EDGE_CURVE('',#1946,#1948,#2328,.T.);
#1385=EDGE_CURVE('',#1947,#1949,#2329,.T.);
#1386=EDGE_CURVE('',#1949,#1948,#2330,.T.);
#1387=EDGE_CURVE('',#1948,#1950,#2331,.T.);
#1388=EDGE_CURVE('',#1949,#1951,#2332,.T.);
#1389=EDGE_CURVE('',#1951,#1950,#2333,.T.);
#1390=EDGE_CURVE('',#1950,#1952,#2334,.T.);
#1391=EDGE_CURVE('',#1951,#1953,#2335,.T.);
#1392=EDGE_CURVE('',#1953,#1952,#2336,.T.);
#1393=EDGE_CURVE('',#1952,#1954,#2337,.T.);
#1394=EDGE_CURVE('',#1953,#1955,#2338,.T.);
#1395=EDGE_CURVE('',#1955,#1954,#2339,.T.);
#1396=EDGE_CURVE('',#1954,#1956,#2340,.T.);
#1397=EDGE_CURVE('',#1955,#1957,#2341,.T.);
#1398=EDGE_CURVE('',#1957,#1956,#2342,.T.);
#1399=EDGE_CURVE('',#1956,#1958,#2343,.T.);
#1400=EDGE_CURVE('',#1957,#1959,#2344,.T.);
#1401=EDGE_CURVE('',#1959,#1958,#2345,.T.);
#1402=EDGE_CURVE('',#1958,#1960,#2346,.T.);
#1403=EDGE_CURVE('',#1959,#1961,#2347,.T.);
#1404=EDGE_CURVE('',#1961,#1960,#2348,.T.);
#1405=EDGE_CURVE('',#1960,#1962,#2349,.T.);
#1406=EDGE_CURVE('',#1961,#1963,#2350,.T.);
#1407=EDGE_CURVE('',#1963,#1962,#2351,.T.);
#1408=EDGE_CURVE('',#1962,#1964,#2352,.T.);
#1409=EDGE_CURVE('',#1963,#1965,#2353,.T.);
#1410=EDGE_CURVE('',#1965,#1964,#2354,.T.);
#1411=EDGE_CURVE('',#1964,#1966,#2355,.T.);
#1412=EDGE_CURVE('',#1965,#1967,#2356,.T.);
#1413=EDGE_CURVE('',#1967,#1966,#2357,.T.);
#1414=EDGE_CURVE('',#1966,#1968,#115,.T.);
#1415=EDGE_CURVE('',#1967,#1969,#116,.T.);
#1416=EDGE_CURVE('',#1969,#1968,#2358,.T.);
#1417=EDGE_CURVE('',#1968,#1970,#2359,.T.);
#1418=EDGE_CURVE('',#1969,#1971,#2360,.T.);
#1419=EDGE_CURVE('',#1971,#1970,#2361,.T.);
#1420=EDGE_CURVE('',#1970,#1972,#117,.T.);
#1421=EDGE_CURVE('',#1971,#1973,#118,.T.);
#1422=EDGE_CURVE('',#1973,#1972,#2362,.T.);
#1423=EDGE_CURVE('',#1972,#1974,#2363,.T.);
#1424=EDGE_CURVE('',#1973,#1975,#2364,.T.);
#1425=EDGE_CURVE('',#1975,#1974,#2365,.T.);
#1426=EDGE_CURVE('',#1974,#1976,#2366,.T.);
#1427=EDGE_CURVE('',#1975,#1977,#2367,.T.);
#1428=EDGE_CURVE('',#1977,#1976,#2368,.T.);
#1429=EDGE_CURVE('',#1976,#1978,#2369,.T.);
#1430=EDGE_CURVE('',#1977,#1979,#2370,.T.);
#1431=EDGE_CURVE('',#1979,#1978,#2371,.T.);
#1432=EDGE_CURVE('',#1978,#1980,#2372,.T.);
#1433=EDGE_CURVE('',#1979,#1981,#2373,.T.);
#1434=EDGE_CURVE('',#1981,#1980,#2374,.T.);
#1435=EDGE_CURVE('',#1980,#1982,#2375,.T.);
#1436=EDGE_CURVE('',#1981,#1983,#2376,.T.);
#1437=EDGE_CURVE('',#1983,#1982,#2377,.T.);
#1438=EDGE_CURVE('',#1982,#1984,#2378,.T.);
#1439=EDGE_CURVE('',#1983,#1985,#2379,.T.);
#1440=EDGE_CURVE('',#1985,#1984,#2380,.T.);
#1441=EDGE_CURVE('',#1984,#1986,#2381,.T.);
#1442=EDGE_CURVE('',#1985,#1987,#2382,.T.);
#1443=EDGE_CURVE('',#1987,#1986,#2383,.T.);
#1444=EDGE_CURVE('',#1986,#1988,#2384,.T.);
#1445=EDGE_CURVE('',#1987,#1989,#2385,.T.);
#1446=EDGE_CURVE('',#1989,#1988,#2386,.T.);
#1447=EDGE_CURVE('',#1988,#1990,#2387,.T.);
#1448=EDGE_CURVE('',#1989,#1991,#2388,.T.);
#1449=EDGE_CURVE('',#1991,#1990,#2389,.T.);
#1450=EDGE_CURVE('',#1990,#1992,#2390,.T.);
#1451=EDGE_CURVE('',#1991,#1993,#2391,.T.);
#1452=EDGE_CURVE('',#1993,#1992,#2392,.T.);
#1453=EDGE_CURVE('',#1992,#1930,#2393,.T.);
#1454=EDGE_CURVE('',#1993,#1932,#2394,.T.);
#1455=EDGE_CURVE('',#1994,#1995,#119,.T.);
#1456=EDGE_CURVE('',#1995,#1996,#2395,.T.);
#1457=EDGE_CURVE('',#1996,#1997,#120,.T.);
#1458=EDGE_CURVE('',#1997,#1998,#2396,.T.);
#1459=EDGE_CURVE('',#1998,#1999,#121,.T.);
#1460=EDGE_CURVE('',#1999,#2000,#2397,.T.);
#1461=EDGE_CURVE('',#2000,#2001,#122,.T.);
#1462=EDGE_CURVE('',#2001,#1994,#2398,.T.);
#1463=EDGE_CURVE('',#1995,#1914,#2399,.T.);
#1464=EDGE_CURVE('',#1996,#1915,#2400,.T.);
#1465=EDGE_CURVE('',#1997,#1921,#2401,.T.);
#1466=EDGE_CURVE('',#1998,#1920,#2402,.T.);
#1467=EDGE_CURVE('',#1999,#1919,#2403,.T.);
#1468=EDGE_CURVE('',#2000,#1918,#2404,.T.);
#1469=EDGE_CURVE('',#2001,#1917,#2405,.T.);
#1470=EDGE_CURVE('',#1994,#1916,#2406,.T.);
#1471=EDGE_CURVE('',#2002,#1922,#2407,.T.);
#1472=EDGE_CURVE('',#2002,#2003,#2408,.T.);
#1473=EDGE_CURVE('',#2003,#1923,#2409,.T.);
#1474=EDGE_CURVE('',#2003,#2004,#2410,.T.);
#1475=EDGE_CURVE('',#2004,#1924,#2411,.T.);
#1476=EDGE_CURVE('',#2004,#2005,#2412,.T.);
#1477=EDGE_CURVE('',#2005,#1925,#2413,.T.);
#1478=EDGE_CURVE('',#2005,#2002,#2414,.T.);
#1479=EDGE_CURVE('',#2006,#1910,#2415,.T.);
#1480=EDGE_CURVE('',#2006,#2007,#2416,.T.);
#1481=EDGE_CURVE('',#2007,#1911,#2417,.T.);
#1482=EDGE_CURVE('',#2007,#2008,#2418,.T.);
#1483=EDGE_CURVE('',#2008,#1912,#2419,.T.);
#1484=EDGE_CURVE('',#2008,#2009,#2420,.T.);
#1485=EDGE_CURVE('',#2009,#1913,#2421,.T.);
#1486=EDGE_CURVE('',#2009,#2006,#2422,.T.);
#1487=EDGE_CURVE('',#2010,#1926,#2423,.T.);
#1488=EDGE_CURVE('',#2010,#2011,#2424,.T.);
#1489=EDGE_CURVE('',#2011,#1927,#2425,.T.);
#1490=EDGE_CURVE('',#2011,#2012,#2426,.T.);
#1491=EDGE_CURVE('',#2012,#1928,#2427,.T.);
#1492=EDGE_CURVE('',#2012,#2013,#2428,.T.);
#1493=EDGE_CURVE('',#2013,#1929,#2429,.T.);
#1494=EDGE_CURVE('',#2013,#2010,#2430,.T.);
#1495=EDGE_CURVE('',#2014,#2015,#2431,.T.);
#1496=EDGE_CURVE('',#2015,#2016,#2432,.T.);
#1497=EDGE_CURVE('',#2016,#2017,#2433,.T.);
#1498=EDGE_CURVE('',#2018,#2017,#123,.T.);
#1499=EDGE_CURVE('',#2019,#2018,#2434,.T.);
#1500=EDGE_CURVE('',#2020,#2019,#124,.T.);
#1501=EDGE_CURVE('',#2020,#2021,#2435,.T.);
#1502=EDGE_CURVE('',#2021,#2022,#2436,.T.);
#1503=EDGE_CURVE('',#2022,#2023,#2437,.T.);
#1504=EDGE_CURVE('',#2024,#2023,#125,.T.);
#1505=EDGE_CURVE('',#2025,#2024,#2438,.T.);
#1506=EDGE_CURVE('',#2026,#2025,#126,.T.);
#1507=EDGE_CURVE('',#2026,#2027,#2439,.T.);
#1508=EDGE_CURVE('',#2027,#2028,#2440,.T.);
#1509=EDGE_CURVE('',#2028,#2029,#2441,.T.);
#1510=EDGE_CURVE('',#2029,#2014,#2442,.T.);
#1511=EDGE_CURVE('',#2030,#2018,#2443,.T.);
#1512=EDGE_CURVE('',#2031,#2030,#2444,.T.);
#1513=EDGE_CURVE('',#2031,#2019,#2445,.T.);
#1514=EDGE_CURVE('',#2032,#2024,#2446,.T.);
#1515=EDGE_CURVE('',#2033,#2032,#2447,.T.);
#1516=EDGE_CURVE('',#2033,#2025,#2448,.T.);
#1517=EDGE_CURVE('',#2034,#2035,#2449,.T.);
#1518=EDGE_CURVE('',#2036,#2034,#2450,.T.);
#1519=EDGE_CURVE('',#2037,#2036,#2451,.T.);
#1520=EDGE_CURVE('',#2038,#2037,#2452,.T.);
#1521=EDGE_CURVE('',#2039,#2038,#2453,.T.);
#1522=EDGE_CURVE('',#2039,#2033,#127,.F.);
#1523=EDGE_CURVE('',#2032,#2040,#128,.F.);
#1524=EDGE_CURVE('',#2041,#2040,#2454,.T.);
#1525=EDGE_CURVE('',#2042,#2041,#2455,.T.);
#1526=EDGE_CURVE('',#2043,#2042,#2456,.T.);
#1527=EDGE_CURVE('',#2043,#2031,#129,.F.);
#1528=EDGE_CURVE('',#2030,#2044,#130,.F.);
#1529=EDGE_CURVE('',#2045,#2044,#2457,.T.);
#1530=EDGE_CURVE('',#2035,#2045,#2458,.T.);
#1531=EDGE_CURVE('',#2034,#2046,#131,.T.);
#1532=EDGE_CURVE('',#2047,#2046,#2459,.T.);
#1533=EDGE_CURVE('',#2047,#2036,#132,.T.);
#1534=EDGE_CURVE('',#2048,#2049,#2460,.T.);
#1535=EDGE_CURVE('',#2049,#2050,#133,.T.);
#1536=EDGE_CURVE('',#2051,#2050,#2461,.T.);
#1537=EDGE_CURVE('',#2051,#2048,#134,.T.);
#1538=EDGE_CURVE('',#2052,#2050,#2462,.T.);
#1539=EDGE_CURVE('',#2053,#2052,#2463,.T.);
#1540=EDGE_CURVE('',#2054,#2053,#2464,.T.);
#1541=EDGE_CURVE('',#2054,#2055,#135,.F.);
#1542=EDGE_CURVE('',#2056,#2055,#2465,.T.);
#1543=EDGE_CURVE('',#2056,#2057,#136,.F.);
#1544=EDGE_CURVE('',#2058,#2057,#2466,.T.);
#1545=EDGE_CURVE('',#2059,#2058,#2467,.T.);
#1546=EDGE_CURVE('',#2060,#2059,#2468,.T.);
#1547=EDGE_CURVE('',#2060,#2061,#137,.F.);
#1548=EDGE_CURVE('',#2062,#2061,#2469,.T.);
#1549=EDGE_CURVE('',#2062,#2063,#138,.F.);
#1550=EDGE_CURVE('',#2064,#2063,#2470,.T.);
#1551=EDGE_CURVE('',#2065,#2064,#2471,.T.);
#1552=EDGE_CURVE('',#2051,#2065,#2472,.T.);
#1553=EDGE_CURVE('',#2066,#2055,#2473,.T.);
#1554=EDGE_CURVE('',#2067,#2066,#2474,.T.);
#1555=EDGE_CURVE('',#2067,#2056,#2475,.T.);
#1556=EDGE_CURVE('',#2068,#2061,#2476,.T.);
#1557=EDGE_CURVE('',#2069,#2068,#2477,.T.);
#1558=EDGE_CURVE('',#2069,#2062,#2478,.T.);
#1559=EDGE_CURVE('',#2070,#2071,#2479,.T.);
#1560=EDGE_CURVE('',#2072,#2070,#2480,.T.);
#1561=EDGE_CURVE('',#2073,#2072,#2481,.T.);
#1562=EDGE_CURVE('',#2074,#2073,#2482,.T.);
#1563=EDGE_CURVE('',#2075,#2074,#2483,.T.);
#1564=EDGE_CURVE('',#2075,#2069,#139,.T.);
#1565=EDGE_CURVE('',#2068,#2076,#140,.T.);
#1566=EDGE_CURVE('',#2077,#2076,#2484,.T.);
#1567=EDGE_CURVE('',#2078,#2077,#2485,.T.);
#1568=EDGE_CURVE('',#2079,#2078,#2486,.T.);
#1569=EDGE_CURVE('',#2079,#2067,#141,.T.);
#1570=EDGE_CURVE('',#2066,#2080,#142,.T.);
#1571=EDGE_CURVE('',#2081,#2080,#2487,.T.);
#1572=EDGE_CURVE('',#2071,#2081,#2488,.T.);
#1573=EDGE_CURVE('',#2082,#2083,#143,.T.);
#1574=EDGE_CURVE('',#2083,#2084,#2489,.T.);
#1575=EDGE_CURVE('',#2084,#2085,#144,.T.);
#1576=EDGE_CURVE('',#2085,#2082,#2490,.T.);
#1577=EDGE_CURVE('',#2086,#2087,#2491,.T.);
#1578=EDGE_CURVE('',#2088,#2086,#145,.T.);
#1579=EDGE_CURVE('',#2089,#2088,#2492,.T.);
#1580=EDGE_CURVE('',#2087,#2089,#146,.T.);
#1581=EDGE_CURVE('',#2083,#2029,#2493,.T.);
#1582=EDGE_CURVE('',#2047,#2029,#2494,.T.);
#1583=EDGE_CURVE('',#2046,#2014,#2495,.T.);
#1584=EDGE_CURVE('',#2086,#2014,#2496,.T.);
#1585=EDGE_CURVE('',#2087,#2070,#2497,.T.);
#1586=EDGE_CURVE('',#2070,#2049,#2498,.T.);
#1587=EDGE_CURVE('',#2072,#2048,#2499,.T.);
#1588=EDGE_CURVE('',#2084,#2072,#2500,.T.);
#1589=EDGE_CURVE('',#2085,#2089,#2501,.T.);
#1590=EDGE_CURVE('',#2082,#2088,#2502,.T.);
#1591=EDGE_CURVE('',#2080,#2054,#2503,.T.);
#1592=EDGE_CURVE('',#2081,#2053,#2504,.T.);
#1593=EDGE_CURVE('',#2071,#2052,#2505,.T.);
#1594=EDGE_CURVE('',#2044,#2017,#2506,.T.);
#1595=EDGE_CURVE('',#2045,#2016,#2507,.T.);
#1596=EDGE_CURVE('',#2035,#2015,#2508,.T.);
#1597=EDGE_CURVE('',#2073,#2065,#2509,.T.);
#1598=EDGE_CURVE('',#2074,#2064,#2510,.T.);
#1599=EDGE_CURVE('',#2075,#2063,#2511,.T.);
#1600=EDGE_CURVE('',#2037,#2028,#2512,.T.);
#1601=EDGE_CURVE('',#2038,#2027,#2513,.T.);
#1602=EDGE_CURVE('',#2039,#2026,#2514,.T.);
#1603=EDGE_CURVE('',#2076,#2060,#2515,.T.);
#1604=EDGE_CURVE('',#2077,#2059,#2516,.T.);
#1605=EDGE_CURVE('',#2078,#2058,#2517,.T.);
#1606=EDGE_CURVE('',#2079,#2057,#2518,.T.);
#1607=EDGE_CURVE('',#2043,#2020,#2519,.T.);
#1608=EDGE_CURVE('',#2042,#2021,#2520,.T.);
#1609=EDGE_CURVE('',#2041,#2022,#2521,.T.);
#1610=EDGE_CURVE('',#2040,#2023,#2522,.T.);
#1611=EDGE_CURVE('',#2090,#2091,#2523,.T.);
#1612=EDGE_CURVE('',#2092,#2091,#2524,.T.);
#1613=EDGE_CURVE('',#2093,#2092,#2525,.T.);
#1614=EDGE_CURVE('',#2090,#2093,#2526,.T.);
#1615=EDGE_CURVE('',#2094,#2095,#2527,.T.);
#1616=EDGE_CURVE('',#2095,#2096,#2528,.T.);
#1617=EDGE_CURVE('',#2096,#2097,#2529,.T.);
#1618=EDGE_CURVE('',#2097,#2094,#2530,.T.);
#1619=EDGE_CURVE('',#2098,#2097,#2531,.T.);
#1620=EDGE_CURVE('',#2098,#2099,#2532,.T.);
#1621=EDGE_CURVE('',#2099,#2100,#2533,.T.);
#1622=EDGE_CURVE('',#2100,#2101,#2534,.T.);
#1623=EDGE_CURVE('',#2101,#2093,#2535,.T.);
#1624=EDGE_CURVE('',#2092,#2102,#2536,.T.);
#1625=EDGE_CURVE('',#2102,#2103,#2537,.T.);
#1626=EDGE_CURVE('',#2103,#2104,#2538,.T.);
#1627=EDGE_CURVE('',#2104,#2105,#2539,.T.);
#1628=EDGE_CURVE('',#2094,#2105,#2540,.T.);
#1629=EDGE_CURVE('',#2106,#2107,#2541,.T.);
#1630=EDGE_CURVE('',#2104,#2107,#2542,.T.);
#1631=EDGE_CURVE('',#2103,#2106,#2543,.T.);
#1632=EDGE_CURVE('',#2107,#2108,#2544,.T.);
#1633=EDGE_CURVE('',#2099,#2108,#2545,.T.);
#1634=EDGE_CURVE('',#2109,#2098,#2546,.T.);
#1635=EDGE_CURVE('',#2110,#2109,#2547,.T.);
#1636=EDGE_CURVE('',#2111,#2110,#147,.T.);
#1637=EDGE_CURVE('',#2112,#2111,#2548,.T.);
#1638=EDGE_CURVE('',#2105,#2112,#2549,.T.);
#1639=EDGE_CURVE('',#2113,#2113,#148,.T.);
#1640=EDGE_CURVE('',#2108,#2114,#2550,.T.);
#1641=EDGE_CURVE('',#2100,#2114,#2551,.T.);
#1642=EDGE_CURVE('',#2114,#2106,#2552,.T.);
#1643=EDGE_CURVE('',#2102,#2115,#2553,.T.);
#1644=EDGE_CURVE('',#2115,#2116,#2554,.T.);
#1645=EDGE_CURVE('',#2116,#2117,#149,.T.);
#1646=EDGE_CURVE('',#2117,#2118,#2555,.T.);
#1647=EDGE_CURVE('',#2118,#2101,#2556,.T.);
#1648=EDGE_CURVE('',#2119,#2119,#150,.T.);
#1649=EDGE_CURVE('',#2120,#2121,#2557,.T.);
#1650=EDGE_CURVE('',#2118,#2121,#2558,.T.);
#1651=EDGE_CURVE('',#2117,#2120,#2559,.T.);
#1652=EDGE_CURVE('',#2121,#2122,#2560,.T.);
#1653=EDGE_CURVE('',#2122,#2090,#2561,.T.);
#1654=EDGE_CURVE('',#2091,#2123,#2562,.T.);
#1655=EDGE_CURVE('',#2123,#2124,#2563,.T.);
#1656=EDGE_CURVE('',#2115,#2124,#2564,.T.);
#1657=EDGE_CURVE('',#2124,#2125,#2565,.T.);
#1658=EDGE_CURVE('',#2116,#2125,#2566,.T.);
#1659=EDGE_CURVE('',#2126,#2126,#151,.T.);
#1660=EDGE_CURVE('',#2125,#2120,#152,.T.);
#1661=EDGE_CURVE('',#2122,#2123,#2567,.T.);
#1662=EDGE_CURVE('',#2127,#2128,#2568,.T.);
#1663=EDGE_CURVE('',#2110,#2127,#2569,.T.);
#1664=EDGE_CURVE('',#2109,#2128,#2570,.T.);
#1665=EDGE_CURVE('',#2129,#2096,#2571,.T.);
#1666=EDGE_CURVE('',#2128,#2129,#2572,.T.);
#1667=EDGE_CURVE('',#2112,#2130,#2573,.T.);
#1668=EDGE_CURVE('',#2131,#2130,#2574,.T.);
#1669=EDGE_CURVE('',#2095,#2131,#2575,.T.);
#1670=EDGE_CURVE('',#2130,#2132,#2576,.T.);
#1671=EDGE_CURVE('',#2111,#2132,#2577,.T.);
#1672=EDGE_CURVE('',#2133,#2133,#153,.T.);
#1673=EDGE_CURVE('',#2132,#2127,#154,.T.);
#1674=EDGE_CURVE('',#2131,#2129,#2578,.T.);
#1675=EDGE_CURVE('',#2134,#2090,#2579,.T.);
#1676=EDGE_CURVE('',#2135,#2122,#2580,.T.);
#1677=EDGE_CURVE('',#2135,#2134,#2581,.T.);
#1678=EDGE_CURVE('',#2123,#2136,#2582,.T.);
#1679=EDGE_CURVE('',#2091,#2137,#2583,.T.);
#1680=EDGE_CURVE('',#2136,#2137,#2584,.T.);
#1681=EDGE_CURVE('',#2096,#2138,#2585,.T.);
#1682=EDGE_CURVE('',#2139,#2138,#2586,.T.);
#1683=EDGE_CURVE('',#2129,#2139,#2587,.T.);
#1684=EDGE_CURVE('',#2137,#2140,#155,.T.);
#1685=EDGE_CURVE('',#2141,#2140,#2588,.T.);
#1686=EDGE_CURVE('',#2136,#2141,#156,.T.);
#1687=EDGE_CURVE('',#2141,#2131,#2589,.T.);
#1688=EDGE_CURVE('',#2140,#2095,#2590,.T.);
#1689=EDGE_CURVE('',#2138,#2134,#157,.T.);
#1690=EDGE_CURVE('',#2139,#2135,#158,.T.);
#1691=EDGE_CURVE('',#2142,#2142,#159,.F.);
#1692=EDGE_CURVE('',#2143,#2143,#160,.T.);
#1693=EDGE_CURVE('',#2144,#2145,#2591,.T.);
#1694=EDGE_CURVE('',#2145,#2146,#2592,.T.);
#1695=EDGE_CURVE('',#2147,#2146,#2593,.T.);
#1696=EDGE_CURVE('',#2147,#2148,#2594,.T.);
#1697=EDGE_CURVE('',#2148,#2149,#2595,.T.);
#1698=EDGE_CURVE('',#2150,#2149,#2596,.T.);
#1699=EDGE_CURVE('',#2150,#2151,#2597,.T.);
#1700=EDGE_CURVE('',#2151,#2152,#2598,.T.);
#1701=EDGE_CURVE('',#2153,#2152,#2599,.T.);
#1702=EDGE_CURVE('',#2144,#2153,#2600,.T.);
#1703=EDGE_CURVE('',#2154,#2155,#2601,.T.);
#1704=EDGE_CURVE('',#2156,#2154,#2602,.T.);
#1705=EDGE_CURVE('',#2156,#2157,#2603,.T.);
#1706=EDGE_CURVE('',#2157,#2158,#2604,.T.);
#1707=EDGE_CURVE('',#2159,#2158,#2605,.T.);
#1708=EDGE_CURVE('',#2160,#2159,#2606,.T.);
#1709=EDGE_CURVE('',#2161,#2160,#2607,.T.);
#1710=EDGE_CURVE('',#2162,#2161,#2608,.T.);
#1711=EDGE_CURVE('',#2163,#2162,#2609,.T.);
#1712=EDGE_CURVE('',#2155,#2163,#2610,.T.);
#1713=EDGE_CURVE('',#2154,#2164,#2611,.T.);
#1714=EDGE_CURVE('',#2165,#2164,#161,.T.);
#1715=EDGE_CURVE('',#2165,#2144,#2612,.T.);
#1716=EDGE_CURVE('',#2153,#2166,#2613,.T.);
#1717=EDGE_CURVE('',#2166,#2167,#2614,.T.);
#1718=EDGE_CURVE('',#2167,#2156,#2615,.T.);
#1719=EDGE_CURVE('',#2168,#2146,#2616,.T.);
#1720=EDGE_CURVE('',#2169,#2168,#162,.T.);
#1721=EDGE_CURVE('',#2163,#2169,#2617,.T.);
#1722=EDGE_CURVE('',#2162,#2170,#2618,.T.);
#1723=EDGE_CURVE('',#2171,#2170,#163,.T.);
#1724=EDGE_CURVE('',#2171,#2147,#2619,.T.);
#1725=EDGE_CURVE('',#2172,#2172,#164,.T.);
#1726=EDGE_CURVE('',#2164,#2173,#18,.T.);
#1727=EDGE_CURVE('',#2173,#2169,#19,.T.);
#1728=EDGE_CURVE('',#2168,#2174,#20,.T.);
#1729=EDGE_CURVE('',#2174,#2165,#21,.T.);
#1730=EDGE_CURVE('',#2175,#2175,#165,.T.);
#1731=EDGE_CURVE('',#2170,#2176,#22,.T.);
#1732=EDGE_CURVE('',#2176,#2177,#23,.T.);
#1733=EDGE_CURVE('',#2177,#2178,#166,.T.);
#1734=EDGE_CURVE('',#2178,#2179,#24,.T.);
#1735=EDGE_CURVE('',#2179,#2171,#25,.T.);
#1736=EDGE_CURVE('',#2149,#2178,#2620,.T.);
#1737=EDGE_CURVE('',#2160,#2177,#2621,.T.);
#1738=EDGE_CURVE('',#2159,#2180,#2622,.T.);
#1739=EDGE_CURVE('',#2180,#2181,#2623,.T.);
#1740=EDGE_CURVE('',#2181,#2150,#2624,.T.);
#1741=EDGE_CURVE('',#2152,#2182,#2625,.T.);
#1742=EDGE_CURVE('',#2166,#2182,#2626,.T.);
#1743=EDGE_CURVE('',#2182,#2183,#2627,.T.);
#1744=EDGE_CURVE('',#2167,#2183,#2628,.T.);
#1745=EDGE_CURVE('',#2183,#2157,#2629,.T.);
#1746=EDGE_CURVE('',#2158,#2184,#2630,.T.);
#1747=EDGE_CURVE('',#2180,#2184,#2631,.T.);
#1748=EDGE_CURVE('',#2184,#2185,#2632,.T.);
#1749=EDGE_CURVE('',#2181,#2185,#2633,.T.);
#1750=EDGE_CURVE('',#2185,#2151,#2634,.T.);
#1751=EDGE_CURVE('',#2161,#2176,#2635,.T.);
#1752=EDGE_CURVE('',#2179,#2148,#2636,.T.);
#1753=EDGE_CURVE('',#2174,#2145,#2637,.T.);
#1754=EDGE_CURVE('',#2155,#2173,#2638,.T.);
#1755=EDGE_CURVE('',#2186,#2187,#167,.F.);
#1756=EDGE_CURVE('',#2188,#2186,#2639,.T.);
#1757=EDGE_CURVE('',#2189,#2188,#2640,.T.);
#1758=EDGE_CURVE('',#2190,#2189,#2641,.T.);
#1759=EDGE_CURVE('',#2191,#2190,#2642,.T.);
#1760=EDGE_CURVE('',#2191,#2192,#2643,.T.);
#1761=EDGE_CURVE('',#2192,#2193,#2644,.T.);
#1762=EDGE_CURVE('',#2194,#2193,#2645,.T.);
#1763=EDGE_CURVE('',#2194,#2195,#2646,.T.);
#1764=EDGE_CURVE('',#2187,#2195,#2647,.T.);
#1765=EDGE_CURVE('',#2187,#2186,#26,.F.);
#1766=EDGE_CURVE('',#2195,#2196,#2648,.T.);
#1767=EDGE_CURVE('',#2197,#2196,#2649,.T.);
#1768=EDGE_CURVE('',#2197,#2198,#2650,.T.);
#1769=EDGE_CURVE('',#2199,#2198,#2651,.T.);
#1770=EDGE_CURVE('',#2200,#2199,#2652,.T.);
#1771=EDGE_CURVE('',#2201,#2200,#2653,.T.);
#1772=EDGE_CURVE('',#2188,#2201,#2654,.T.);
#1773=EDGE_CURVE('',#2193,#2202,#2655,.T.);
#1774=EDGE_CURVE('',#2203,#2192,#2656,.T.);
#1775=EDGE_CURVE('',#2204,#2203,#168,.T.);
#1776=EDGE_CURVE('',#2205,#2204,#2657,.T.);
#1777=EDGE_CURVE('',#2206,#2205,#169,.T.);
#1778=EDGE_CURVE('',#2207,#2206,#2658,.T.);
#1779=EDGE_CURVE('',#2208,#2207,#170,.T.);
#1780=EDGE_CURVE('',#2198,#2208,#2659,.T.);
#1781=EDGE_CURVE('',#2209,#2197,#2660,.T.);
#1782=EDGE_CURVE('',#2202,#2209,#171,.F.);
#1783=EDGE_CURVE('',#2190,#2210,#2661,.T.);
#1784=EDGE_CURVE('',#2210,#2211,#172,.F.);
#1785=EDGE_CURVE('',#2211,#2200,#2662,.T.);
#1786=EDGE_CURVE('',#2199,#2212,#2663,.T.);
#1787=EDGE_CURVE('',#2212,#2213,#173,.T.);
#1788=EDGE_CURVE('',#2213,#2214,#2664,.T.);
#1789=EDGE_CURVE('',#2214,#2215,#174,.T.);
#1790=EDGE_CURVE('',#2215,#2216,#2665,.T.);
#1791=EDGE_CURVE('',#2216,#2217,#175,.T.);
#1792=EDGE_CURVE('',#2217,#2191,#2666,.T.);
#1793=EDGE_CURVE('',#2216,#2204,#2667,.T.);
#1794=EDGE_CURVE('',#2215,#2205,#2668,.T.);
#1795=EDGE_CURVE('',#2217,#2203,#2669,.T.);
#1796=EDGE_CURVE('',#2212,#2208,#2670,.T.);
#1797=EDGE_CURVE('',#2213,#2207,#2671,.T.);
#1798=EDGE_CURVE('',#2214,#2206,#2672,.T.);
#1799=EDGE_CURVE('',#2218,#2218,#176,.F.);
#1800=EDGE_CURVE('',#2201,#2219,#2673,.T.);
#1801=EDGE_CURVE('',#2219,#2220,#177,.T.);
#1802=EDGE_CURVE('',#2220,#2189,#2674,.T.);
#1803=EDGE_CURVE('',#2210,#2220,#2675,.T.);
#1804=EDGE_CURVE('',#2211,#2219,#2676,.T.);
#1805=EDGE_CURVE('',#2221,#2221,#178,.F.);
#1806=EDGE_CURVE('',#2222,#2194,#2677,.T.);
#1807=EDGE_CURVE('',#2223,#2222,#179,.T.);
#1808=EDGE_CURVE('',#2196,#2223,#2678,.T.);
#1809=EDGE_CURVE('',#2223,#2209,#2679,.T.);
#1810=EDGE_CURVE('',#2222,#2202,#2680,.T.);
#1811=EDGE_CURVE('',#2224,#2224,#180,.T.);
#1812=EDGE_CURVE('',#2225,#2225,#181,.T.);
#1813=EDGE_CURVE('',#2226,#2226,#182,.T.);
#1814=EDGE_CURVE('',#2227,#2228,#2681,.T.);
#1815=EDGE_CURVE('',#2229,#2228,#2682,.T.);
#1816=EDGE_CURVE('',#2230,#2229,#2683,.T.);
#1817=EDGE_CURVE('',#2230,#2227,#2684,.T.);
#1818=EDGE_CURVE('',#2228,#2231,#183,.T.);
#1819=EDGE_CURVE('',#2232,#2231,#2685,.T.);
#1820=EDGE_CURVE('',#2229,#2232,#184,.T.);
#1821=EDGE_CURVE('',#2231,#2233,#2686,.T.);
#1822=EDGE_CURVE('',#2234,#2233,#2687,.T.);
#1823=EDGE_CURVE('',#2232,#2234,#2688,.T.);
#1824=EDGE_CURVE('',#2233,#2235,#185,.T.);
#1825=EDGE_CURVE('',#2236,#2235,#2689,.T.);
#1826=EDGE_CURVE('',#2234,#2236,#186,.T.);
#1827=EDGE_CURVE('',#2235,#2237,#2690,.T.);
#1828=EDGE_CURVE('',#2238,#2237,#2691,.T.);
#1829=EDGE_CURVE('',#2236,#2238,#2692,.T.);
#1830=EDGE_CURVE('',#2237,#2239,#187,.T.);
#1831=EDGE_CURVE('',#2240,#2239,#2693,.T.);
#1832=EDGE_CURVE('',#2238,#2240,#188,.T.);
#1833=EDGE_CURVE('',#2239,#2241,#2694,.T.);
#1834=EDGE_CURVE('',#2242,#2241,#2695,.T.);
#1835=EDGE_CURVE('',#2240,#2242,#2696,.T.);
#1836=EDGE_CURVE('',#2241,#2227,#189,.T.);
#1837=EDGE_CURVE('',#2242,#2230,#190,.T.);
#1838=EDGE_CURVE('',#2243,#2244,#2697,.T.);
#1839=EDGE_CURVE('',#2245,#2243,#2698,.T.);
#1840=EDGE_CURVE('',#2245,#2246,#2699,.T.);
#1841=EDGE_CURVE('',#2246,#2244,#2700,.T.);
#1842=EDGE_CURVE('',#2247,#2248,#2701,.T.);
#1843=EDGE_CURVE('',#2249,#2247,#2702,.T.);
#1844=EDGE_CURVE('',#2249,#2250,#2703,.T.);
#1845=EDGE_CURVE('',#2250,#2248,#2704,.T.);
#1846=EDGE_CURVE('',#2251,#2252,#2705,.T.);
#1847=EDGE_CURVE('',#2253,#2251,#2706,.T.);
#1848=EDGE_CURVE('',#2253,#2254,#2707,.T.);
#1849=EDGE_CURVE('',#2254,#2252,#2708,.T.);
#1850=EDGE_CURVE('',#2252,#2255,#2709,.T.);
#1851=EDGE_CURVE('',#2256,#2255,#2710,.T.);
#1852=EDGE_CURVE('',#2251,#2256,#2711,.T.);
#1853=EDGE_CURVE('',#2255,#2257,#2712,.T.);
#1854=EDGE_CURVE('',#2258,#2257,#2713,.T.);
#1855=EDGE_CURVE('',#2256,#2258,#2714,.T.);
#1856=EDGE_CURVE('',#2257,#2259,#2715,.T.);
#1857=EDGE_CURVE('',#2260,#2259,#2716,.T.);
#1858=EDGE_CURVE('',#2258,#2260,#2717,.T.);
#1859=EDGE_CURVE('',#2259,#2261,#191,.T.);
#1860=EDGE_CURVE('',#2262,#2261,#2718,.T.);
#1861=EDGE_CURVE('',#2260,#2262,#192,.T.);
#1862=EDGE_CURVE('',#2261,#2263,#2719,.T.);
#1863=EDGE_CURVE('',#2264,#2263,#2720,.T.);
#1864=EDGE_CURVE('',#2262,#2264,#2721,.T.);
#1865=EDGE_CURVE('',#2263,#2265,#2722,.T.);
#1866=EDGE_CURVE('',#2266,#2265,#2723,.T.);
#1867=EDGE_CURVE('',#2264,#2266,#2724,.T.);
#1868=EDGE_CURVE('',#2265,#2254,#2725,.T.);
#1869=EDGE_CURVE('',#2266,#2253,#2726,.T.);
#1870=EDGE_CURVE('',#2248,#2267,#2727,.T.);
#1871=EDGE_CURVE('',#2268,#2267,#2728,.T.);
#1872=EDGE_CURVE('',#2247,#2268,#2729,.T.);
#1873=EDGE_CURVE('',#2267,#2269,#2730,.T.);
#1874=EDGE_CURVE('',#2270,#2269,#2731,.T.);
#1875=EDGE_CURVE('',#2268,#2270,#2732,.T.);
#1876=EDGE_CURVE('',#2269,#2271,#2733,.T.);
#1877=EDGE_CURVE('',#2272,#2271,#2734,.T.);
#1878=EDGE_CURVE('',#2270,#2272,#2735,.T.);
#1879=EDGE_CURVE('',#2271,#2273,#193,.T.);
#1880=EDGE_CURVE('',#2274,#2273,#2736,.T.);
#1881=EDGE_CURVE('',#2272,#2274,#194,.T.);
#1882=EDGE_CURVE('',#2273,#2275,#2737,.T.);
#1883=EDGE_CURVE('',#2276,#2275,#2738,.T.);
#1884=EDGE_CURVE('',#2274,#2276,#2739,.T.);
#1885=EDGE_CURVE('',#2275,#2277,#2740,.T.);
#1886=EDGE_CURVE('',#2278,#2277,#2741,.T.);
#1887=EDGE_CURVE('',#2276,#2278,#2742,.T.);
#1888=EDGE_CURVE('',#2277,#2250,#2743,.T.);
#1889=EDGE_CURVE('',#2278,#2249,#2744,.T.);
#1890=EDGE_CURVE('',#2244,#2279,#2745,.T.);
#1891=EDGE_CURVE('',#2280,#2279,#2746,.T.);
#1892=EDGE_CURVE('',#2243,#2280,#2747,.T.);
#1893=EDGE_CURVE('',#2279,#2281,#2748,.T.);
#1894=EDGE_CURVE('',#2282,#2281,#2749,.T.);
#1895=EDGE_CURVE('',#2280,#2282,#2750,.T.);
#1896=EDGE_CURVE('',#2281,#2283,#2751,.T.);
#1897=EDGE_CURVE('',#2284,#2283,#2752,.T.);
#1898=EDGE_CURVE('',#2282,#2284,#2753,.T.);
#1899=EDGE_CURVE('',#2283,#2285,#195,.T.);
#1900=EDGE_CURVE('',#2286,#2285,#2754,.T.);
#1901=EDGE_CURVE('',#2284,#2286,#196,.T.);
#1902=EDGE_CURVE('',#2285,#2287,#2755,.T.);
#1903=EDGE_CURVE('',#2288,#2287,#2756,.T.);
#1904=EDGE_CURVE('',#2286,#2288,#2757,.T.);
#1905=EDGE_CURVE('',#2287,#2289,#2758,.T.);
#1906=EDGE_CURVE('',#2290,#2289,#2759,.T.);
#1907=EDGE_CURVE('',#2288,#2290,#2760,.T.);
#1908=EDGE_CURVE('',#2289,#2246,#2761,.T.);
#1909=EDGE_CURVE('',#2290,#2245,#2762,.T.);
#1910=VERTEX_POINT('',#5570);
#1911=VERTEX_POINT('',#5571);
#1912=VERTEX_POINT('',#5573);
#1913=VERTEX_POINT('',#5575);
#1914=VERTEX_POINT('',#5578);
#1915=VERTEX_POINT('',#5579);
#1916=VERTEX_POINT('',#5581);
#1917=VERTEX_POINT('',#5583);
#1918=VERTEX_POINT('',#5585);
#1919=VERTEX_POINT('',#5587);
#1920=VERTEX_POINT('',#5589);
#1921=VERTEX_POINT('',#5591);
#1922=VERTEX_POINT('',#5594);
#1923=VERTEX_POINT('',#5595);
#1924=VERTEX_POINT('',#5597);
#1925=VERTEX_POINT('',#5599);
#1926=VERTEX_POINT('',#5602);
#1927=VERTEX_POINT('',#5603);
#1928=VERTEX_POINT('',#5605);
#1929=VERTEX_POINT('',#5607);
#1930=VERTEX_POINT('',#5611);
#1931=VERTEX_POINT('',#5612);
#1932=VERTEX_POINT('',#5614);
#1933=VERTEX_POINT('',#5616);
#1934=VERTEX_POINT('',#5620);
#1935=VERTEX_POINT('',#5622);
#1936=VERTEX_POINT('',#5626);
#1937=VERTEX_POINT('',#5628);
#1938=VERTEX_POINT('',#5632);
#1939=VERTEX_POINT('',#5634);
#1940=VERTEX_POINT('',#5638);
#1941=VERTEX_POINT('',#5640);
#1942=VERTEX_POINT('',#5644);
#1943=VERTEX_POINT('',#5646);
#1944=VERTEX_POINT('',#5650);
#1945=VERTEX_POINT('',#5652);
#1946=VERTEX_POINT('',#5656);
#1947=VERTEX_POINT('',#5658);
#1948=VERTEX_POINT('',#5662);
#1949=VERTEX_POINT('',#5664);
#1950=VERTEX_POINT('',#5668);
#1951=VERTEX_POINT('',#5670);
#1952=VERTEX_POINT('',#5674);
#1953=VERTEX_POINT('',#5676);
#1954=VERTEX_POINT('',#5680);
#1955=VERTEX_POINT('',#5682);
#1956=VERTEX_POINT('',#5686);
#1957=VERTEX_POINT('',#5688);
#1958=VERTEX_POINT('',#5692);
#1959=VERTEX_POINT('',#5694);
#1960=VERTEX_POINT('',#5698);
#1961=VERTEX_POINT('',#5700);
#1962=VERTEX_POINT('',#5704);
#1963=VERTEX_POINT('',#5706);
#1964=VERTEX_POINT('',#5710);
#1965=VERTEX_POINT('',#5712);
#1966=VERTEX_POINT('',#5716);
#1967=VERTEX_POINT('',#5718);
#1968=VERTEX_POINT('',#5722);
#1969=VERTEX_POINT('',#5724);
#1970=VERTEX_POINT('',#5728);
#1971=VERTEX_POINT('',#5730);
#1972=VERTEX_POINT('',#5734);
#1973=VERTEX_POINT('',#5736);
#1974=VERTEX_POINT('',#5740);
#1975=VERTEX_POINT('',#5742);
#1976=VERTEX_POINT('',#5746);
#1977=VERTEX_POINT('',#5748);
#1978=VERTEX_POINT('',#5752);
#1979=VERTEX_POINT('',#5754);
#1980=VERTEX_POINT('',#5758);
#1981=VERTEX_POINT('',#5760);
#1982=VERTEX_POINT('',#5764);
#1983=VERTEX_POINT('',#5766);
#1984=VERTEX_POINT('',#5770);
#1985=VERTEX_POINT('',#5772);
#1986=VERTEX_POINT('',#5776);
#1987=VERTEX_POINT('',#5778);
#1988=VERTEX_POINT('',#5782);
#1989=VERTEX_POINT('',#5784);
#1990=VERTEX_POINT('',#5788);
#1991=VERTEX_POINT('',#5790);
#1992=VERTEX_POINT('',#5794);
#1993=VERTEX_POINT('',#5796);
#1994=VERTEX_POINT('',#5803);
#1995=VERTEX_POINT('',#5804);
#1996=VERTEX_POINT('',#5806);
#1997=VERTEX_POINT('',#5808);
#1998=VERTEX_POINT('',#5810);
#1999=VERTEX_POINT('',#5812);
#2000=VERTEX_POINT('',#5814);
#2001=VERTEX_POINT('',#5816);
#2002=VERTEX_POINT('',#5837);
#2003=VERTEX_POINT('',#5839);
#2004=VERTEX_POINT('',#5843);
#2005=VERTEX_POINT('',#5847);
#2006=VERTEX_POINT('',#5854);
#2007=VERTEX_POINT('',#5856);
#2008=VERTEX_POINT('',#5860);
#2009=VERTEX_POINT('',#5864);
#2010=VERTEX_POINT('',#5871);
#2011=VERTEX_POINT('',#5873);
#2012=VERTEX_POINT('',#5877);
#2013=VERTEX_POINT('',#5881);
#2014=VERTEX_POINT('',#5889);
#2015=VERTEX_POINT('',#5890);
#2016=VERTEX_POINT('',#5892);
#2017=VERTEX_POINT('',#5894);
#2018=VERTEX_POINT('',#5896);
#2019=VERTEX_POINT('',#5898);
#2020=VERTEX_POINT('',#5900);
#2021=VERTEX_POINT('',#5902);
#2022=VERTEX_POINT('',#5904);
#2023=VERTEX_POINT('',#5906);
#2024=VERTEX_POINT('',#5908);
#2025=VERTEX_POINT('',#5910);
#2026=VERTEX_POINT('',#5912);
#2027=VERTEX_POINT('',#5914);
#2028=VERTEX_POINT('',#5916);
#2029=VERTEX_POINT('',#5918);
#2030=VERTEX_POINT('',#5922);
#2031=VERTEX_POINT('',#5924);
#2032=VERTEX_POINT('',#5928);
#2033=VERTEX_POINT('',#5930);
#2034=VERTEX_POINT('',#5934);
#2035=VERTEX_POINT('',#5935);
#2036=VERTEX_POINT('',#5937);
#2037=VERTEX_POINT('',#5939);
#2038=VERTEX_POINT('',#5941);
#2039=VERTEX_POINT('',#5943);
#2040=VERTEX_POINT('',#5946);
#2041=VERTEX_POINT('',#5948);
#2042=VERTEX_POINT('',#5950);
#2043=VERTEX_POINT('',#5952);
#2044=VERTEX_POINT('',#5955);
#2045=VERTEX_POINT('',#5957);
#2046=VERTEX_POINT('',#5961);
#2047=VERTEX_POINT('',#5963);
#2048=VERTEX_POINT('',#5967);
#2049=VERTEX_POINT('',#5968);
#2050=VERTEX_POINT('',#5970);
#2051=VERTEX_POINT('',#5972);
#2052=VERTEX_POINT('',#5976);
#2053=VERTEX_POINT('',#5978);
#2054=VERTEX_POINT('',#5980);
#2055=VERTEX_POINT('',#5982);
#2056=VERTEX_POINT('',#5984);
#2057=VERTEX_POINT('',#5986);
#2058=VERTEX_POINT('',#5988);
#2059=VERTEX_POINT('',#5990);
#2060=VERTEX_POINT('',#5992);
#2061=VERTEX_POINT('',#5994);
#2062=VERTEX_POINT('',#5996);
#2063=VERTEX_POINT('',#5998);
#2064=VERTEX_POINT('',#6000);
#2065=VERTEX_POINT('',#6002);
#2066=VERTEX_POINT('',#6006);
#2067=VERTEX_POINT('',#6008);
#2068=VERTEX_POINT('',#6012);
#2069=VERTEX_POINT('',#6014);
#2070=VERTEX_POINT('',#6018);
#2071=VERTEX_POINT('',#6019);
#2072=VERTEX_POINT('',#6021);
#2073=VERTEX_POINT('',#6023);
#2074=VERTEX_POINT('',#6025);
#2075=VERTEX_POINT('',#6027);
#2076=VERTEX_POINT('',#6030);
#2077=VERTEX_POINT('',#6032);
#2078=VERTEX_POINT('',#6034);
#2079=VERTEX_POINT('',#6036);
#2080=VERTEX_POINT('',#6039);
#2081=VERTEX_POINT('',#6041);
#2082=VERTEX_POINT('',#6045);
#2083=VERTEX_POINT('',#6046);
#2084=VERTEX_POINT('',#6048);
#2085=VERTEX_POINT('',#6050);
#2086=VERTEX_POINT('',#6054);
#2087=VERTEX_POINT('',#6055);
#2088=VERTEX_POINT('',#6057);
#2089=VERTEX_POINT('',#6059);
#2090=VERTEX_POINT('',#6124);
#2091=VERTEX_POINT('',#6125);
#2092=VERTEX_POINT('',#6127);
#2093=VERTEX_POINT('',#6129);
#2094=VERTEX_POINT('',#6133);
#2095=VERTEX_POINT('',#6134);
#2096=VERTEX_POINT('',#6136);
#2097=VERTEX_POINT('',#6138);
#2098=VERTEX_POINT('',#6142);
#2099=VERTEX_POINT('',#6144);
#2100=VERTEX_POINT('',#6146);
#2101=VERTEX_POINT('',#6148);
#2102=VERTEX_POINT('',#6151);
#2103=VERTEX_POINT('',#6153);
#2104=VERTEX_POINT('',#6155);
#2105=VERTEX_POINT('',#6157);
#2106=VERTEX_POINT('',#6161);
#2107=VERTEX_POINT('',#6162);
#2108=VERTEX_POINT('',#6167);
#2109=VERTEX_POINT('',#6170);
#2110=VERTEX_POINT('',#6172);
#2111=VERTEX_POINT('',#6174);
#2112=VERTEX_POINT('',#6176);
#2113=VERTEX_POINT('',#6179);
#2114=VERTEX_POINT('',#6182);
#2115=VERTEX_POINT('',#6187);
#2116=VERTEX_POINT('',#6189);
#2117=VERTEX_POINT('',#6191);
#2118=VERTEX_POINT('',#6193);
#2119=VERTEX_POINT('',#6196);
#2120=VERTEX_POINT('',#6200);
#2121=VERTEX_POINT('',#6201);
#2122=VERTEX_POINT('',#6206);
#2123=VERTEX_POINT('',#6210);
#2124=VERTEX_POINT('',#6212);
#2125=VERTEX_POINT('',#6216);
#2126=VERTEX_POINT('',#6220);
#2127=VERTEX_POINT('',#6227);
#2128=VERTEX_POINT('',#6228);
#2129=VERTEX_POINT('',#6233);
#2130=VERTEX_POINT('',#6237);
#2131=VERTEX_POINT('',#6239);
#2132=VERTEX_POINT('',#6243);
#2133=VERTEX_POINT('',#6247);
#2134=VERTEX_POINT('',#6254);
#2135=VERTEX_POINT('',#6256);
#2136=VERTEX_POINT('',#6260);
#2137=VERTEX_POINT('',#6262);
#2138=VERTEX_POINT('',#6266);
#2139=VERTEX_POINT('',#6268);
#2140=VERTEX_POINT('',#6272);
#2141=VERTEX_POINT('',#6274);
#2142=VERTEX_POINT('',#6284);
#2143=VERTEX_POINT('',#6288);
#2144=VERTEX_POINT('',#6293);
#2145=VERTEX_POINT('',#6294);
#2146=VERTEX_POINT('',#6296);
#2147=VERTEX_POINT('',#6298);
#2148=VERTEX_POINT('',#6300);
#2149=VERTEX_POINT('',#6302);
#2150=VERTEX_POINT('',#6304);
#2151=VERTEX_POINT('',#6306);
#2152=VERTEX_POINT('',#6308);
#2153=VERTEX_POINT('',#6310);
#2154=VERTEX_POINT('',#6314);
#2155=VERTEX_POINT('',#6315);
#2156=VERTEX_POINT('',#6317);
#2157=VERTEX_POINT('',#6319);
#2158=VERTEX_POINT('',#6321);
#2159=VERTEX_POINT('',#6323);
#2160=VERTEX_POINT('',#6325);
#2161=VERTEX_POINT('',#6327);
#2162=VERTEX_POINT('',#6329);
#2163=VERTEX_POINT('',#6331);
#2164=VERTEX_POINT('',#6335);
#2165=VERTEX_POINT('',#6337);
#2166=VERTEX_POINT('',#6340);
#2167=VERTEX_POINT('',#6342);
#2168=VERTEX_POINT('',#6346);
#2169=VERTEX_POINT('',#6348);
#2170=VERTEX_POINT('',#6351);
#2171=VERTEX_POINT('',#6353);
#2172=VERTEX_POINT('',#6357);
#2173=VERTEX_POINT('',#6359);
#2174=VERTEX_POINT('',#6362);
#2175=VERTEX_POINT('',#6366);
#2176=VERTEX_POINT('',#6368);
#2177=VERTEX_POINT('',#6370);
#2178=VERTEX_POINT('',#6372);
#2179=VERTEX_POINT('',#6374);
#2180=VERTEX_POINT('',#6380);
#2181=VERTEX_POINT('',#6382);
#2182=VERTEX_POINT('',#6386);
#2183=VERTEX_POINT('',#6390);
#2184=VERTEX_POINT('',#6396);
#2185=VERTEX_POINT('',#6400);
#2186=VERTEX_POINT('',#6420);
#2187=VERTEX_POINT('',#6421);
#2188=VERTEX_POINT('',#6423);
#2189=VERTEX_POINT('',#6425);
#2190=VERTEX_POINT('',#6427);
#2191=VERTEX_POINT('',#6429);
#2192=VERTEX_POINT('',#6431);
#2193=VERTEX_POINT('',#6433);
#2194=VERTEX_POINT('',#6435);
#2195=VERTEX_POINT('',#6437);
#2196=VERTEX_POINT('',#6442);
#2197=VERTEX_POINT('',#6444);
#2198=VERTEX_POINT('',#6446);
#2199=VERTEX_POINT('',#6448);
#2200=VERTEX_POINT('',#6450);
#2201=VERTEX_POINT('',#6452);
#2202=VERTEX_POINT('',#6456);
#2203=VERTEX_POINT('',#6458);
#2204=VERTEX_POINT('',#6460);
#2205=VERTEX_POINT('',#6462);
#2206=VERTEX_POINT('',#6464);
#2207=VERTEX_POINT('',#6466);
#2208=VERTEX_POINT('',#6468);
#2209=VERTEX_POINT('',#6471);
#2210=VERTEX_POINT('',#6475);
#2211=VERTEX_POINT('',#6477);
#2212=VERTEX_POINT('',#6480);
#2213=VERTEX_POINT('',#6482);
#2214=VERTEX_POINT('',#6484);
#2215=VERTEX_POINT('',#6486);
#2216=VERTEX_POINT('',#6488);
#2217=VERTEX_POINT('',#6490);
#2218=VERTEX_POINT('',#6507);
#2219=VERTEX_POINT('',#6509);
#2220=VERTEX_POINT('',#6511);
#2221=VERTEX_POINT('',#6520);
#2222=VERTEX_POINT('',#6522);
#2223=VERTEX_POINT('',#6524);
#2224=VERTEX_POINT('',#6533);
#2225=VERTEX_POINT('',#6537);
#2226=VERTEX_POINT('',#6541);
#2227=VERTEX_POINT('',#6546);
#2228=VERTEX_POINT('',#6547);
#2229=VERTEX_POINT('',#6549);
#2230=VERTEX_POINT('',#6551);
#2231=VERTEX_POINT('',#6555);
#2232=VERTEX_POINT('',#6557);
#2233=VERTEX_POINT('',#6561);
#2234=VERTEX_POINT('',#6563);
#2235=VERTEX_POINT('',#6567);
#2236=VERTEX_POINT('',#6569);
#2237=VERTEX_POINT('',#6573);
#2238=VERTEX_POINT('',#6575);
#2239=VERTEX_POINT('',#6579);
#2240=VERTEX_POINT('',#6581);
#2241=VERTEX_POINT('',#6585);
#2242=VERTEX_POINT('',#6587);
#2243=VERTEX_POINT('',#6595);
#2244=VERTEX_POINT('',#6596);
#2245=VERTEX_POINT('',#6598);
#2246=VERTEX_POINT('',#6600);
#2247=VERTEX_POINT('',#6603);
#2248=VERTEX_POINT('',#6604);
#2249=VERTEX_POINT('',#6606);
#2250=VERTEX_POINT('',#6608);
#2251=VERTEX_POINT('',#6611);
#2252=VERTEX_POINT('',#6612);
#2253=VERTEX_POINT('',#6614);
#2254=VERTEX_POINT('',#6616);
#2255=VERTEX_POINT('',#6620);
#2256=VERTEX_POINT('',#6622);
#2257=VERTEX_POINT('',#6626);
#2258=VERTEX_POINT('',#6628);
#2259=VERTEX_POINT('',#6632);
#2260=VERTEX_POINT('',#6634);
#2261=VERTEX_POINT('',#6638);
#2262=VERTEX_POINT('',#6640);
#2263=VERTEX_POINT('',#6644);
#2264=VERTEX_POINT('',#6646);
#2265=VERTEX_POINT('',#6650);
#2266=VERTEX_POINT('',#6652);
#2267=VERTEX_POINT('',#6661);
#2268=VERTEX_POINT('',#6663);
#2269=VERTEX_POINT('',#6667);
#2270=VERTEX_POINT('',#6669);
#2271=VERTEX_POINT('',#6673);
#2272=VERTEX_POINT('',#6675);
#2273=VERTEX_POINT('',#6679);
#2274=VERTEX_POINT('',#6681);
#2275=VERTEX_POINT('',#6685);
#2276=VERTEX_POINT('',#6687);
#2277=VERTEX_POINT('',#6691);
#2278=VERTEX_POINT('',#6693);
#2279=VERTEX_POINT('',#6702);
#2280=VERTEX_POINT('',#6704);
#2281=VERTEX_POINT('',#6708);
#2282=VERTEX_POINT('',#6710);
#2283=VERTEX_POINT('',#6714);
#2284=VERTEX_POINT('',#6716);
#2285=VERTEX_POINT('',#6720);
#2286=VERTEX_POINT('',#6722);
#2287=VERTEX_POINT('',#6726);
#2288=VERTEX_POINT('',#6728);
#2289=VERTEX_POINT('',#6732);
#2290=VERTEX_POINT('',#6734);
#2291=LINE('',#5569,#2763);
#2292=LINE('',#5572,#2764);
#2293=LINE('',#5574,#2765);
#2294=LINE('',#5576,#2766);
#2295=LINE('',#5577,#2767);
#2296=LINE('',#5582,#2768);
#2297=LINE('',#5586,#2769);
#2298=LINE('',#5590,#2770);
#2299=LINE('',#5593,#2771);
#2300=LINE('',#5596,#2772);
#2301=LINE('',#5598,#2773);
#2302=LINE('',#5600,#2774);
#2303=LINE('',#5601,#2775);
#2304=LINE('',#5604,#2776);
#2305=LINE('',#5606,#2777);
#2306=LINE('',#5608,#2778);
#2307=LINE('',#5610,#2779);
#2308=LINE('',#5613,#2780);
#2309=LINE('',#5615,#2781);
#2310=LINE('',#5617,#2782);
#2311=LINE('',#5619,#2783);
#2312=LINE('',#5621,#2784);
#2313=LINE('',#5623,#2785);
#2314=LINE('',#5629,#2786);
#2315=LINE('',#5631,#2787);
#2316=LINE('',#5633,#2788);
#2317=LINE('',#5635,#2789);
#2318=LINE('',#5641,#2790);
#2319=LINE('',#5643,#2791);
#2320=LINE('',#5645,#2792);
#2321=LINE('',#5647,#2793);
#2322=LINE('',#5649,#2794);
#2323=LINE('',#5651,#2795);
#2324=LINE('',#5653,#2796);
#2325=LINE('',#5655,#2797);
#2326=LINE('',#5657,#2798);
#2327=LINE('',#5659,#2799);
#2328=LINE('',#5661,#2800);
#2329=LINE('',#5663,#2801);
#2330=LINE('',#5665,#2802);
#2331=LINE('',#5667,#2803);
#2332=LINE('',#5669,#2804);
#2333=LINE('',#5671,#2805);
#2334=LINE('',#5673,#2806);
#2335=LINE('',#5675,#2807);
#2336=LINE('',#5677,#2808);
#2337=LINE('',#5679,#2809);
#2338=LINE('',#5681,#2810);
#2339=LINE('',#5683,#2811);
#2340=LINE('',#5685,#2812);
#2341=LINE('',#5687,#2813);
#2342=LINE('',#5689,#2814);
#2343=LINE('',#5691,#2815);
#2344=LINE('',#5693,#2816);
#2345=LINE('',#5695,#2817);
#2346=LINE('',#5697,#2818);
#2347=LINE('',#5699,#2819);
#2348=LINE('',#5701,#2820);
#2349=LINE('',#5703,#2821);
#2350=LINE('',#5705,#2822);
#2351=LINE('',#5707,#2823);
#2352=LINE('',#5709,#2824);
#2353=LINE('',#5711,#2825);
#2354=LINE('',#5713,#2826);
#2355=LINE('',#5715,#2827);
#2356=LINE('',#5717,#2828);
#2357=LINE('',#5719,#2829);
#2358=LINE('',#5725,#2830);
#2359=LINE('',#5727,#2831);
#2360=LINE('',#5729,#2832);
#2361=LINE('',#5731,#2833);
#2362=LINE('',#5737,#2834);
#2363=LINE('',#5739,#2835);
#2364=LINE('',#5741,#2836);
#2365=LINE('',#5743,#2837);
#2366=LINE('',#5745,#2838);
#2367=LINE('',#5747,#2839);
#2368=LINE('',#5749,#2840);
#2369=LINE('',#5751,#2841);
#2370=LINE('',#5753,#2842);
#2371=LINE('',#5755,#2843);
#2372=LINE('',#5757,#2844);
#2373=LINE('',#5759,#2845);
#2374=LINE('',#5761,#2846);
#2375=LINE('',#5763,#2847);
#2376=LINE('',#5765,#2848);
#2377=LINE('',#5767,#2849);
#2378=LINE('',#5769,#2850);
#2379=LINE('',#5771,#2851);
#2380=LINE('',#5773,#2852);
#2381=LINE('',#5775,#2853);
#2382=LINE('',#5777,#2854);
#2383=LINE('',#5779,#2855);
#2384=LINE('',#5781,#2856);
#2385=LINE('',#5783,#2857);
#2386=LINE('',#5785,#2858);
#2387=LINE('',#5787,#2859);
#2388=LINE('',#5789,#2860);
#2389=LINE('',#5791,#2861);
#2390=LINE('',#5793,#2862);
#2391=LINE('',#5795,#2863);
#2392=LINE('',#5797,#2864);
#2393=LINE('',#5799,#2865);
#2394=LINE('',#5800,#2866);
#2395=LINE('',#5805,#2867);
#2396=LINE('',#5809,#2868);
#2397=LINE('',#5813,#2869);
#2398=LINE('',#5817,#2870);
#2399=LINE('',#5820,#2871);
#2400=LINE('',#5821,#2872);
#2401=LINE('',#5823,#2873);
#2402=LINE('',#5825,#2874);
#2403=LINE('',#5827,#2875);
#2404=LINE('',#5829,#2876);
#2405=LINE('',#5831,#2877);
#2406=LINE('',#5833,#2878);
#2407=LINE('',#5836,#2879);
#2408=LINE('',#5838,#2880);
#2409=LINE('',#5840,#2881);
#2410=LINE('',#5842,#2882);
#2411=LINE('',#5844,#2883);
#2412=LINE('',#5846,#2884);
#2413=LINE('',#5848,#2885);
#2414=LINE('',#5850,#2886);
#2415=LINE('',#5853,#2887);
#2416=LINE('',#5855,#2888);
#2417=LINE('',#5857,#2889);
#2418=LINE('',#5859,#2890);
#2419=LINE('',#5861,#2891);
#2420=LINE('',#5863,#2892);
#2421=LINE('',#5865,#2893);
#2422=LINE('',#5867,#2894);
#2423=LINE('',#5870,#2895);
#2424=LINE('',#5872,#2896);
#2425=LINE('',#5874,#2897);
#2426=LINE('',#5876,#2898);
#2427=LINE('',#5878,#2899);
#2428=LINE('',#5880,#2900);
#2429=LINE('',#5882,#2901);
#2430=LINE('',#5884,#2902);
#2431=LINE('',#5888,#2903);
#2432=LINE('',#5891,#2904);
#2433=LINE('',#5893,#2905);
#2434=LINE('',#5897,#2906);
#2435=LINE('',#5901,#2907);
#2436=LINE('',#5903,#2908);
#2437=LINE('',#5905,#2909);
#2438=LINE('',#5909,#2910);
#2439=LINE('',#5913,#2911);
#2440=LINE('',#5915,#2912);
#2441=LINE('',#5917,#2913);
#2442=LINE('',#5919,#2914);
#2443=LINE('',#5921,#2915);
#2444=LINE('',#5923,#2916);
#2445=LINE('',#5925,#2917);
#2446=LINE('',#5927,#2918);
#2447=LINE('',#5929,#2919);
#2448=LINE('',#5931,#2920);
#2449=LINE('',#5933,#2921);
#2450=LINE('',#5936,#2922);
#2451=LINE('',#5938,#2923);
#2452=LINE('',#5940,#2924);
#2453=LINE('',#5942,#2925);
#2454=LINE('',#5947,#2926);
#2455=LINE('',#5949,#2927);
#2456=LINE('',#5951,#2928);
#2457=LINE('',#5956,#2929);
#2458=LINE('',#5958,#2930);
#2459=LINE('',#5962,#2931);
#2460=LINE('',#5966,#2932);
#2461=LINE('',#5971,#2933);
#2462=LINE('',#5975,#2934);
#2463=LINE('',#5977,#2935);
#2464=LINE('',#5979,#2936);
#2465=LINE('',#5983,#2937);
#2466=LINE('',#5987,#2938);
#2467=LINE('',#5989,#2939);
#2468=LINE('',#5991,#2940);
#2469=LINE('',#5995,#2941);
#2470=LINE('',#5999,#2942);
#2471=LINE('',#6001,#2943);
#2472=LINE('',#6003,#2944);
#2473=LINE('',#6005,#2945);
#2474=LINE('',#6007,#2946);
#2475=LINE('',#6009,#2947);
#2476=LINE('',#6011,#2948);
#2477=LINE('',#6013,#2949);
#2478=LINE('',#6015,#2950);
#2479=LINE('',#6017,#2951);
#2480=LINE('',#6020,#2952);
#2481=LINE('',#6022,#2953);
#2482=LINE('',#6024,#2954);
#2483=LINE('',#6026,#2955);
#2484=LINE('',#6031,#2956);
#2485=LINE('',#6033,#2957);
#2486=LINE('',#6035,#2958);
#2487=LINE('',#6040,#2959);
#2488=LINE('',#6042,#2960);
#2489=LINE('',#6047,#2961);
#2490=LINE('',#6051,#2962);
#2491=LINE('',#6053,#2963);
#2492=LINE('',#6058,#2964);
#2493=LINE('',#6062,#2965);
#2494=LINE('',#6063,#2966);
#2495=LINE('',#6064,#2967);
#2496=LINE('',#6065,#2968);
#2497=LINE('',#6066,#2969);
#2498=LINE('',#6067,#2970);
#2499=LINE('',#6068,#2971);
#2500=LINE('',#6069,#2972);
#2501=LINE('',#6071,#2973);
#2502=LINE('',#6073,#2974);
#2503=LINE('',#6076,#2975);
#2504=LINE('',#6078,#2976);
#2505=LINE('',#6080,#2977);
#2506=LINE('',#6083,#2978);
#2507=LINE('',#6085,#2979);
#2508=LINE('',#6087,#2980);
#2509=LINE('',#6090,#2981);
#2510=LINE('',#6092,#2982);
#2511=LINE('',#6094,#2983);
#2512=LINE('',#6097,#2984);
#2513=LINE('',#6099,#2985);
#2514=LINE('',#6101,#2986);
#2515=LINE('',#6104,#2987);
#2516=LINE('',#6106,#2988);
#2517=LINE('',#6108,#2989);
#2518=LINE('',#6110,#2990);
#2519=LINE('',#6113,#2991);
#2520=LINE('',#6115,#2992);
#2521=LINE('',#6117,#2993);
#2522=LINE('',#6119,#2994);
#2523=LINE('',#6123,#2995);
#2524=LINE('',#6126,#2996);
#2525=LINE('',#6128,#2997);
#2526=LINE('',#6130,#2998);
#2527=LINE('',#6132,#2999);
#2528=LINE('',#6135,#3000);
#2529=LINE('',#6137,#3001);
#2530=LINE('',#6139,#3002);
#2531=LINE('',#6141,#3003);
#2532=LINE('',#6143,#3004);
#2533=LINE('',#6145,#3005);
#2534=LINE('',#6147,#3006);
#2535=LINE('',#6149,#3007);
#2536=LINE('',#6150,#3008);
#2537=LINE('',#6152,#3009);
#2538=LINE('',#6154,#3010);
#2539=LINE('',#6156,#3011);
#2540=LINE('',#6158,#3012);
#2541=LINE('',#6160,#3013);
#2542=LINE('',#6163,#3014);
#2543=LINE('',#6164,#3015);
#2544=LINE('',#6166,#3016);
#2545=LINE('',#6168,#3017);
#2546=LINE('',#6169,#3018);
#2547=LINE('',#6171,#3019);
#2548=LINE('',#6175,#3020);
#2549=LINE('',#6177,#3021);
#2550=LINE('',#6181,#3022);
#2551=LINE('',#6183,#3023);
#2552=LINE('',#6185,#3024);
#2553=LINE('',#6186,#3025);
#2554=LINE('',#6188,#3026);
#2555=LINE('',#6192,#3027);
#2556=LINE('',#6194,#3028);
#2557=LINE('',#6199,#3029);
#2558=LINE('',#6202,#3030);
#2559=LINE('',#6203,#3031);
#2560=LINE('',#6205,#3032);
#2561=LINE('',#6207,#3033);
#2562=LINE('',#6209,#3034);
#2563=LINE('',#6211,#3035);
#2564=LINE('',#6213,#3036);
#2565=LINE('',#6215,#3037);
#2566=LINE('',#6217,#3038);
#2567=LINE('',#6224,#3039);
#2568=LINE('',#6226,#3040);
#2569=LINE('',#6229,#3041);
#2570=LINE('',#6230,#3042);
#2571=LINE('',#6232,#3043);
#2572=LINE('',#6234,#3044);
#2573=LINE('',#6236,#3045);
#2574=LINE('',#6238,#3046);
#2575=LINE('',#6240,#3047);
#2576=LINE('',#6242,#3048);
#2577=LINE('',#6244,#3049);
#2578=LINE('',#6251,#3050);
#2579=LINE('',#6253,#3051);
#2580=LINE('',#6255,#3052);
#2581=LINE('',#6257,#3053);
#2582=LINE('',#6259,#3054);
#2583=LINE('',#6261,#3055);
#2584=LINE('',#6263,#3056);
#2585=LINE('',#6265,#3057);
#2586=LINE('',#6267,#3058);
#2587=LINE('',#6269,#3059);
#2588=LINE('',#6273,#3060);
#2589=LINE('',#6277,#3061);
#2590=LINE('',#6278,#3062);
#2591=LINE('',#6292,#3063);
#2592=LINE('',#6295,#3064);
#2593=LINE('',#6297,#3065);
#2594=LINE('',#6299,#3066);
#2595=LINE('',#6301,#3067);
#2596=LINE('',#6303,#3068);
#2597=LINE('',#6305,#3069);
#2598=LINE('',#6307,#3070);
#2599=LINE('',#6309,#3071);
#2600=LINE('',#6311,#3072);
#2601=LINE('',#6313,#3073);
#2602=LINE('',#6316,#3074);
#2603=LINE('',#6318,#3075);
#2604=LINE('',#6320,#3076);
#2605=LINE('',#6322,#3077);
#2606=LINE('',#6324,#3078);
#2607=LINE('',#6326,#3079);
#2608=LINE('',#6328,#3080);
#2609=LINE('',#6330,#3081);
#2610=LINE('',#6332,#3082);
#2611=LINE('',#6334,#3083);
#2612=LINE('',#6338,#3084);
#2613=LINE('',#6339,#3085);
#2614=LINE('',#6341,#3086);
#2615=LINE('',#6343,#3087);
#2616=LINE('',#6345,#3088);
#2617=LINE('',#6349,#3089);
#2618=LINE('',#6350,#3090);
#2619=LINE('',#6354,#3091);
#2620=LINE('',#6377,#3092);
#2621=LINE('',#6378,#3093);
#2622=LINE('',#6379,#3094);
#2623=LINE('',#6381,#3095);
#2624=LINE('',#6383,#3096);
#2625=LINE('',#6385,#3097);
#2626=LINE('',#6387,#3098);
#2627=LINE('',#6389,#3099);
#2628=LINE('',#6391,#3100);
#2629=LINE('',#6393,#3101);
#2630=LINE('',#6395,#3102);
#2631=LINE('',#6397,#3103);
#2632=LINE('',#6399,#3104);
#2633=LINE('',#6401,#3105);
#2634=LINE('',#6403,#3106);
#2635=LINE('',#6406,#3107);
#2636=LINE('',#6409,#3108);
#2637=LINE('',#6412,#3109);
#2638=LINE('',#6415,#3110);
#2639=LINE('',#6422,#3111);
#2640=LINE('',#6424,#3112);
#2641=LINE('',#6426,#3113);
#2642=LINE('',#6428,#3114);
#2643=LINE('',#6430,#3115);
#2644=LINE('',#6432,#3116);
#2645=LINE('',#6434,#3117);
#2646=LINE('',#6436,#3118);
#2647=LINE('',#6438,#3119);
#2648=LINE('',#6441,#3120);
#2649=LINE('',#6443,#3121);
#2650=LINE('',#6445,#3122);
#2651=LINE('',#6447,#3123);
#2652=LINE('',#6449,#3124);
#2653=LINE('',#6451,#3125);
#2654=LINE('',#6453,#3126);
#2655=LINE('',#6455,#3127);
#2656=LINE('',#6457,#3128);
#2657=LINE('',#6461,#3129);
#2658=LINE('',#6465,#3130);
#2659=LINE('',#6469,#3131);
#2660=LINE('',#6470,#3132);
#2661=LINE('',#6474,#3133);
#2662=LINE('',#6478,#3134);
#2663=LINE('',#6479,#3135);
#2664=LINE('',#6483,#3136);
#2665=LINE('',#6487,#3137);
#2666=LINE('',#6491,#3138);
#2667=LINE('',#6493,#3139);
#2668=LINE('',#6494,#3140);
#2669=LINE('',#6496,#3141);
#2670=LINE('',#6499,#3142);
#2671=LINE('',#6501,#3143);
#2672=LINE('',#6503,#3144);
#2673=LINE('',#6508,#3145);
#2674=LINE('',#6512,#3146);
#2675=LINE('',#6514,#3147);
#2676=LINE('',#6516,#3148);
#2677=LINE('',#6521,#3149);
#2678=LINE('',#6525,#3150);
#2679=LINE('',#6527,#3151);
#2680=LINE('',#6528,#3152);
#2681=LINE('',#6545,#3153);
#2682=LINE('',#6548,#3154);
#2683=LINE('',#6550,#3155);
#2684=LINE('',#6552,#3156);
#2685=LINE('',#6556,#3157);
#2686=LINE('',#6560,#3158);
#2687=LINE('',#6562,#3159);
#2688=LINE('',#6564,#3160);
#2689=LINE('',#6568,#3161);
#2690=LINE('',#6572,#3162);
#2691=LINE('',#6574,#3163);
#2692=LINE('',#6576,#3164);
#2693=LINE('',#6580,#3165);
#2694=LINE('',#6584,#3166);
#2695=LINE('',#6586,#3167);
#2696=LINE('',#6588,#3168);
#2697=LINE('',#6594,#3169);
#2698=LINE('',#6597,#3170);
#2699=LINE('',#6599,#3171);
#2700=LINE('',#6601,#3172);
#2701=LINE('',#6602,#3173);
#2702=LINE('',#6605,#3174);
#2703=LINE('',#6607,#3175);
#2704=LINE('',#6609,#3176);
#2705=LINE('',#6610,#3177);
#2706=LINE('',#6613,#3178);
#2707=LINE('',#6615,#3179);
#2708=LINE('',#6617,#3180);
#2709=LINE('',#6619,#3181);
#2710=LINE('',#6621,#3182);
#2711=LINE('',#6623,#3183);
#2712=LINE('',#6625,#3184);
#2713=LINE('',#6627,#3185);
#2714=LINE('',#6629,#3186);
#2715=LINE('',#6631,#3187);
#2716=LINE('',#6633,#3188);
#2717=LINE('',#6635,#3189);
#2718=LINE('',#6639,#3190);
#2719=LINE('',#6643,#3191);
#2720=LINE('',#6645,#3192);
#2721=LINE('',#6647,#3193);
#2722=LINE('',#6649,#3194);
#2723=LINE('',#6651,#3195);
#2724=LINE('',#6653,#3196);
#2725=LINE('',#6655,#3197);
#2726=LINE('',#6656,#3198);
#2727=LINE('',#6660,#3199);
#2728=LINE('',#6662,#3200);
#2729=LINE('',#6664,#3201);
#2730=LINE('',#6666,#3202);
#2731=LINE('',#6668,#3203);
#2732=LINE('',#6670,#3204);
#2733=LINE('',#6672,#3205);
#2734=LINE('',#6674,#3206);
#2735=LINE('',#6676,#3207);
#2736=LINE('',#6680,#3208);
#2737=LINE('',#6684,#3209);
#2738=LINE('',#6686,#3210);
#2739=LINE('',#6688,#3211);
#2740=LINE('',#6690,#3212);
#2741=LINE('',#6692,#3213);
#2742=LINE('',#6694,#3214);
#2743=LINE('',#6696,#3215);
#2744=LINE('',#6697,#3216);
#2745=LINE('',#6701,#3217);
#2746=LINE('',#6703,#3218);
#2747=LINE('',#6705,#3219);
#2748=LINE('',#6707,#3220);
#2749=LINE('',#6709,#3221);
#2750=LINE('',#6711,#3222);
#2751=LINE('',#6713,#3223);
#2752=LINE('',#6715,#3224);
#2753=LINE('',#6717,#3225);
#2754=LINE('',#6721,#3226);
#2755=LINE('',#6725,#3227);
#2756=LINE('',#6727,#3228);
#2757=LINE('',#6729,#3229);
#2758=LINE('',#6731,#3230);
#2759=LINE('',#6733,#3231);
#2760=LINE('',#6735,#3232);
#2761=LINE('',#6737,#3233);
#2762=LINE('',#6738,#3234);
#2763=VECTOR('',#4455,39.3700787401575);
#2764=VECTOR('',#4456,39.3700787401575);
#2765=VECTOR('',#4457,39.3700787401575);
#2766=VECTOR('',#4458,39.3700787401575);
#2767=VECTOR('',#4459,39.3700787401575);
#2768=VECTOR('',#4462,39.3700787401575);
#2769=VECTOR('',#4465,39.3700787401575);
#2770=VECTOR('',#4468,39.3700787401575);
#2771=VECTOR('',#4471,39.3700787401575);
#2772=VECTOR('',#4472,39.3700787401575);
#2773=VECTOR('',#4473,39.3700787401575);
#2774=VECTOR('',#4474,39.3700787401575);
#2775=VECTOR('',#4475,39.3700787401575);
#2776=VECTOR('',#4476,39.3700787401575);
#2777=VECTOR('',#4477,39.3700787401575);
#2778=VECTOR('',#4478,39.3700787401575);
#2779=VECTOR('',#4481,39.3700787401575);
#2780=VECTOR('',#4482,39.3700787401575);
#2781=VECTOR('',#4483,39.3700787401575);
#2782=VECTOR('',#4484,39.3700787401575);
#2783=VECTOR('',#4487,39.3700787401575);
#2784=VECTOR('',#4488,39.3700787401575);
#2785=VECTOR('',#4489,39.3700787401575);
#2786=VECTOR('',#4496,39.3700787401575);
#2787=VECTOR('',#4499,39.3700787401575);
#2788=VECTOR('',#4500,39.3700787401575);
#2789=VECTOR('',#4501,39.3700787401575);
#2790=VECTOR('',#4508,39.3700787401575);
#2791=VECTOR('',#4511,39.3700787401575);
#2792=VECTOR('',#4512,39.3700787401575);
#2793=VECTOR('',#4513,39.3700787401575);
#2794=VECTOR('',#4516,39.3700787401575);
#2795=VECTOR('',#4517,39.3700787401575);
#2796=VECTOR('',#4518,39.3700787401575);
#2797=VECTOR('',#4521,39.3700787401575);
#2798=VECTOR('',#4522,39.3700787401575);
#2799=VECTOR('',#4523,39.3700787401575);
#2800=VECTOR('',#4526,39.3700787401575);
#2801=VECTOR('',#4527,39.3700787401575);
#2802=VECTOR('',#4528,39.3700787401575);
#2803=VECTOR('',#4531,39.3700787401575);
#2804=VECTOR('',#4532,39.3700787401575);
#2805=VECTOR('',#4533,39.3700787401575);
#2806=VECTOR('',#4536,39.3700787401575);
#2807=VECTOR('',#4537,39.3700787401575);
#2808=VECTOR('',#4538,39.3700787401575);
#2809=VECTOR('',#4541,39.3700787401575);
#2810=VECTOR('',#4542,39.3700787401575);
#2811=VECTOR('',#4543,39.3700787401575);
#2812=VECTOR('',#4546,39.3700787401575);
#2813=VECTOR('',#4547,39.3700787401575);
#2814=VECTOR('',#4548,39.3700787401575);
#2815=VECTOR('',#4551,39.3700787401575);
#2816=VECTOR('',#4552,39.3700787401575);
#2817=VECTOR('',#4553,39.3700787401575);
#2818=VECTOR('',#4556,39.3700787401575);
#2819=VECTOR('',#4557,39.3700787401575);
#2820=VECTOR('',#4558,39.3700787401575);
#2821=VECTOR('',#4561,39.3700787401575);
#2822=VECTOR('',#4562,39.3700787401575);
#2823=VECTOR('',#4563,39.3700787401575);
#2824=VECTOR('',#4566,39.3700787401575);
#2825=VECTOR('',#4567,39.3700787401575);
#2826=VECTOR('',#4568,39.3700787401575);
#2827=VECTOR('',#4571,39.3700787401575);
#2828=VECTOR('',#4572,39.3700787401575);
#2829=VECTOR('',#4573,39.3700787401575);
#2830=VECTOR('',#4580,39.3700787401575);
#2831=VECTOR('',#4583,39.3700787401575);
#2832=VECTOR('',#4584,39.3700787401575);
#2833=VECTOR('',#4585,39.3700787401575);
#2834=VECTOR('',#4592,39.3700787401575);
#2835=VECTOR('',#4595,39.3700787401575);
#2836=VECTOR('',#4596,39.3700787401575);
#2837=VECTOR('',#4597,39.3700787401575);
#2838=VECTOR('',#4600,39.3700787401575);
#2839=VECTOR('',#4601,39.3700787401575);
#2840=VECTOR('',#4602,39.3700787401575);
#2841=VECTOR('',#4605,39.3700787401575);
#2842=VECTOR('',#4606,39.3700787401575);
#2843=VECTOR('',#4607,39.3700787401575);
#2844=VECTOR('',#4610,39.3700787401575);
#2845=VECTOR('',#4611,39.3700787401575);
#2846=VECTOR('',#4612,39.3700787401575);
#2847=VECTOR('',#4615,39.3700787401575);
#2848=VECTOR('',#4616,39.3700787401575);
#2849=VECTOR('',#4617,39.3700787401575);
#2850=VECTOR('',#4620,39.3700787401575);
#2851=VECTOR('',#4621,39.3700787401575);
#2852=VECTOR('',#4622,39.3700787401575);
#2853=VECTOR('',#4625,39.3700787401575);
#2854=VECTOR('',#4626,39.3700787401575);
#2855=VECTOR('',#4627,39.3700787401575);
#2856=VECTOR('',#4630,39.3700787401575);
#2857=VECTOR('',#4631,39.3700787401575);
#2858=VECTOR('',#4632,39.3700787401575);
#2859=VECTOR('',#4635,39.3700787401575);
#2860=VECTOR('',#4636,39.3700787401575);
#2861=VECTOR('',#4637,39.3700787401575);
#2862=VECTOR('',#4640,39.3700787401575);
#2863=VECTOR('',#4641,39.3700787401575);
#2864=VECTOR('',#4642,39.3700787401575);
#2865=VECTOR('',#4645,39.3700787401575);
#2866=VECTOR('',#4646,39.3700787401575);
#2867=VECTOR('',#4651,39.3700787401575);
#2868=VECTOR('',#4654,39.3700787401575);
#2869=VECTOR('',#4657,39.3700787401575);
#2870=VECTOR('',#4660,39.3700787401575);
#2871=VECTOR('',#4665,39.3700787401575);
#2872=VECTOR('',#4666,39.3700787401575);
#2873=VECTOR('',#4669,39.3700787401575);
#2874=VECTOR('',#4672,39.3700787401575);
#2875=VECTOR('',#4675,39.3700787401575);
#2876=VECTOR('',#4678,39.3700787401575);
#2877=VECTOR('',#4681,39.3700787401575);
#2878=VECTOR('',#4684,39.3700787401575);
#2879=VECTOR('',#4689,39.3700787401575);
#2880=VECTOR('',#4690,39.3700787401575);
#2881=VECTOR('',#4691,39.3700787401575);
#2882=VECTOR('',#4694,39.3700787401575);
#2883=VECTOR('',#4695,39.3700787401575);
#2884=VECTOR('',#4698,39.3700787401575);
#2885=VECTOR('',#4699,39.3700787401575);
#2886=VECTOR('',#4702,39.3700787401575);
#2887=VECTOR('',#4707,39.3700787401575);
#2888=VECTOR('',#4708,39.3700787401575);
#2889=VECTOR('',#4709,39.3700787401575);
#2890=VECTOR('',#4712,39.3700787401575);
#2891=VECTOR('',#4713,39.3700787401575);
#2892=VECTOR('',#4716,39.3700787401575);
#2893=VECTOR('',#4717,39.3700787401575);
#2894=VECTOR('',#4720,39.3700787401575);
#2895=VECTOR('',#4725,39.3700787401575);
#2896=VECTOR('',#4726,39.3700787401575);
#2897=VECTOR('',#4727,39.3700787401575);
#2898=VECTOR('',#4730,39.3700787401575);
#2899=VECTOR('',#4731,39.3700787401575);
#2900=VECTOR('',#4734,39.3700787401575);
#2901=VECTOR('',#4735,39.3700787401575);
#2902=VECTOR('',#4738,39.3700787401575);
#2903=VECTOR('',#4745,39.3700787401575);
#2904=VECTOR('',#4746,39.3700787401575);
#2905=VECTOR('',#4747,39.3700787401575);
#2906=VECTOR('',#4750,39.3700787401575);
#2907=VECTOR('',#4753,39.3700787401575);
#2908=VECTOR('',#4754,39.3700787401575);
#2909=VECTOR('',#4755,39.3700787401575);
#2910=VECTOR('',#4758,39.3700787401575);
#2911=VECTOR('',#4761,39.3700787401575);
#2912=VECTOR('',#4762,39.3700787401575);
#2913=VECTOR('',#4763,39.3700787401575);
#2914=VECTOR('',#4764,39.3700787401575);
#2915=VECTOR('',#4767,39.3700787401575);
#2916=VECTOR('',#4768,39.3700787401575);
#2917=VECTOR('',#4769,39.3700787401575);
#2918=VECTOR('',#4772,39.3700787401575);
#2919=VECTOR('',#4773,39.3700787401575);
#2920=VECTOR('',#4774,39.3700787401575);
#2921=VECTOR('',#4777,39.3700787401575);
#2922=VECTOR('',#4778,39.3700787401575);
#2923=VECTOR('',#4779,39.3700787401575);
#2924=VECTOR('',#4780,39.3700787401575);
#2925=VECTOR('',#4781,39.3700787401575);
#2926=VECTOR('',#4786,39.3700787401575);
#2927=VECTOR('',#4787,39.3700787401575);
#2928=VECTOR('',#4788,39.3700787401575);
#2929=VECTOR('',#4793,39.3700787401575);
#2930=VECTOR('',#4794,39.3700787401575);
#2931=VECTOR('',#4799,39.3700787401575);
#2932=VECTOR('',#4804,39.3700787401575);
#2933=VECTOR('',#4807,39.3700787401575);
#2934=VECTOR('',#4812,39.3700787401575);
#2935=VECTOR('',#4813,39.3700787401575);
#2936=VECTOR('',#4814,39.3700787401575);
#2937=VECTOR('',#4817,39.3700787401575);
#2938=VECTOR('',#4820,39.3700787401575);
#2939=VECTOR('',#4821,39.3700787401575);
#2940=VECTOR('',#4822,39.3700787401575);
#2941=VECTOR('',#4825,39.3700787401575);
#2942=VECTOR('',#4828,39.3700787401575);
#2943=VECTOR('',#4829,39.3700787401575);
#2944=VECTOR('',#4830,39.3700787401575);
#2945=VECTOR('',#4833,39.3700787401575);
#2946=VECTOR('',#4834,39.3700787401575);
#2947=VECTOR('',#4835,39.3700787401575);
#2948=VECTOR('',#4838,39.3700787401575);
#2949=VECTOR('',#4839,39.3700787401575);
#2950=VECTOR('',#4840,39.3700787401575);
#2951=VECTOR('',#4843,39.3700787401575);
#2952=VECTOR('',#4844,39.3700787401575);
#2953=VECTOR('',#4845,39.3700787401575);
#2954=VECTOR('',#4846,39.3700787401575);
#2955=VECTOR('',#4847,39.3700787401575);
#2956=VECTOR('',#4852,39.3700787401575);
#2957=VECTOR('',#4853,39.3700787401575);
#2958=VECTOR('',#4854,39.3700787401575);
#2959=VECTOR('',#4859,39.3700787401575);
#2960=VECTOR('',#4860,39.3700787401575);
#2961=VECTOR('',#4865,39.3700787401575);
#2962=VECTOR('',#4868,39.3700787401575);
#2963=VECTOR('',#4871,39.3700787401575);
#2964=VECTOR('',#4874,39.3700787401575);
#2965=VECTOR('',#4879,39.3700787401575);
#2966=VECTOR('',#4880,39.3700787401575);
#2967=VECTOR('',#4881,39.3700787401575);
#2968=VECTOR('',#4882,39.3700787401575);
#2969=VECTOR('',#4883,39.3700787401575);
#2970=VECTOR('',#4884,39.3700787401575);
#2971=VECTOR('',#4885,39.3700787401575);
#2972=VECTOR('',#4886,39.3700787401575);
#2973=VECTOR('',#4889,39.3700787401575);
#2974=VECTOR('',#4892,39.3700787401575);
#2975=VECTOR('',#4897,39.3700787401575);
#2976=VECTOR('',#4900,39.3700787401575);
#2977=VECTOR('',#4903,39.3700787401575);
#2978=VECTOR('',#4908,39.3700787401575);
#2979=VECTOR('',#4911,39.3700787401575);
#2980=VECTOR('',#4914,39.3700787401575);
#2981=VECTOR('',#4919,39.3700787401575);
#2982=VECTOR('',#4922,39.3700787401575);
#2983=VECTOR('',#4925,39.3700787401575);
#2984=VECTOR('',#4930,39.3700787401575);
#2985=VECTOR('',#4933,39.3700787401575);
#2986=VECTOR('',#4936,39.3700787401575);
#2987=VECTOR('',#4941,39.3700787401575);
#2988=VECTOR('',#4944,39.3700787401575);
#2989=VECTOR('',#4947,39.3700787401575);
#2990=VECTOR('',#4950,39.3700787401575);
#2991=VECTOR('',#4955,39.3700787401575);
#2992=VECTOR('',#4958,39.3700787401575);
#2993=VECTOR('',#4961,39.3700787401575);
#2994=VECTOR('',#4964,39.3700787401575);
#2995=VECTOR('',#4971,39.3700787401575);
#2996=VECTOR('',#4972,39.3700787401575);
#2997=VECTOR('',#4973,39.3700787401575);
#2998=VECTOR('',#4974,39.3700787401575);
#2999=VECTOR('',#4977,39.3700787401575);
#3000=VECTOR('',#4978,39.3700787401575);
#3001=VECTOR('',#4979,39.3700787401575);
#3002=VECTOR('',#4980,39.3700787401575);
#3003=VECTOR('',#4983,39.3700787401575);
#3004=VECTOR('',#4984,39.3700787401575);
#3005=VECTOR('',#4985,39.3700787401575);
#3006=VECTOR('',#4986,39.3700787401575);
#3007=VECTOR('',#4987,39.3700787401575);
#3008=VECTOR('',#4988,39.3700787401575);
#3009=VECTOR('',#4989,39.3700787401575);
#3010=VECTOR('',#4990,39.3700787401575);
#3011=VECTOR('',#4991,39.3700787401575);
#3012=VECTOR('',#4992,39.3700787401575);
#3013=VECTOR('',#4995,39.3700787401575);
#3014=VECTOR('',#4996,39.3700787401575);
#3015=VECTOR('',#4997,39.3700787401575);
#3016=VECTOR('',#5000,39.3700787401575);
#3017=VECTOR('',#5001,39.3700787401575);
#3018=VECTOR('',#5002,39.3700787401575);
#3019=VECTOR('',#5003,39.3700787401575);
#3020=VECTOR('',#5006,39.3700787401575);
#3021=VECTOR('',#5007,39.3700787401575);
#3022=VECTOR('',#5012,39.3700787401575);
#3023=VECTOR('',#5013,39.3700787401575);
#3024=VECTOR('',#5016,39.3700787401575);
#3025=VECTOR('',#5017,39.3700787401575);
#3026=VECTOR('',#5018,39.3700787401575);
#3027=VECTOR('',#5021,39.3700787401575);
#3028=VECTOR('',#5022,39.3700787401575);
#3029=VECTOR('',#5029,39.3700787401575);
#3030=VECTOR('',#5030,39.3700787401575);
#3031=VECTOR('',#5031,39.3700787401575);
#3032=VECTOR('',#5034,39.3700787401575);
#3033=VECTOR('',#5035,39.3700787401575);
#3034=VECTOR('',#5038,39.3700787401575);
#3035=VECTOR('',#5039,39.3700787401575);
#3036=VECTOR('',#5040,39.3700787401575);
#3037=VECTOR('',#5043,39.3700787401575);
#3038=VECTOR('',#5044,39.3700787401575);
#3039=VECTOR('',#5055,39.3700787401575);
#3040=VECTOR('',#5058,39.3700787401575);
#3041=VECTOR('',#5059,39.3700787401575);
#3042=VECTOR('',#5060,39.3700787401575);
#3043=VECTOR('',#5063,39.3700787401575);
#3044=VECTOR('',#5064,39.3700787401575);
#3045=VECTOR('',#5067,39.3700787401575);
#3046=VECTOR('',#5068,39.3700787401575);
#3047=VECTOR('',#5069,39.3700787401575);
#3048=VECTOR('',#5072,39.3700787401575);
#3049=VECTOR('',#5073,39.3700787401575);
#3050=VECTOR('',#5084,39.3700787401575);
#3051=VECTOR('',#5087,39.3700787401575);
#3052=VECTOR('',#5088,39.3700787401575);
#3053=VECTOR('',#5089,39.3700787401575);
#3054=VECTOR('',#5092,39.3700787401575);
#3055=VECTOR('',#5093,39.3700787401575);
#3056=VECTOR('',#5094,39.3700787401575);
#3057=VECTOR('',#5097,39.3700787401575);
#3058=VECTOR('',#5098,39.3700787401575);
#3059=VECTOR('',#5099,39.3700787401575);
#3060=VECTOR('',#5104,39.3700787401575);
#3061=VECTOR('',#5109,39.3700787401575);
#3062=VECTOR('',#5110,39.3700787401575);
#3063=VECTOR('',#5133,39.3700787401575);
#3064=VECTOR('',#5134,39.3700787401575);
#3065=VECTOR('',#5135,39.3700787401575);
#3066=VECTOR('',#5136,39.3700787401575);
#3067=VECTOR('',#5137,39.3700787401575);
#3068=VECTOR('',#5138,39.3700787401575);
#3069=VECTOR('',#5139,39.3700787401575);
#3070=VECTOR('',#5140,39.3700787401575);
#3071=VECTOR('',#5141,39.3700787401575);
#3072=VECTOR('',#5142,39.3700787401575);
#3073=VECTOR('',#5145,39.3700787401575);
#3074=VECTOR('',#5146,39.3700787401575);
#3075=VECTOR('',#5147,39.3700787401575);
#3076=VECTOR('',#5148,39.3700787401575);
#3077=VECTOR('',#5149,39.3700787401575);
#3078=VECTOR('',#5150,39.3700787401575);
#3079=VECTOR('',#5151,39.3700787401575);
#3080=VECTOR('',#5152,39.3700787401575);
#3081=VECTOR('',#5153,39.3700787401575);
#3082=VECTOR('',#5154,39.3700787401575);
#3083=VECTOR('',#5157,39.3700787401575);
#3084=VECTOR('',#5160,39.3700787401575);
#3085=VECTOR('',#5161,39.3700787401575);
#3086=VECTOR('',#5162,39.3700787401575);
#3087=VECTOR('',#5163,39.3700787401575);
#3088=VECTOR('',#5166,39.3700787401575);
#3089=VECTOR('',#5169,39.3700787401575);
#3090=VECTOR('',#5170,39.3700787401575);
#3091=VECTOR('',#5173,39.3700787401575);
#3092=VECTOR('',#5202,39.3700787401575);
#3093=VECTOR('',#5203,39.3700787401575);
#3094=VECTOR('',#5204,39.3700787401575);
#3095=VECTOR('',#5205,39.3700787401575);
#3096=VECTOR('',#5206,39.3700787401575);
#3097=VECTOR('',#5209,39.3700787401575);
#3098=VECTOR('',#5210,39.3700787401575);
#3099=VECTOR('',#5213,39.3700787401575);
#3100=VECTOR('',#5214,39.3700787401575);
#3101=VECTOR('',#5217,39.3700787401575);
#3102=VECTOR('',#5220,39.3700787401575);
#3103=VECTOR('',#5221,39.3700787401575);
#3104=VECTOR('',#5224,39.3700787401575);
#3105=VECTOR('',#5225,39.3700787401575);
#3106=VECTOR('',#5228,39.3700787401575);
#3107=VECTOR('',#5233,39.3700787401575);
#3108=VECTOR('',#5238,39.3700787401575);
#3109=VECTOR('',#5243,39.3700787401575);
#3110=VECTOR('',#5248,39.3700787401575);
#3111=VECTOR('',#5257,39.3700787401575);
#3112=VECTOR('',#5258,39.3700787401575);
#3113=VECTOR('',#5259,39.3700787401575);
#3114=VECTOR('',#5260,39.3700787401575);
#3115=VECTOR('',#5261,39.3700787401575);
#3116=VECTOR('',#5262,39.3700787401575);
#3117=VECTOR('',#5263,39.3700787401575);
#3118=VECTOR('',#5264,39.3700787401575);
#3119=VECTOR('',#5265,39.3700787401575);
#3120=VECTOR('',#5270,39.3700787401575);
#3121=VECTOR('',#5271,39.3700787401575);
#3122=VECTOR('',#5272,39.3700787401575);
#3123=VECTOR('',#5273,39.3700787401575);
#3124=VECTOR('',#5274,39.3700787401575);
#3125=VECTOR('',#5275,39.3700787401575);
#3126=VECTOR('',#5276,39.3700787401575);
#3127=VECTOR('',#5279,39.3700787401575);
#3128=VECTOR('',#5280,39.3700787401575);
#3129=VECTOR('',#5283,39.3700787401575);
#3130=VECTOR('',#5286,39.3700787401575);
#3131=VECTOR('',#5289,39.3700787401575);
#3132=VECTOR('',#5290,39.3700787401575);
#3133=VECTOR('',#5295,39.3700787401575);
#3134=VECTOR('',#5298,39.3700787401575);
#3135=VECTOR('',#5299,39.3700787401575);
#3136=VECTOR('',#5302,39.3700787401575);
#3137=VECTOR('',#5305,39.3700787401575);
#3138=VECTOR('',#5308,39.3700787401575);
#3139=VECTOR('',#5311,39.3700787401575);
#3140=VECTOR('',#5312,39.3700787401575);
#3141=VECTOR('',#5315,39.3700787401575);
#3142=VECTOR('',#5320,39.3700787401575);
#3143=VECTOR('',#5323,39.3700787401575);
#3144=VECTOR('',#5326,39.3700787401575);
#3145=VECTOR('',#5333,39.3700787401575);
#3146=VECTOR('',#5336,39.3700787401575);
#3147=VECTOR('',#5339,39.3700787401575);
#3148=VECTOR('',#5342,39.3700787401575);
#3149=VECTOR('',#5349,39.3700787401575);
#3150=VECTOR('',#5352,39.3700787401575);
#3151=VECTOR('',#5355,39.3700787401575);
#3152=VECTOR('',#5356,39.3700787401575);
#3153=VECTOR('',#5383,39.3700787401575);
#3154=VECTOR('',#5384,39.3700787401575);
#3155=VECTOR('',#5385,39.3700787401575);
#3156=VECTOR('',#5386,39.3700787401575);
#3157=VECTOR('',#5391,39.3700787401575);
#3158=VECTOR('',#5396,39.3700787401575);
#3159=VECTOR('',#5397,39.3700787401575);
#3160=VECTOR('',#5398,39.3700787401575);
#3161=VECTOR('',#5403,39.3700787401575);
#3162=VECTOR('',#5408,39.3700787401575);
#3163=VECTOR('',#5409,39.3700787401575);
#3164=VECTOR('',#5410,39.3700787401575);
#3165=VECTOR('',#5415,39.3700787401575);
#3166=VECTOR('',#5420,39.3700787401575);
#3167=VECTOR('',#5421,39.3700787401575);
#3168=VECTOR('',#5422,39.3700787401575);
#3169=VECTOR('',#5433,39.3700787401575);
#3170=VECTOR('',#5434,39.3700787401575);
#3171=VECTOR('',#5435,39.3700787401575);
#3172=VECTOR('',#5436,39.3700787401575);
#3173=VECTOR('',#5437,39.3700787401575);
#3174=VECTOR('',#5438,39.3700787401575);
#3175=VECTOR('',#5439,39.3700787401575);
#3176=VECTOR('',#5440,39.3700787401575);
#3177=VECTOR('',#5441,39.3700787401575);
#3178=VECTOR('',#5442,39.3700787401575);
#3179=VECTOR('',#5443,39.3700787401575);
#3180=VECTOR('',#5444,39.3700787401575);
#3181=VECTOR('',#5447,39.3700787401575);
#3182=VECTOR('',#5448,39.3700787401575);
#3183=VECTOR('',#5449,39.3700787401575);
#3184=VECTOR('',#5452,39.3700787401575);
#3185=VECTOR('',#5453,39.3700787401575);
#3186=VECTOR('',#5454,39.3700787401575);
#3187=VECTOR('',#5457,39.3700787401575);
#3188=VECTOR('',#5458,39.3700787401575);
#3189=VECTOR('',#5459,39.3700787401575);
#3190=VECTOR('',#5464,39.3700787401575);
#3191=VECTOR('',#5469,39.3700787401575);
#3192=VECTOR('',#5470,39.3700787401575);
#3193=VECTOR('',#5471,39.3700787401575);
#3194=VECTOR('',#5474,39.3700787401575);
#3195=VECTOR('',#5475,39.3700787401575);
#3196=VECTOR('',#5476,39.3700787401575);
#3197=VECTOR('',#5479,39.3700787401575);
#3198=VECTOR('',#5480,39.3700787401575);
#3199=VECTOR('',#5487,39.3700787401575);
#3200=VECTOR('',#5488,39.3700787401575);
#3201=VECTOR('',#5489,39.3700787401575);
#3202=VECTOR('',#5492,39.3700787401575);
#3203=VECTOR('',#5493,39.3700787401575);
#3204=VECTOR('',#5494,39.3700787401575);
#3205=VECTOR('',#5497,39.3700787401575);
#3206=VECTOR('',#5498,39.3700787401575);
#3207=VECTOR('',#5499,39.3700787401575);
#3208=VECTOR('',#5504,39.3700787401575);
#3209=VECTOR('',#5509,39.3700787401575);
#3210=VECTOR('',#5510,39.3700787401575);
#3211=VECTOR('',#5511,39.3700787401575);
#3212=VECTOR('',#5514,39.3700787401575);
#3213=VECTOR('',#5515,39.3700787401575);
#3214=VECTOR('',#5516,39.3700787401575);
#3215=VECTOR('',#5519,39.3700787401575);
#3216=VECTOR('',#5520,39.3700787401575);
#3217=VECTOR('',#5527,39.3700787401575);
#3218=VECTOR('',#5528,39.3700787401575);
#3219=VECTOR('',#5529,39.3700787401575);
#3220=VECTOR('',#5532,39.3700787401575);
#3221=VECTOR('',#5533,39.3700787401575);
#3222=VECTOR('',#5534,39.3700787401575);
#3223=VECTOR('',#5537,39.3700787401575);
#3224=VECTOR('',#5538,39.3700787401575);
#3225=VECTOR('',#5539,39.3700787401575);
#3226=VECTOR('',#5544,39.3700787401575);
#3227=VECTOR('',#5549,39.3700787401575);
#3228=VECTOR('',#5550,39.3700787401575);
#3229=VECTOR('',#5551,39.3700787401575);
#3230=VECTOR('',#5554,39.3700787401575);
#3231=VECTOR('',#5555,39.3700787401575);
#3232=VECTOR('',#5556,39.3700787401575);
#3233=VECTOR('',#5559,39.3700787401575);
#3234=VECTOR('',#5560,39.3700787401575);
#3235=EDGE_LOOP('',(#197,#198,#199,#200));
#3236=EDGE_LOOP('',(#201,#202,#203,#204,#205,#206,#207,#208));
#3237=EDGE_LOOP('',(#209,#210,#211,#212));
#3238=EDGE_LOOP('',(#213,#214,#215,#216));
#3239=EDGE_LOOP('',(#217,#218,#219,#220));
#3240=EDGE_LOOP('',(#221,#222,#223,#224));
#3241=EDGE_LOOP('',(#225,#226,#227,#228));
#3242=EDGE_LOOP('',(#229,#230,#231,#232));
#3243=EDGE_LOOP('',(#233,#234,#235,#236));
#3244=EDGE_LOOP('',(#237,#238,#239,#240));
#3245=EDGE_LOOP('',(#241,#242,#243,#244));
#3246=EDGE_LOOP('',(#245,#246,#247,#248));
#3247=EDGE_LOOP('',(#249,#250,#251,#252));
#3248=EDGE_LOOP('',(#253,#254,#255,#256));
#3249=EDGE_LOOP('',(#257,#258,#259,#260));
#3250=EDGE_LOOP('',(#261,#262,#263,#264));
#3251=EDGE_LOOP('',(#265,#266,#267,#268));
#3252=EDGE_LOOP('',(#269,#270,#271,#272));
#3253=EDGE_LOOP('',(#273,#274,#275,#276));
#3254=EDGE_LOOP('',(#277,#278,#279,#280));
#3255=EDGE_LOOP('',(#281,#282,#283,#284));
#3256=EDGE_LOOP('',(#285,#286,#287,#288));
#3257=EDGE_LOOP('',(#289,#290,#291,#292));
#3258=EDGE_LOOP('',(#293,#294,#295,#296));
#3259=EDGE_LOOP('',(#297,#298,#299,#300));
#3260=EDGE_LOOP('',(#301,#302,#303,#304));
#3261=EDGE_LOOP('',(#305,#306,#307,#308));
#3262=EDGE_LOOP('',(#309,#310,#311,#312));
#3263=EDGE_LOOP('',(#313,#314,#315,#316));
#3264=EDGE_LOOP('',(#317,#318,#319,#320));
#3265=EDGE_LOOP('',(#321,#322,#323,#324));
#3266=EDGE_LOOP('',(#325,#326,#327,#328));
#3267=EDGE_LOOP('',(#329,#330,#331,#332));
#3268=EDGE_LOOP('',(#333,#334,#335,#336));
#3269=EDGE_LOOP('',(#337,#338,#339,#340));
#3270=EDGE_LOOP('',(#341,#342,#343,#344));
#3271=EDGE_LOOP('',(#345,#346,#347,#348,#349,#350,#351,#352));
#3272=EDGE_LOOP('',(#353,#354,#355,#356,#357,#358,#359,#360,#361,#362,#363,
#364,#365,#366,#367,#368,#369,#370,#371,#372,#373,#374,#375,#376,#377,#378,
#379,#380,#381,#382,#383,#384));
#3273=EDGE_LOOP('',(#385,#386,#387,#388,#389,#390,#391,#392,#393,#394,#395,
#396,#397,#398,#399,#400,#401,#402,#403,#404,#405,#406,#407,#408,#409,#410,
#411,#412,#413,#414,#415,#416));
#3274=EDGE_LOOP('',(#417,#418,#419,#420));
#3275=EDGE_LOOP('',(#421,#422,#423,#424));
#3276=EDGE_LOOP('',(#425,#426,#427,#428));
#3277=EDGE_LOOP('',(#429,#430,#431,#432));
#3278=EDGE_LOOP('',(#433,#434,#435,#436));
#3279=EDGE_LOOP('',(#437,#438,#439,#440));
#3280=EDGE_LOOP('',(#441,#442,#443,#444));
#3281=EDGE_LOOP('',(#445,#446,#447,#448));
#3282=EDGE_LOOP('',(#449,#450,#451,#452));
#3283=EDGE_LOOP('',(#453,#454,#455,#456));
#3284=EDGE_LOOP('',(#457,#458,#459,#460));
#3285=EDGE_LOOP('',(#461,#462,#463,#464));
#3286=EDGE_LOOP('',(#465,#466,#467,#468));
#3287=EDGE_LOOP('',(#469,#470,#471,#472));
#3288=EDGE_LOOP('',(#473,#474,#475,#476));
#3289=EDGE_LOOP('',(#477,#478,#479,#480));
#3290=EDGE_LOOP('',(#481,#482,#483,#484));
#3291=EDGE_LOOP('',(#485,#486,#487,#488));
#3292=EDGE_LOOP('',(#489,#490,#491,#492));
#3293=EDGE_LOOP('',(#493,#494,#495,#496));
#3294=EDGE_LOOP('',(#497,#498,#499,#500));
#3295=EDGE_LOOP('',(#501,#502,#503,#504));
#3296=EDGE_LOOP('',(#505,#506,#507,#508));
#3297=EDGE_LOOP('',(#509,#510,#511,#512,#513,#514,#515,#516,#517,#518,#519,
#520,#521,#522,#523,#524));
#3298=EDGE_LOOP('',(#525,#526,#527,#528));
#3299=EDGE_LOOP('',(#529,#530,#531,#532));
#3300=EDGE_LOOP('',(#533,#534,#535,#536,#537,#538,#539,#540,#541,#542,#543,
#544,#545,#546,#547,#548));
#3301=EDGE_LOOP('',(#549,#550,#551,#552));
#3302=EDGE_LOOP('',(#553,#554,#555,#556));
#3303=EDGE_LOOP('',(#557,#558,#559,#560,#561,#562,#563,#564,#565,#566,#567,
#568,#569,#570,#571,#572));
#3304=EDGE_LOOP('',(#573,#574,#575,#576));
#3305=EDGE_LOOP('',(#577,#578,#579,#580));
#3306=EDGE_LOOP('',(#581,#582,#583,#584,#585,#586,#587,#588,#589,#590,#591,
#592,#593,#594,#595,#596));
#3307=EDGE_LOOP('',(#597,#598,#599,#600));
#3308=EDGE_LOOP('',(#601,#602,#603,#604));
#3309=EDGE_LOOP('',(#605,#606,#607,#608,#609,#610,#611,#612,#613,#614,#615,
#616));
#3310=EDGE_LOOP('',(#617,#618,#619,#620,#621,#622));
#3311=EDGE_LOOP('',(#623,#624,#625,#626));
#3312=EDGE_LOOP('',(#627,#628,#629,#630,#631,#632));
#3313=EDGE_LOOP('',(#633,#634,#635,#636));
#3314=EDGE_LOOP('',(#637,#638,#639,#640));
#3315=EDGE_LOOP('',(#641,#642,#643,#644));
#3316=EDGE_LOOP('',(#645,#646,#647,#648,#649));
#3317=EDGE_LOOP('',(#650,#651,#652,#653));
#3318=EDGE_LOOP('',(#654,#655,#656,#657));
#3319=EDGE_LOOP('',(#658,#659,#660,#661,#662));
#3320=EDGE_LOOP('',(#663,#664,#665,#666));
#3321=EDGE_LOOP('',(#667,#668,#669,#670,#671));
#3322=EDGE_LOOP('',(#672,#673,#674,#675));
#3323=EDGE_LOOP('',(#676,#677,#678,#679));
#3324=EDGE_LOOP('',(#680,#681,#682,#683));
#3325=EDGE_LOOP('',(#684,#685,#686,#687,#688));
#3326=EDGE_LOOP('',(#689,#690,#691,#692));
#3327=EDGE_LOOP('',(#693,#694,#695,#696));
#3328=EDGE_LOOP('',(#697,#698,#699,#700));
#3329=EDGE_LOOP('',(#701,#702,#703,#704));
#3330=EDGE_LOOP('',(#705,#706,#707,#708));
#3331=EDGE_LOOP('',(#709,#710,#711,#712));
#3332=EDGE_LOOP('',(#713,#714,#715,#716));
#3333=EDGE_LOOP('',(#717,#718,#719,#720));
#3334=EDGE_LOOP('',(#721,#722,#723,#724));
#3335=EDGE_LOOP('',(#725,#726,#727,#728));
#3336=EDGE_LOOP('',(#729,#730,#731,#732));
#3337=EDGE_LOOP('',(#733,#734,#735,#736));
#3338=EDGE_LOOP('',(#737,#738,#739,#740));
#3339=EDGE_LOOP('',(#741,#742,#743,#744));
#3340=EDGE_LOOP('',(#745,#746,#747,#748));
#3341=EDGE_LOOP('',(#749,#750,#751,#752,#753,#754,#755,#756,#757,#758,#759,
#760));
#3342=EDGE_LOOP('',(#761,#762,#763,#764));
#3343=EDGE_LOOP('',(#765,#766,#767,#768,#769,#770,#771,#772,#773,#774));
#3344=EDGE_LOOP('',(#775));
#3345=EDGE_LOOP('',(#776,#777,#778,#779));
#3346=EDGE_LOOP('',(#780,#781,#782,#783,#784,#785,#786,#787,#788,#789));
#3347=EDGE_LOOP('',(#790));
#3348=EDGE_LOOP('',(#791,#792,#793,#794));
#3349=EDGE_LOOP('',(#795,#796,#797,#798));
#3350=EDGE_LOOP('',(#799,#800,#801,#802,#803,#804));
#3351=EDGE_LOOP('',(#805,#806,#807,#808,#809,#810));
#3352=EDGE_LOOP('',(#811,#812,#813,#814));
#3353=EDGE_LOOP('',(#815));
#3354=EDGE_LOOP('',(#816));
#3355=EDGE_LOOP('',(#817,#818,#819,#820));
#3356=EDGE_LOOP('',(#821,#822,#823,#824,#825,#826));
#3357=EDGE_LOOP('',(#827));
#3358=EDGE_LOOP('',(#828,#829,#830,#831));
#3359=EDGE_LOOP('',(#832,#833,#834,#835,#836,#837));
#3360=EDGE_LOOP('',(#838,#839,#840,#841,#842,#843));
#3361=EDGE_LOOP('',(#844,#845,#846,#847));
#3362=EDGE_LOOP('',(#848));
#3363=EDGE_LOOP('',(#849));
#3364=EDGE_LOOP('',(#850,#851,#852,#853));
#3365=EDGE_LOOP('',(#854,#855,#856,#857,#858,#859));
#3366=EDGE_LOOP('',(#860));
#3367=EDGE_LOOP('',(#861,#862,#863,#864));
#3368=EDGE_LOOP('',(#865,#866,#867,#868));
#3369=EDGE_LOOP('',(#869,#870,#871,#872));
#3370=EDGE_LOOP('',(#873,#874,#875,#876));
#3371=EDGE_LOOP('',(#877,#878,#879,#880));
#3372=EDGE_LOOP('',(#881,#882,#883,#884));
#3373=EDGE_LOOP('',(#885));
#3374=EDGE_LOOP('',(#886,#887,#888,#889,#890,#891,#892,#893));
#3375=EDGE_LOOP('',(#894,#895,#896,#897,#898,#899,#900,#901));
#3376=EDGE_LOOP('',(#902));
#3377=EDGE_LOOP('',(#903));
#3378=EDGE_LOOP('',(#904));
#3379=EDGE_LOOP('',(#905,#906,#907,#908,#909,#910,#911,#912,#913,#914));
#3380=EDGE_LOOP('',(#915,#916,#917,#918,#919,#920,#921,#922,#923,#924));
#3381=EDGE_LOOP('',(#925,#926,#927,#928,#929,#930,#931,#932));
#3382=EDGE_LOOP('',(#933,#934,#935,#936,#937,#938,#939,#940));
#3383=EDGE_LOOP('',(#941));
#3384=EDGE_LOOP('',(#942,#943,#944,#945,#946,#947));
#3385=EDGE_LOOP('',(#948));
#3386=EDGE_LOOP('',(#949,#950,#951,#952,#953,#954));
#3387=EDGE_LOOP('',(#955,#956,#957,#958,#959,#960,#961,#962));
#3388=EDGE_LOOP('',(#963,#964,#965,#966));
#3389=EDGE_LOOP('',(#967,#968,#969,#970));
#3390=EDGE_LOOP('',(#971,#972,#973,#974));
#3391=EDGE_LOOP('',(#975,#976,#977,#978));
#3392=EDGE_LOOP('',(#979,#980,#981,#982));
#3393=EDGE_LOOP('',(#983,#984,#985,#986));
#3394=EDGE_LOOP('',(#987));
#3395=EDGE_LOOP('',(#988));
#3396=EDGE_LOOP('',(#989,#990,#991,#992,#993,#994,#995,#996));
#3397=EDGE_LOOP('',(#997,#998,#999,#1000));
#3398=EDGE_LOOP('',(#1001,#1002,#1003,#1004));
#3399=EDGE_LOOP('',(#1005,#1006,#1007,#1008));
#3400=EDGE_LOOP('',(#1009,#1010,#1011,#1012));
#3401=EDGE_LOOP('',(#1013,#1014,#1015,#1016));
#3402=EDGE_LOOP('',(#1017,#1018,#1019,#1020));
#3403=EDGE_LOOP('',(#1021,#1022,#1023,#1024));
#3404=EDGE_LOOP('',(#1025,#1026,#1027,#1028));
#3405=EDGE_LOOP('',(#1029,#1030,#1031,#1032,#1033,#1034,#1035,#1036,#1037,
#1038));
#3406=EDGE_LOOP('',(#1039,#1040,#1041,#1042,#1043,#1044,#1045,#1046,#1047,
#1048));
#3407=EDGE_LOOP('',(#1049,#1050,#1051,#1052,#1053,#1054,#1055,#1056,#1057,
#1058,#1059,#1060));
#3408=EDGE_LOOP('',(#1061,#1062,#1063,#1064,#1065,#1066,#1067,#1068,#1069,
#1070,#1071,#1072));
#3409=EDGE_LOOP('',(#1073,#1074,#1075,#1076));
#3410=EDGE_LOOP('',(#1077,#1078,#1079,#1080));
#3411=EDGE_LOOP('',(#1081,#1082,#1083,#1084));
#3412=EDGE_LOOP('',(#1085,#1086,#1087,#1088));
#3413=EDGE_LOOP('',(#1089,#1090,#1091,#1092));
#3414=EDGE_LOOP('',(#1093,#1094,#1095,#1096));
#3415=EDGE_LOOP('',(#1097,#1098,#1099,#1100));
#3416=EDGE_LOOP('',(#1101));
#3417=EDGE_LOOP('',(#1102,#1103,#1104,#1105,#1106));
#3418=EDGE_LOOP('',(#1107,#1108,#1109,#1110));
#3419=EDGE_LOOP('',(#1111,#1112,#1113,#1114));
#3420=EDGE_LOOP('',(#1115,#1116,#1117,#1118));
#3421=EDGE_LOOP('',(#1119));
#3422=EDGE_LOOP('',(#1120,#1121,#1122,#1123,#1124));
#3423=EDGE_LOOP('',(#1125,#1126,#1127,#1128));
#3424=EDGE_LOOP('',(#1129,#1130,#1131,#1132));
#3425=EDGE_LOOP('',(#1133,#1134,#1135,#1136));
#3426=EDGE_LOOP('',(#1137));
#3427=EDGE_LOOP('',(#1138));
#3428=EDGE_LOOP('',(#1139));
#3429=EDGE_LOOP('',(#1140));
#3430=EDGE_LOOP('',(#1141));
#3431=EDGE_LOOP('',(#1142));
#3432=EDGE_LOOP('',(#1143));
#3433=EDGE_LOOP('',(#1144,#1145));
#3434=EDGE_LOOP('',(#1146));
#3435=EDGE_LOOP('',(#1147,#1148,#1149,#1150));
#3436=EDGE_LOOP('',(#1151,#1152,#1153,#1154));
#3437=EDGE_LOOP('',(#1155,#1156,#1157,#1158));
#3438=EDGE_LOOP('',(#1159,#1160,#1161,#1162));
#3439=EDGE_LOOP('',(#1163,#1164,#1165,#1166));
#3440=EDGE_LOOP('',(#1167,#1168,#1169,#1170));
#3441=EDGE_LOOP('',(#1171,#1172,#1173,#1174));
#3442=EDGE_LOOP('',(#1175,#1176,#1177,#1178));
#3443=EDGE_LOOP('',(#1179,#1180,#1181,#1182,#1183,#1184,#1185,#1186));
#3444=EDGE_LOOP('',(#1187,#1188,#1189,#1190));
#3445=EDGE_LOOP('',(#1191,#1192,#1193,#1194));
#3446=EDGE_LOOP('',(#1195,#1196,#1197,#1198));
#3447=EDGE_LOOP('',(#1199,#1200,#1201,#1202,#1203,#1204,#1205,#1206));
#3448=EDGE_LOOP('',(#1207,#1208,#1209,#1210));
#3449=EDGE_LOOP('',(#1211,#1212,#1213,#1214));
#3450=EDGE_LOOP('',(#1215,#1216,#1217,#1218));
#3451=EDGE_LOOP('',(#1219,#1220,#1221,#1222));
#3452=EDGE_LOOP('',(#1223,#1224,#1225,#1226));
#3453=EDGE_LOOP('',(#1227,#1228,#1229,#1230));
#3454=EDGE_LOOP('',(#1231,#1232,#1233,#1234));
#3455=EDGE_LOOP('',(#1235,#1236,#1237,#1238,#1239,#1240,#1241,#1242));
#3456=EDGE_LOOP('',(#1243,#1244,#1245,#1246,#1247,#1248,#1249,#1250));
#3457=EDGE_LOOP('',(#1251,#1252,#1253,#1254));
#3458=EDGE_LOOP('',(#1255,#1256,#1257,#1258));
#3459=EDGE_LOOP('',(#1259,#1260,#1261,#1262));
#3460=EDGE_LOOP('',(#1263,#1264,#1265,#1266));
#3461=EDGE_LOOP('',(#1267,#1268,#1269,#1270));
#3462=EDGE_LOOP('',(#1271,#1272,#1273,#1274));
#3463=EDGE_LOOP('',(#1275,#1276,#1277,#1278));
#3464=EDGE_LOOP('',(#1279,#1280,#1281,#1282,#1283,#1284,#1285,#1286));
#3465=EDGE_LOOP('',(#1287,#1288,#1289,#1290,#1291,#1292,#1293,#1294));
#3466=EDGE_LOOP('',(#1295,#1296,#1297,#1298));
#3467=EDGE_LOOP('',(#1299,#1300,#1301,#1302));
#3468=EDGE_LOOP('',(#1303,#1304,#1305,#1306));
#3469=EDGE_LOOP('',(#1307,#1308,#1309,#1310));
#3470=EDGE_LOOP('',(#1311,#1312,#1313,#1314));
#3471=EDGE_LOOP('',(#1315,#1316,#1317,#1318));
#3472=EDGE_LOOP('',(#1319,#1320,#1321,#1322));
#3473=EDGE_LOOP('',(#1323,#1324,#1325,#1326,#1327,#1328,#1329,#1330));
#3474=EDGE_LOOP('',(#1331,#1332,#1333,#1334,#1335,#1336,#1337,#1338));
#3475=FACE_BOUND('',#3235,.T.);
#3476=FACE_BOUND('',#3236,.T.);
#3477=FACE_BOUND('',#3237,.T.);
#3478=FACE_BOUND('',#3238,.T.);
#3479=FACE_BOUND('',#3239,.T.);
#3480=FACE_BOUND('',#3240,.T.);
#3481=FACE_BOUND('',#3241,.T.);
#3482=FACE_BOUND('',#3242,.T.);
#3483=FACE_BOUND('',#3243,.T.);
#3484=FACE_BOUND('',#3244,.T.);
#3485=FACE_BOUND('',#3245,.T.);
#3486=FACE_BOUND('',#3246,.T.);
#3487=FACE_BOUND('',#3247,.T.);
#3488=FACE_BOUND('',#3248,.T.);
#3489=FACE_BOUND('',#3249,.T.);
#3490=FACE_BOUND('',#3250,.T.);
#3491=FACE_BOUND('',#3251,.T.);
#3492=FACE_BOUND('',#3252,.T.);
#3493=FACE_BOUND('',#3253,.T.);
#3494=FACE_BOUND('',#3254,.T.);
#3495=FACE_BOUND('',#3255,.T.);
#3496=FACE_BOUND('',#3256,.T.);
#3497=FACE_BOUND('',#3257,.T.);
#3498=FACE_BOUND('',#3258,.T.);
#3499=FACE_BOUND('',#3259,.T.);
#3500=FACE_BOUND('',#3260,.T.);
#3501=FACE_BOUND('',#3261,.T.);
#3502=FACE_BOUND('',#3262,.T.);
#3503=FACE_BOUND('',#3263,.T.);
#3504=FACE_BOUND('',#3264,.T.);
#3505=FACE_BOUND('',#3265,.T.);
#3506=FACE_BOUND('',#3266,.T.);
#3507=FACE_BOUND('',#3267,.T.);
#3508=FACE_BOUND('',#3268,.T.);
#3509=FACE_BOUND('',#3269,.T.);
#3510=FACE_BOUND('',#3270,.T.);
#3511=FACE_BOUND('',#3271,.T.);
#3512=FACE_BOUND('',#3272,.T.);
#3513=FACE_BOUND('',#3273,.T.);
#3514=FACE_BOUND('',#3274,.T.);
#3515=FACE_BOUND('',#3275,.T.);
#3516=FACE_BOUND('',#3276,.T.);
#3517=FACE_BOUND('',#3277,.T.);
#3518=FACE_BOUND('',#3278,.T.);
#3519=FACE_BOUND('',#3279,.T.);
#3520=FACE_BOUND('',#3280,.T.);
#3521=FACE_BOUND('',#3281,.T.);
#3522=FACE_BOUND('',#3282,.T.);
#3523=FACE_BOUND('',#3283,.T.);
#3524=FACE_BOUND('',#3284,.T.);
#3525=FACE_BOUND('',#3285,.T.);
#3526=FACE_BOUND('',#3286,.T.);
#3527=FACE_BOUND('',#3287,.T.);
#3528=FACE_BOUND('',#3288,.T.);
#3529=FACE_BOUND('',#3289,.T.);
#3530=FACE_BOUND('',#3290,.T.);
#3531=FACE_BOUND('',#3291,.T.);
#3532=FACE_BOUND('',#3292,.T.);
#3533=FACE_BOUND('',#3293,.T.);
#3534=FACE_BOUND('',#3294,.T.);
#3535=FACE_BOUND('',#3295,.T.);
#3536=FACE_BOUND('',#3296,.T.);
#3537=FACE_BOUND('',#3297,.T.);
#3538=FACE_BOUND('',#3298,.T.);
#3539=FACE_BOUND('',#3299,.T.);
#3540=FACE_BOUND('',#3300,.T.);
#3541=FACE_BOUND('',#3301,.T.);
#3542=FACE_BOUND('',#3302,.T.);
#3543=FACE_BOUND('',#3303,.T.);
#3544=FACE_BOUND('',#3304,.T.);
#3545=FACE_BOUND('',#3305,.T.);
#3546=FACE_BOUND('',#3306,.T.);
#3547=FACE_BOUND('',#3307,.T.);
#3548=FACE_BOUND('',#3308,.T.);
#3549=FACE_BOUND('',#3309,.T.);
#3550=FACE_BOUND('',#3310,.T.);
#3551=FACE_BOUND('',#3311,.T.);
#3552=FACE_BOUND('',#3312,.T.);
#3553=FACE_BOUND('',#3313,.T.);
#3554=FACE_BOUND('',#3314,.T.);
#3555=FACE_BOUND('',#3315,.T.);
#3556=FACE_BOUND('',#3316,.T.);
#3557=FACE_BOUND('',#3317,.T.);
#3558=FACE_BOUND('',#3318,.T.);
#3559=FACE_BOUND('',#3319,.T.);
#3560=FACE_BOUND('',#3320,.T.);
#3561=FACE_BOUND('',#3321,.T.);
#3562=FACE_BOUND('',#3322,.T.);
#3563=FACE_BOUND('',#3323,.T.);
#3564=FACE_BOUND('',#3324,.T.);
#3565=FACE_BOUND('',#3325,.T.);
#3566=FACE_BOUND('',#3326,.T.);
#3567=FACE_BOUND('',#3327,.T.);
#3568=FACE_BOUND('',#3328,.T.);
#3569=FACE_BOUND('',#3329,.T.);
#3570=FACE_BOUND('',#3330,.T.);
#3571=FACE_BOUND('',#3331,.T.);
#3572=FACE_BOUND('',#3332,.T.);
#3573=FACE_BOUND('',#3333,.T.);
#3574=FACE_BOUND('',#3334,.T.);
#3575=FACE_BOUND('',#3335,.T.);
#3576=FACE_BOUND('',#3336,.T.);
#3577=FACE_BOUND('',#3337,.T.);
#3578=FACE_BOUND('',#3338,.T.);
#3579=FACE_BOUND('',#3339,.T.);
#3580=FACE_BOUND('',#3340,.T.);
#3581=FACE_BOUND('',#3341,.T.);
#3582=FACE_BOUND('',#3342,.T.);
#3583=FACE_BOUND('',#3343,.T.);
#3584=FACE_BOUND('',#3344,.T.);
#3585=FACE_BOUND('',#3345,.T.);
#3586=FACE_BOUND('',#3346,.T.);
#3587=FACE_BOUND('',#3347,.T.);
#3588=FACE_BOUND('',#3348,.T.);
#3589=FACE_BOUND('',#3349,.T.);
#3590=FACE_BOUND('',#3350,.T.);
#3591=FACE_BOUND('',#3351,.T.);
#3592=FACE_BOUND('',#3352,.T.);
#3593=FACE_BOUND('',#3353,.T.);
#3594=FACE_BOUND('',#3354,.T.);
#3595=FACE_BOUND('',#3355,.T.);
#3596=FACE_BOUND('',#3356,.T.);
#3597=FACE_BOUND('',#3357,.T.);
#3598=FACE_BOUND('',#3358,.T.);
#3599=FACE_BOUND('',#3359,.T.);
#3600=FACE_BOUND('',#3360,.T.);
#3601=FACE_BOUND('',#3361,.T.);
#3602=FACE_BOUND('',#3362,.T.);
#3603=FACE_BOUND('',#3363,.T.);
#3604=FACE_BOUND('',#3364,.T.);
#3605=FACE_BOUND('',#3365,.T.);
#3606=FACE_BOUND('',#3366,.T.);
#3607=FACE_BOUND('',#3367,.T.);
#3608=FACE_BOUND('',#3368,.T.);
#3609=FACE_BOUND('',#3369,.T.);
#3610=FACE_BOUND('',#3370,.T.);
#3611=FACE_BOUND('',#3371,.T.);
#3612=FACE_BOUND('',#3372,.T.);
#3613=FACE_BOUND('',#3373,.T.);
#3614=FACE_BOUND('',#3374,.T.);
#3615=FACE_BOUND('',#3375,.T.);
#3616=FACE_BOUND('',#3376,.T.);
#3617=FACE_BOUND('',#3377,.T.);
#3618=FACE_BOUND('',#3378,.T.);
#3619=FACE_BOUND('',#3379,.T.);
#3620=FACE_BOUND('',#3380,.T.);
#3621=FACE_BOUND('',#3381,.T.);
#3622=FACE_BOUND('',#3382,.T.);
#3623=FACE_BOUND('',#3383,.T.);
#3624=FACE_BOUND('',#3384,.T.);
#3625=FACE_BOUND('',#3385,.T.);
#3626=FACE_BOUND('',#3386,.T.);
#3627=FACE_BOUND('',#3387,.T.);
#3628=FACE_BOUND('',#3388,.T.);
#3629=FACE_BOUND('',#3389,.T.);
#3630=FACE_BOUND('',#3390,.T.);
#3631=FACE_BOUND('',#3391,.T.);
#3632=FACE_BOUND('',#3392,.T.);
#3633=FACE_BOUND('',#3393,.T.);
#3634=FACE_BOUND('',#3394,.T.);
#3635=FACE_BOUND('',#3395,.T.);
#3636=FACE_BOUND('',#3396,.T.);
#3637=FACE_BOUND('',#3397,.T.);
#3638=FACE_BOUND('',#3398,.T.);
#3639=FACE_BOUND('',#3399,.T.);
#3640=FACE_BOUND('',#3400,.T.);
#3641=FACE_BOUND('',#3401,.T.);
#3642=FACE_BOUND('',#3402,.T.);
#3643=FACE_BOUND('',#3403,.T.);
#3644=FACE_BOUND('',#3404,.T.);
#3645=FACE_BOUND('',#3405,.T.);
#3646=FACE_BOUND('',#3406,.T.);
#3647=FACE_BOUND('',#3407,.T.);
#3648=FACE_BOUND('',#3408,.T.);
#3649=FACE_BOUND('',#3409,.T.);
#3650=FACE_BOUND('',#3410,.T.);
#3651=FACE_BOUND('',#3411,.T.);
#3652=FACE_BOUND('',#3412,.T.);
#3653=FACE_BOUND('',#3413,.T.);
#3654=FACE_BOUND('',#3414,.T.);
#3655=FACE_BOUND('',#3415,.T.);
#3656=FACE_BOUND('',#3416,.T.);
#3657=FACE_BOUND('',#3417,.T.);
#3658=FACE_BOUND('',#3418,.T.);
#3659=FACE_BOUND('',#3419,.T.);
#3660=FACE_BOUND('',#3420,.T.);
#3661=FACE_BOUND('',#3421,.T.);
#3662=FACE_BOUND('',#3422,.T.);
#3663=FACE_BOUND('',#3423,.T.);
#3664=FACE_BOUND('',#3424,.T.);
#3665=FACE_BOUND('',#3425,.T.);
#3666=FACE_BOUND('',#3426,.T.);
#3667=FACE_BOUND('',#3427,.T.);
#3668=FACE_BOUND('',#3428,.T.);
#3669=FACE_BOUND('',#3429,.T.);
#3670=FACE_BOUND('',#3430,.T.);
#3671=FACE_BOUND('',#3431,.T.);
#3672=FACE_BOUND('',#3432,.T.);
#3673=FACE_BOUND('',#3433,.T.);
#3674=FACE_BOUND('',#3434,.T.);
#3675=FACE_BOUND('',#3435,.T.);
#3676=FACE_BOUND('',#3436,.T.);
#3677=FACE_BOUND('',#3437,.T.);
#3678=FACE_BOUND('',#3438,.T.);
#3679=FACE_BOUND('',#3439,.T.);
#3680=FACE_BOUND('',#3440,.T.);
#3681=FACE_BOUND('',#3441,.T.);
#3682=FACE_BOUND('',#3442,.T.);
#3683=FACE_BOUND('',#3443,.T.);
#3684=FACE_BOUND('',#3444,.T.);
#3685=FACE_BOUND('',#3445,.T.);
#3686=FACE_BOUND('',#3446,.T.);
#3687=FACE_BOUND('',#3447,.T.);
#3688=FACE_BOUND('',#3448,.T.);
#3689=FACE_BOUND('',#3449,.T.);
#3690=FACE_BOUND('',#3450,.T.);
#3691=FACE_BOUND('',#3451,.T.);
#3692=FACE_BOUND('',#3452,.T.);
#3693=FACE_BOUND('',#3453,.T.);
#3694=FACE_BOUND('',#3454,.T.);
#3695=FACE_BOUND('',#3455,.T.);
#3696=FACE_BOUND('',#3456,.T.);
#3697=FACE_BOUND('',#3457,.T.);
#3698=FACE_BOUND('',#3458,.T.);
#3699=FACE_BOUND('',#3459,.T.);
#3700=FACE_BOUND('',#3460,.T.);
#3701=FACE_BOUND('',#3461,.T.);
#3702=FACE_BOUND('',#3462,.T.);
#3703=FACE_BOUND('',#3463,.T.);
#3704=FACE_BOUND('',#3464,.T.);
#3705=FACE_BOUND('',#3465,.T.);
#3706=FACE_BOUND('',#3466,.T.);
#3707=FACE_BOUND('',#3467,.T.);
#3708=FACE_BOUND('',#3468,.T.);
#3709=FACE_BOUND('',#3469,.T.);
#3710=FACE_BOUND('',#3470,.T.);
#3711=FACE_BOUND('',#3471,.T.);
#3712=FACE_BOUND('',#3472,.T.);
#3713=FACE_BOUND('',#3473,.T.);
#3714=FACE_BOUND('',#3474,.T.);
#3715=PLANE('',#4130);
#3716=PLANE('',#4135);
#3717=PLANE('',#4136);
#3718=PLANE('',#4140);
#3719=PLANE('',#4144);
#3720=PLANE('',#4145);
#3721=PLANE('',#4146);
#3722=PLANE('',#4147);
#3723=PLANE('',#4148);
#3724=PLANE('',#4149);
#3725=PLANE('',#4150);
#3726=PLANE('',#4151);
#3727=PLANE('',#4152);
#3728=PLANE('',#4153);
#3729=PLANE('',#4154);
#3730=PLANE('',#4155);
#3731=PLANE('',#4156);
#3732=PLANE('',#4160);
#3733=PLANE('',#4164);
#3734=PLANE('',#4165);
#3735=PLANE('',#4166);
#3736=PLANE('',#4167);
#3737=PLANE('',#4168);
#3738=PLANE('',#4169);
#3739=PLANE('',#4170);
#3740=PLANE('',#4171);
#3741=PLANE('',#4172);
#3742=PLANE('',#4173);
#3743=PLANE('',#4174);
#3744=PLANE('',#4175);
#3745=PLANE('',#4180);
#3746=PLANE('',#4181);
#3747=PLANE('',#4183);
#3748=PLANE('',#4185);
#3749=PLANE('',#4187);
#3750=PLANE('',#4189);
#3751=PLANE('',#4190);
#3752=PLANE('',#4191);
#3753=PLANE('',#4192);
#3754=PLANE('',#4193);
#3755=PLANE('',#4194);
#3756=PLANE('',#4195);
#3757=PLANE('',#4196);
#3758=PLANE('',#4197);
#3759=PLANE('',#4198);
#3760=PLANE('',#4199);
#3761=PLANE('',#4200);
#3762=PLANE('',#4201);
#3763=PLANE('',#4202);
#3764=PLANE('',#4203);
#3765=PLANE('',#4205);
#3766=PLANE('',#4210);
#3767=PLANE('',#4211);
#3768=PLANE('',#4212);
#3769=PLANE('',#4223);
#3770=PLANE('',#4228);
#3771=PLANE('',#4229);
#3772=PLANE('',#4230);
#3773=PLANE('',#4235);
#3774=PLANE('',#4238);
#3775=PLANE('',#4241);
#3776=PLANE('',#4243);
#3777=PLANE('',#4246);
#3778=PLANE('',#4247);
#3779=PLANE('',#4248);
#3780=PLANE('',#4250);
#3781=PLANE('',#4251);
#3782=PLANE('',#4252);
#3783=PLANE('',#4253);
#3784=PLANE('',#4254);
#3785=PLANE('',#4255);
#3786=PLANE('',#4257);
#3787=PLANE('',#4258);
#3788=PLANE('',#4259);
#3789=PLANE('',#4262);
#3790=PLANE('',#4263);
#3791=PLANE('',#4264);
#3792=PLANE('',#4267);
#3793=PLANE('',#4268);
#3794=PLANE('',#4269);
#3795=PLANE('',#4272);
#3796=PLANE('',#4273);
#3797=PLANE('',#4274);
#3798=PLANE('',#4275);
#3799=PLANE('',#4276);
#3800=PLANE('',#4279);
#3801=PLANE('',#4280);
#3802=PLANE('',#4283);
#3803=PLANE('',#4284);
#3804=PLANE('',#4285);
#3805=PLANE('',#4286);
#3806=PLANE('',#4287);
#3807=PLANE('',#4292);
#3808=PLANE('',#4293);
#3809=PLANE('',#4294);
#3810=PLANE('',#4295);
#3811=PLANE('',#4296);
#3812=PLANE('',#4301);
#3813=PLANE('',#4302);
#3814=PLANE('',#4303);
#3815=PLANE('',#4304);
#3816=PLANE('',#4308);
#3817=PLANE('',#4312);
#3818=PLANE('',#4314);
#3819=PLANE('',#4317);
#3820=PLANE('',#4319);
#3821=PLANE('',#4320);
#3822=PLANE('',#4321);
#3823=PLANE('',#4323);
#3824=PLANE('',#4339);
#3825=PLANE('',#4340);
#3826=PLANE('',#4341);
#3827=PLANE('',#4342);
#3828=PLANE('',#4343);
#3829=PLANE('',#4344);
#3830=PLANE('',#4345);
#3831=PLANE('',#4346);
#3832=PLANE('',#4347);
#3833=PLANE('',#4348);
#3834=PLANE('',#4349);
#3835=PLANE('',#4350);
#3836=PLANE('',#4351);
#3837=PLANE('',#4352);
#3838=PLANE('',#4353);
#3839=PLANE('',#4354);
#3840=PLANE('',#4356);
#3841=PLANE('',#4358);
#3842=PLANE('',#4360);
#3843=PLANE('',#4365);
#3844=PLANE('',#4370);
#3845=PLANE('',#4372);
#3846=PLANE('',#4373);
#3847=PLANE('',#4375);
#3848=PLANE('',#4377);
#3849=PLANE('',#4380);
#3850=PLANE('',#4381);
#3851=PLANE('',#4383);
#3852=PLANE('',#4387);
#3853=PLANE('',#4388);
#3854=PLANE('',#4389);
#3855=PLANE('',#4394);
#3856=PLANE('',#4397);
#3857=PLANE('',#4399);
#3858=PLANE('',#4403);
#3859=PLANE('',#4407);
#3860=PLANE('',#4411);
#3861=PLANE('',#4415);
#3862=PLANE('',#4416);
#3863=PLANE('',#4417);
#3864=PLANE('',#4418);
#3865=PLANE('',#4419);
#3866=PLANE('',#4423);
#3867=PLANE('',#4424);
#3868=PLANE('',#4425);
#3869=PLANE('',#4426);
#3870=PLANE('',#4427);
#3871=PLANE('',#4428);
#3872=PLANE('',#4429);
#3873=PLANE('',#4430);
#3874=PLANE('',#4434);
#3875=PLANE('',#4435);
#3876=PLANE('',#4436);
#3877=PLANE('',#4437);
#3878=PLANE('',#4438);
#3879=PLANE('',#4439);
#3880=PLANE('',#4440);
#3881=PLANE('',#4441);
#3882=PLANE('',#4445);
#3883=PLANE('',#4446);
#3884=PLANE('',#4447);
#3885=PLANE('',#4448);
#3886=PLANE('',#4449);
#3887=ADVANCED_FACE('',(#3475,#3476,#3477,#3478),#3715,.F.);
#3888=ADVANCED_FACE('',(#3479),#3716,.T.);
#3889=ADVANCED_FACE('',(#3480),#3717,.T.);
#3890=ADVANCED_FACE('',(#3481),#63,.T.);
#3891=ADVANCED_FACE('',(#3482),#3718,.T.);
#3892=ADVANCED_FACE('',(#3483),#64,.T.);
#3893=ADVANCED_FACE('',(#3484),#3719,.T.);
#3894=ADVANCED_FACE('',(#3485),#3720,.T.);
#3895=ADVANCED_FACE('',(#3486),#3721,.T.);
#3896=ADVANCED_FACE('',(#3487),#3722,.T.);
#3897=ADVANCED_FACE('',(#3488),#3723,.T.);
#3898=ADVANCED_FACE('',(#3489),#3724,.T.);
#3899=ADVANCED_FACE('',(#3490),#3725,.T.);
#3900=ADVANCED_FACE('',(#3491),#3726,.T.);
#3901=ADVANCED_FACE('',(#3492),#3727,.T.);
#3902=ADVANCED_FACE('',(#3493),#3728,.T.);
#3903=ADVANCED_FACE('',(#3494),#3729,.T.);
#3904=ADVANCED_FACE('',(#3495),#3730,.T.);
#3905=ADVANCED_FACE('',(#3496),#3731,.T.);
#3906=ADVANCED_FACE('',(#3497),#65,.T.);
#3907=ADVANCED_FACE('',(#3498),#3732,.T.);
#3908=ADVANCED_FACE('',(#3499),#66,.T.);
#3909=ADVANCED_FACE('',(#3500),#3733,.T.);
#3910=ADVANCED_FACE('',(#3501),#3734,.T.);
#3911=ADVANCED_FACE('',(#3502),#3735,.T.);
#3912=ADVANCED_FACE('',(#3503),#3736,.T.);
#3913=ADVANCED_FACE('',(#3504),#3737,.T.);
#3914=ADVANCED_FACE('',(#3505),#3738,.T.);
#3915=ADVANCED_FACE('',(#3506),#3739,.T.);
#3916=ADVANCED_FACE('',(#3507),#3740,.T.);
#3917=ADVANCED_FACE('',(#3508),#3741,.T.);
#3918=ADVANCED_FACE('',(#3509),#3742,.T.);
#3919=ADVANCED_FACE('',(#3510),#3743,.T.);
#3920=ADVANCED_FACE('',(#3511,#3512),#3744,.F.);
#3921=ADVANCED_FACE('',(#3513),#3745,.T.);
#3922=ADVANCED_FACE('',(#3514),#3746,.F.);
#3923=ADVANCED_FACE('',(#3515),#67,.F.);
#3924=ADVANCED_FACE('',(#3516),#3747,.F.);
#3925=ADVANCED_FACE('',(#3517),#68,.F.);
#3926=ADVANCED_FACE('',(#3518),#3748,.F.);
#3927=ADVANCED_FACE('',(#3519),#69,.F.);
#3928=ADVANCED_FACE('',(#3520),#3749,.F.);
#3929=ADVANCED_FACE('',(#3521),#70,.F.);
#3930=ADVANCED_FACE('',(#3522),#3750,.T.);
#3931=ADVANCED_FACE('',(#3523),#3751,.T.);
#3932=ADVANCED_FACE('',(#3524),#3752,.T.);
#3933=ADVANCED_FACE('',(#3525),#3753,.T.);
#3934=ADVANCED_FACE('',(#3526),#3754,.F.);
#3935=ADVANCED_FACE('',(#3527),#3755,.T.);
#3936=ADVANCED_FACE('',(#3528),#3756,.T.);
#3937=ADVANCED_FACE('',(#3529),#3757,.T.);
#3938=ADVANCED_FACE('',(#3530),#3758,.T.);
#3939=ADVANCED_FACE('',(#3531),#3759,.F.);
#3940=ADVANCED_FACE('',(#3532),#3760,.T.);
#3941=ADVANCED_FACE('',(#3533),#3761,.T.);
#3942=ADVANCED_FACE('',(#3534),#3762,.T.);
#3943=ADVANCED_FACE('',(#3535),#3763,.T.);
#3944=ADVANCED_FACE('',(#3536),#3764,.F.);
#3945=ADVANCED_FACE('',(#3537),#3765,.F.);
#3946=ADVANCED_FACE('',(#3538),#3766,.F.);
#3947=ADVANCED_FACE('',(#3539),#3767,.F.);
#3948=ADVANCED_FACE('',(#3540),#3768,.F.);
#3949=ADVANCED_FACE('',(#3541),#71,.F.);
#3950=ADVANCED_FACE('',(#3542),#72,.F.);
#3951=ADVANCED_FACE('',(#3543),#3769,.F.);
#3952=ADVANCED_FACE('',(#3544),#3770,.F.);
#3953=ADVANCED_FACE('',(#3545),#3771,.F.);
#3954=ADVANCED_FACE('',(#3546),#3772,.F.);
#3955=ADVANCED_FACE('',(#3547),#3773,.T.);
#3956=ADVANCED_FACE('',(#3548),#3774,.F.);
#3957=ADVANCED_FACE('',(#3549),#3775,.F.);
#3958=ADVANCED_FACE('',(#3550),#73,.T.);
#3959=ADVANCED_FACE('',(#3551),#3776,.F.);
#3960=ADVANCED_FACE('',(#3552),#74,.T.);
#3961=ADVANCED_FACE('',(#3553),#75,.T.);
#3962=ADVANCED_FACE('',(#3554),#3777,.T.);
#3963=ADVANCED_FACE('',(#3555),#3778,.T.);
#3964=ADVANCED_FACE('',(#3556),#3779,.T.);
#3965=ADVANCED_FACE('',(#3557),#76,.T.);
#3966=ADVANCED_FACE('',(#3558),#3780,.T.);
#3967=ADVANCED_FACE('',(#3559),#3781,.T.);
#3968=ADVANCED_FACE('',(#3560),#3782,.T.);
#3969=ADVANCED_FACE('',(#3561),#3783,.T.);
#3970=ADVANCED_FACE('',(#3562),#3784,.T.);
#3971=ADVANCED_FACE('',(#3563),#3785,.T.);
#3972=ADVANCED_FACE('',(#3564),#77,.T.);
#3973=ADVANCED_FACE('',(#3565),#3786,.T.);
#3974=ADVANCED_FACE('',(#3566),#3787,.T.);
#3975=ADVANCED_FACE('',(#3567),#3788,.T.);
#3976=ADVANCED_FACE('',(#3568),#78,.T.);
#3977=ADVANCED_FACE('',(#3569),#79,.T.);
#3978=ADVANCED_FACE('',(#3570),#3789,.T.);
#3979=ADVANCED_FACE('',(#3571),#3790,.T.);
#3980=ADVANCED_FACE('',(#3572),#3791,.T.);
#3981=ADVANCED_FACE('',(#3573),#80,.T.);
#3982=ADVANCED_FACE('',(#3574),#81,.T.);
#3983=ADVANCED_FACE('',(#3575),#3792,.T.);
#3984=ADVANCED_FACE('',(#3576),#3793,.T.);
#3985=ADVANCED_FACE('',(#3577),#3794,.T.);
#3986=ADVANCED_FACE('',(#3578),#82,.T.);
#3987=ADVANCED_FACE('',(#3579),#3795,.F.);
#3988=ADVANCED_FACE('',(#3580),#3796,.T.);
#3989=ADVANCED_FACE('',(#3581),#3797,.T.);
#3990=ADVANCED_FACE('',(#3582),#3798,.F.);
#3991=ADVANCED_FACE('',(#3583,#3584),#3799,.F.);
#3992=ADVANCED_FACE('',(#3585),#3800,.F.);
#3993=ADVANCED_FACE('',(#3586,#3587),#3801,.F.);
#3994=ADVANCED_FACE('',(#3588),#3802,.F.);
#3995=ADVANCED_FACE('',(#3589),#3803,.F.);
#3996=ADVANCED_FACE('',(#3590),#3804,.F.);
#3997=ADVANCED_FACE('',(#3591),#3805,.F.);
#3998=ADVANCED_FACE('',(#3592),#3806,.F.);
#3999=ADVANCED_FACE('',(#3593,#3594),#83,.F.);
#4000=ADVANCED_FACE('',(#3595),#84,.T.);
#4001=ADVANCED_FACE('',(#3596,#3597),#3807,.F.);
#4002=ADVANCED_FACE('',(#3598),#3808,.T.);
#4003=ADVANCED_FACE('',(#3599),#3809,.T.);
#4004=ADVANCED_FACE('',(#3600),#3810,.T.);
#4005=ADVANCED_FACE('',(#3601),#3811,.T.);
#4006=ADVANCED_FACE('',(#3602,#3603),#85,.F.);
#4007=ADVANCED_FACE('',(#3604),#86,.T.);
#4008=ADVANCED_FACE('',(#3605,#3606),#3812,.T.);
#4009=ADVANCED_FACE('',(#3607),#3813,.F.);
#4010=ADVANCED_FACE('',(#3608),#3814,.F.);
#4011=ADVANCED_FACE('',(#3609),#3815,.F.);
#4012=ADVANCED_FACE('',(#3610),#87,.T.);
#4013=ADVANCED_FACE('',(#3611),#3816,.F.);
#4014=ADVANCED_FACE('',(#3612),#88,.T.);
#4015=ADVANCED_FACE('',(#3613,#3614),#3817,.T.);
#4016=ADVANCED_FACE('',(#3615),#3818,.F.);
#4017=ADVANCED_FACE('',(#3616,#3617),#89,.T.);
#4018=ADVANCED_FACE('',(#3618),#3819,.T.);
#4019=ADVANCED_FACE('',(#3619),#3820,.F.);
#4020=ADVANCED_FACE('',(#3620),#3821,.F.);
#4021=ADVANCED_FACE('',(#3621),#3822,.T.);
#4022=ADVANCED_FACE('',(#3622),#3823,.T.);
#4023=ADVANCED_FACE('',(#3623,#3624),#90,.F.);
#4024=ADVANCED_FACE('',(#3625,#3626),#91,.F.);
#4025=ADVANCED_FACE('',(#3627),#3824,.T.);
#4026=ADVANCED_FACE('',(#3628),#3825,.F.);
#4027=ADVANCED_FACE('',(#3629),#3826,.F.);
#4028=ADVANCED_FACE('',(#3630),#3827,.F.);
#4029=ADVANCED_FACE('',(#3631),#3828,.F.);
#4030=ADVANCED_FACE('',(#3632),#3829,.F.);
#4031=ADVANCED_FACE('',(#3633),#3830,.F.);
#4032=ADVANCED_FACE('',(#3634,#3635,#3636),#3831,.F.);
#4033=ADVANCED_FACE('',(#3637),#3832,.T.);
#4034=ADVANCED_FACE('',(#3638),#3833,.T.);
#4035=ADVANCED_FACE('',(#3639),#3834,.T.);
#4036=ADVANCED_FACE('',(#3640),#3835,.T.);
#4037=ADVANCED_FACE('',(#3641),#3836,.T.);
#4038=ADVANCED_FACE('',(#3642),#3837,.T.);
#4039=ADVANCED_FACE('',(#3643),#3838,.T.);
#4040=ADVANCED_FACE('',(#3644),#3839,.T.);
#4041=ADVANCED_FACE('',(#3645),#3840,.F.);
#4042=ADVANCED_FACE('',(#3646),#3841,.F.);
#4043=ADVANCED_FACE('',(#3647),#3842,.F.);
#4044=ADVANCED_FACE('',(#3648),#3843,.T.);
#4045=ADVANCED_FACE('',(#3649),#3844,.F.);
#4046=ADVANCED_FACE('',(#3650),#92,.T.);
#4047=ADVANCED_FACE('',(#3651),#3845,.F.);
#4048=ADVANCED_FACE('',(#3652),#3846,.F.);
#4049=ADVANCED_FACE('',(#3653),#93,.T.);
#4050=ADVANCED_FACE('',(#3654),#3847,.F.);
#4051=ADVANCED_FACE('',(#3655),#94,.T.);
#4052=ADVANCED_FACE('',(#3656,#3657),#3848,.T.);
#4053=ADVANCED_FACE('',(#3658),#3849,.T.);
#4054=ADVANCED_FACE('',(#3659),#3850,.T.);
#4055=ADVANCED_FACE('',(#3660),#95,.F.);
#4056=ADVANCED_FACE('',(#3661,#3662),#3851,.F.);
#4057=ADVANCED_FACE('',(#3663),#96,.F.);
#4058=ADVANCED_FACE('',(#3664),#3852,.T.);
#4059=ADVANCED_FACE('',(#3665),#3853,.T.);
#4060=ADVANCED_FACE('',(#3666),#3854,.F.);
#4061=ADVANCED_FACE('',(#3667,#3668),#97,.T.);
#4062=ADVANCED_FACE('',(#3669,#3670),#98,.T.);
#4063=ADVANCED_FACE('',(#3671),#3855,.T.);
#4064=ADVANCED_FACE('',(#3672,#3673),#99,.F.);
#4065=ADVANCED_FACE('',(#3674),#3856,.F.);
#4066=ADVANCED_FACE('',(#3675),#3857,.F.);
#4067=ADVANCED_FACE('',(#3676),#100,.T.);
#4068=ADVANCED_FACE('',(#3677),#3858,.F.);
#4069=ADVANCED_FACE('',(#3678),#101,.T.);
#4070=ADVANCED_FACE('',(#3679),#3859,.F.);
#4071=ADVANCED_FACE('',(#3680),#102,.T.);
#4072=ADVANCED_FACE('',(#3681),#3860,.F.);
#4073=ADVANCED_FACE('',(#3682),#103,.T.);
#4074=ADVANCED_FACE('',(#3683),#3861,.T.);
#4075=ADVANCED_FACE('',(#3684,#3685,#3686,#3687),#3862,.F.);
#4076=ADVANCED_FACE('',(#3688),#3863,.F.);
#4077=ADVANCED_FACE('',(#3689),#3864,.F.);
#4078=ADVANCED_FACE('',(#3690),#3865,.F.);
#4079=ADVANCED_FACE('',(#3691),#104,.T.);
#4080=ADVANCED_FACE('',(#3692),#3866,.F.);
#4081=ADVANCED_FACE('',(#3693),#3867,.F.);
#4082=ADVANCED_FACE('',(#3694),#3868,.F.);
#4083=ADVANCED_FACE('',(#3695),#3869,.T.);
#4084=ADVANCED_FACE('',(#3696),#3870,.F.);
#4085=ADVANCED_FACE('',(#3697),#3871,.F.);
#4086=ADVANCED_FACE('',(#3698),#3872,.F.);
#4087=ADVANCED_FACE('',(#3699),#3873,.F.);
#4088=ADVANCED_FACE('',(#3700),#105,.T.);
#4089=ADVANCED_FACE('',(#3701),#3874,.F.);
#4090=ADVANCED_FACE('',(#3702),#3875,.F.);
#4091=ADVANCED_FACE('',(#3703),#3876,.F.);
#4092=ADVANCED_FACE('',(#3704),#3877,.T.);
#4093=ADVANCED_FACE('',(#3705),#3878,.F.);
#4094=ADVANCED_FACE('',(#3706),#3879,.F.);
#4095=ADVANCED_FACE('',(#3707),#3880,.F.);
#4096=ADVANCED_FACE('',(#3708),#3881,.F.);
#4097=ADVANCED_FACE('',(#3709),#106,.T.);
#4098=ADVANCED_FACE('',(#3710),#3882,.F.);
#4099=ADVANCED_FACE('',(#3711),#3883,.F.);
#4100=ADVANCED_FACE('',(#3712),#3884,.F.);
#4101=ADVANCED_FACE('',(#3713),#3885,.T.);
#4102=ADVANCED_FACE('',(#3714),#3886,.F.);
#4103=CLOSED_SHELL('',(#3887,#3888,#3889,#3890,#3891,#3892,#3893,#3894,
#3895,#3896,#3897,#3898,#3899,#3900,#3901,#3902,#3903,#3904,#3905,#3906,
#3907,#3908,#3909,#3910,#3911,#3912,#3913,#3914,#3915,#3916,#3917,#3918,
#3919,#3920,#3921,#3922,#3923,#3924,#3925,#3926,#3927,#3928,#3929,#3930,
#3931,#3932,#3933,#3934,#3935,#3936,#3937,#3938,#3939,#3940,#3941,#3942,
#3943,#3944));
#4104=CLOSED_SHELL('',(#3945,#3946,#3947,#3948,#3949,#3950,#3951,#3952,
#3953,#3954,#3955,#3956,#3957,#3958,#3959,#3960,#3961,#3962,#3963,#3964,
#3965,#3966,#3967,#3968,#3969,#3970,#3971,#3972,#3973,#3974,#3975,#3976,
#3977,#3978,#3979,#3980,#3981,#3982,#3983,#3984,#3985,#3986));
#4105=CLOSED_SHELL('',(#3987,#3988,#3989,#3990,#3991,#3992,#3993,#3994,
#3995,#3996,#3997,#3998,#3999,#4000,#4001,#4002,#4003,#4004,#4005,#4006,
#4007,#4008,#4009,#4010,#4011,#4012,#4013,#4014,#4015,#4016,#4017,#4018));
#4106=CLOSED_SHELL('',(#4019,#4020,#4021,#4022,#4023,#4024,#4025,#4026,
#4027,#4028,#4029,#4030,#4031,#4032,#4033,#4034,#4035,#4036,#4037,#4038,
#4039,#4040));
#4107=CLOSED_SHELL('',(#4041,#4042,#4043,#4044,#4045,#4046,#4047,#4048,
#4049,#4050,#4051,#4052,#4053,#4054,#4055,#4056,#4057,#4058,#4059,#4060,
#4061,#4062,#4063,#4064,#4065));
#4108=CLOSED_SHELL('',(#4066,#4067,#4068,#4069,#4070,#4071,#4072,#4073,
#4074,#4075,#4076,#4077,#4078,#4079,#4080,#4081,#4082,#4083,#4084,#4085,
#4086,#4087,#4088,#4089,#4090,#4091,#4092,#4093,#4094,#4095,#4096,#4097,
#4098,#4099,#4100,#4101,#4102));
#4109=MANIFOLD_SOLID_BREP('M201801-switch',#4103);
#4110=MANIFOLD_SOLID_BREP('M201TN-cover',#4104);
#4111=MANIFOLD_SOLID_BREP('M201TN-fr-cover-t',#4105);
#4112=MANIFOLD_SOLID_BREP('M20TN-fr-frame',#4106);
#4113=MANIFOLD_SOLID_BREP('AT4149-C',#4107);
#4114=MANIFOLD_SOLID_BREP('M201803W-terminals',#4108);
#4115=SHAPE_DEFINITION_REPRESENTATION(#6762,#4122);
#4116=SHAPE_DEFINITION_REPRESENTATION(#6763,#4123);
#4117=SHAPE_DEFINITION_REPRESENTATION(#6765,#4124);
#4118=SHAPE_DEFINITION_REPRESENTATION(#6767,#4125);
#4119=SHAPE_DEFINITION_REPRESENTATION(#6769,#4126);
#4120=SHAPE_DEFINITION_REPRESENTATION(#6771,#4127);
#4121=SHAPE_DEFINITION_REPRESENTATION(#6773,#4128);
#4122=SHAPE_REPRESENTATION('M2018TNW03-EC',(#4129,#4204,#4271,#4318,#4355,
#4398,#4450),#6742);
#4123=SHAPE_REPRESENTATION('M201801-switch',(#4129),#6743);
#4124=SHAPE_REPRESENTATION('M201TN-cover',(#4129),#6744);
#4125=SHAPE_REPRESENTATION('M201TN-fr-cover-t',(#4129),#6745);
#4126=SHAPE_REPRESENTATION('M20TN-fr-frame',(#4129),#6746);
#4127=SHAPE_REPRESENTATION('AT4149-C',(#4129),#6747);
#4128=SHAPE_REPRESENTATION('M201803W-terminals',(#4129),#6748);
#4129=AXIS2_PLACEMENT_3D('',#5567,#4451,#4452);
#4130=AXIS2_PLACEMENT_3D('',#5568,#4453,#4454);
#4131=AXIS2_PLACEMENT_3D('',#5580,#4460,#4461);
#4132=AXIS2_PLACEMENT_3D('',#5584,#4463,#4464);
#4133=AXIS2_PLACEMENT_3D('',#5588,#4466,#4467);
#4134=AXIS2_PLACEMENT_3D('',#5592,#4469,#4470);
#4135=AXIS2_PLACEMENT_3D('',#5609,#4479,#4480);
#4136=AXIS2_PLACEMENT_3D('',#5618,#4485,#4486);
#4137=AXIS2_PLACEMENT_3D('',#5624,#4490,#4491);
#4138=AXIS2_PLACEMENT_3D('',#5625,#4492,#4493);
#4139=AXIS2_PLACEMENT_3D('',#5627,#4494,#4495);
#4140=AXIS2_PLACEMENT_3D('',#5630,#4497,#4498);
#4141=AXIS2_PLACEMENT_3D('',#5636,#4502,#4503);
#4142=AXIS2_PLACEMENT_3D('',#5637,#4504,#4505);
#4143=AXIS2_PLACEMENT_3D('',#5639,#4506,#4507);
#4144=AXIS2_PLACEMENT_3D('',#5642,#4509,#4510);
#4145=AXIS2_PLACEMENT_3D('',#5648,#4514,#4515);
#4146=AXIS2_PLACEMENT_3D('',#5654,#4519,#4520);
#4147=AXIS2_PLACEMENT_3D('',#5660,#4524,#4525);
#4148=AXIS2_PLACEMENT_3D('',#5666,#4529,#4530);
#4149=AXIS2_PLACEMENT_3D('',#5672,#4534,#4535);
#4150=AXIS2_PLACEMENT_3D('',#5678,#4539,#4540);
#4151=AXIS2_PLACEMENT_3D('',#5684,#4544,#4545);
#4152=AXIS2_PLACEMENT_3D('',#5690,#4549,#4550);
#4153=AXIS2_PLACEMENT_3D('',#5696,#4554,#4555);
#4154=AXIS2_PLACEMENT_3D('',#5702,#4559,#4560);
#4155=AXIS2_PLACEMENT_3D('',#5708,#4564,#4565);
#4156=AXIS2_PLACEMENT_3D('',#5714,#4569,#4570);
#4157=AXIS2_PLACEMENT_3D('',#5720,#4574,#4575);
#4158=AXIS2_PLACEMENT_3D('',#5721,#4576,#4577);
#4159=AXIS2_PLACEMENT_3D('',#5723,#4578,#4579);
#4160=AXIS2_PLACEMENT_3D('',#5726,#4581,#4582);
#4161=AXIS2_PLACEMENT_3D('',#5732,#4586,#4587);
#4162=AXIS2_PLACEMENT_3D('',#5733,#4588,#4589);
#4163=AXIS2_PLACEMENT_3D('',#5735,#4590,#4591);
#4164=AXIS2_PLACEMENT_3D('',#5738,#4593,#4594);
#4165=AXIS2_PLACEMENT_3D('',#5744,#4598,#4599);
#4166=AXIS2_PLACEMENT_3D('',#5750,#4603,#4604);
#4167=AXIS2_PLACEMENT_3D('',#5756,#4608,#4609);
#4168=AXIS2_PLACEMENT_3D('',#5762,#4613,#4614);
#4169=AXIS2_PLACEMENT_3D('',#5768,#4618,#4619);
#4170=AXIS2_PLACEMENT_3D('',#5774,#4623,#4624);
#4171=AXIS2_PLACEMENT_3D('',#5780,#4628,#4629);
#4172=AXIS2_PLACEMENT_3D('',#5786,#4633,#4634);
#4173=AXIS2_PLACEMENT_3D('',#5792,#4638,#4639);
#4174=AXIS2_PLACEMENT_3D('',#5798,#4643,#4644);
#4175=AXIS2_PLACEMENT_3D('',#5801,#4647,#4648);
#4176=AXIS2_PLACEMENT_3D('',#5802,#4649,#4650);
#4177=AXIS2_PLACEMENT_3D('',#5807,#4652,#4653);
#4178=AXIS2_PLACEMENT_3D('',#5811,#4655,#4656);
#4179=AXIS2_PLACEMENT_3D('',#5815,#4658,#4659);
#4180=AXIS2_PLACEMENT_3D('',#5818,#4661,#4662);
#4181=AXIS2_PLACEMENT_3D('',#5819,#4663,#4664);
#4182=AXIS2_PLACEMENT_3D('',#5822,#4667,#4668);
#4183=AXIS2_PLACEMENT_3D('',#5824,#4670,#4671);
#4184=AXIS2_PLACEMENT_3D('',#5826,#4673,#4674);
#4185=AXIS2_PLACEMENT_3D('',#5828,#4676,#4677);
#4186=AXIS2_PLACEMENT_3D('',#5830,#4679,#4680);
#4187=AXIS2_PLACEMENT_3D('',#5832,#4682,#4683);
#4188=AXIS2_PLACEMENT_3D('',#5834,#4685,#4686);
#4189=AXIS2_PLACEMENT_3D('',#5835,#4687,#4688);
#4190=AXIS2_PLACEMENT_3D('',#5841,#4692,#4693);
#4191=AXIS2_PLACEMENT_3D('',#5845,#4696,#4697);
#4192=AXIS2_PLACEMENT_3D('',#5849,#4700,#4701);
#4193=AXIS2_PLACEMENT_3D('',#5851,#4703,#4704);
#4194=AXIS2_PLACEMENT_3D('',#5852,#4705,#4706);
#4195=AXIS2_PLACEMENT_3D('',#5858,#4710,#4711);
#4196=AXIS2_PLACEMENT_3D('',#5862,#4714,#4715);
#4197=AXIS2_PLACEMENT_3D('',#5866,#4718,#4719);
#4198=AXIS2_PLACEMENT_3D('',#5868,#4721,#4722);
#4199=AXIS2_PLACEMENT_3D('',#5869,#4723,#4724);
#4200=AXIS2_PLACEMENT_3D('',#5875,#4728,#4729);
#4201=AXIS2_PLACEMENT_3D('',#5879,#4732,#4733);
#4202=AXIS2_PLACEMENT_3D('',#5883,#4736,#4737);
#4203=AXIS2_PLACEMENT_3D('',#5885,#4739,#4740);
#4204=AXIS2_PLACEMENT_3D('',#5886,#4741,#4742);
#4205=AXIS2_PLACEMENT_3D('',#5887,#4743,#4744);
#4206=AXIS2_PLACEMENT_3D('',#5895,#4748,#4749);
#4207=AXIS2_PLACEMENT_3D('',#5899,#4751,#4752);
#4208=AXIS2_PLACEMENT_3D('',#5907,#4756,#4757);
#4209=AXIS2_PLACEMENT_3D('',#5911,#4759,#4760);
#4210=AXIS2_PLACEMENT_3D('',#5920,#4765,#4766);
#4211=AXIS2_PLACEMENT_3D('',#5926,#4770,#4771);
#4212=AXIS2_PLACEMENT_3D('',#5932,#4775,#4776);
#4213=AXIS2_PLACEMENT_3D('',#5944,#4782,#4783);
#4214=AXIS2_PLACEMENT_3D('',#5945,#4784,#4785);
#4215=AXIS2_PLACEMENT_3D('',#5953,#4789,#4790);
#4216=AXIS2_PLACEMENT_3D('',#5954,#4791,#4792);
#4217=AXIS2_PLACEMENT_3D('',#5959,#4795,#4796);
#4218=AXIS2_PLACEMENT_3D('',#5960,#4797,#4798);
#4219=AXIS2_PLACEMENT_3D('',#5964,#4800,#4801);
#4220=AXIS2_PLACEMENT_3D('',#5965,#4802,#4803);
#4221=AXIS2_PLACEMENT_3D('',#5969,#4805,#4806);
#4222=AXIS2_PLACEMENT_3D('',#5973,#4808,#4809);
#4223=AXIS2_PLACEMENT_3D('',#5974,#4810,#4811);
#4224=AXIS2_PLACEMENT_3D('',#5981,#4815,#4816);
#4225=AXIS2_PLACEMENT_3D('',#5985,#4818,#4819);
#4226=AXIS2_PLACEMENT_3D('',#5993,#4823,#4824);
#4227=AXIS2_PLACEMENT_3D('',#5997,#4826,#4827);
#4228=AXIS2_PLACEMENT_3D('',#6004,#4831,#4832);
#4229=AXIS2_PLACEMENT_3D('',#6010,#4836,#4837);
#4230=AXIS2_PLACEMENT_3D('',#6016,#4841,#4842);
#4231=AXIS2_PLACEMENT_3D('',#6028,#4848,#4849);
#4232=AXIS2_PLACEMENT_3D('',#6029,#4850,#4851);
#4233=AXIS2_PLACEMENT_3D('',#6037,#4855,#4856);
#4234=AXIS2_PLACEMENT_3D('',#6038,#4857,#4858);
#4235=AXIS2_PLACEMENT_3D('',#6043,#4861,#4862);
#4236=AXIS2_PLACEMENT_3D('',#6044,#4863,#4864);
#4237=AXIS2_PLACEMENT_3D('',#6049,#4866,#4867);
#4238=AXIS2_PLACEMENT_3D('',#6052,#4869,#4870);
#4239=AXIS2_PLACEMENT_3D('',#6056,#4872,#4873);
#4240=AXIS2_PLACEMENT_3D('',#6060,#4875,#4876);
#4241=AXIS2_PLACEMENT_3D('',#6061,#4877,#4878);
#4242=AXIS2_PLACEMENT_3D('',#6070,#4887,#4888);
#4243=AXIS2_PLACEMENT_3D('',#6072,#4890,#4891);
#4244=AXIS2_PLACEMENT_3D('',#6074,#4893,#4894);
#4245=AXIS2_PLACEMENT_3D('',#6075,#4895,#4896);
#4246=AXIS2_PLACEMENT_3D('',#6077,#4898,#4899);
#4247=AXIS2_PLACEMENT_3D('',#6079,#4901,#4902);
#4248=AXIS2_PLACEMENT_3D('',#6081,#4904,#4905);
#4249=AXIS2_PLACEMENT_3D('',#6082,#4906,#4907);
#4250=AXIS2_PLACEMENT_3D('',#6084,#4909,#4910);
#4251=AXIS2_PLACEMENT_3D('',#6086,#4912,#4913);
#4252=AXIS2_PLACEMENT_3D('',#6088,#4915,#4916);
#4253=AXIS2_PLACEMENT_3D('',#6089,#4917,#4918);
#4254=AXIS2_PLACEMENT_3D('',#6091,#4920,#4921);
#4255=AXIS2_PLACEMENT_3D('',#6093,#4923,#4924);
#4256=AXIS2_PLACEMENT_3D('',#6095,#4926,#4927);
#4257=AXIS2_PLACEMENT_3D('',#6096,#4928,#4929);
#4258=AXIS2_PLACEMENT_3D('',#6098,#4931,#4932);
#4259=AXIS2_PLACEMENT_3D('',#6100,#4934,#4935);
#4260=AXIS2_PLACEMENT_3D('',#6102,#4937,#4938);
#4261=AXIS2_PLACEMENT_3D('',#6103,#4939,#4940);
#4262=AXIS2_PLACEMENT_3D('',#6105,#4942,#4943);
#4263=AXIS2_PLACEMENT_3D('',#6107,#4945,#4946);
#4264=AXIS2_PLACEMENT_3D('',#6109,#4948,#4949);
#4265=AXIS2_PLACEMENT_3D('',#6111,#4951,#4952);
#4266=AXIS2_PLACEMENT_3D('',#6112,#4953,#4954);
#4267=AXIS2_PLACEMENT_3D('',#6114,#4956,#4957);
#4268=AXIS2_PLACEMENT_3D('',#6116,#4959,#4960);
#4269=AXIS2_PLACEMENT_3D('',#6118,#4962,#4963);
#4270=AXIS2_PLACEMENT_3D('',#6120,#4965,#4966);
#4271=AXIS2_PLACEMENT_3D('',#6121,#4967,#4968);
#4272=AXIS2_PLACEMENT_3D('',#6122,#4969,#4970);
#4273=AXIS2_PLACEMENT_3D('',#6131,#4975,#4976);
#4274=AXIS2_PLACEMENT_3D('',#6140,#4981,#4982);
#4275=AXIS2_PLACEMENT_3D('',#6159,#4993,#4994);
#4276=AXIS2_PLACEMENT_3D('',#6165,#4998,#4999);
#4277=AXIS2_PLACEMENT_3D('',#6173,#5004,#5005);
#4278=AXIS2_PLACEMENT_3D('',#6178,#5008,#5009);
#4279=AXIS2_PLACEMENT_3D('',#6180,#5010,#5011);
#4280=AXIS2_PLACEMENT_3D('',#6184,#5014,#5015);
#4281=AXIS2_PLACEMENT_3D('',#6190,#5019,#5020);
#4282=AXIS2_PLACEMENT_3D('',#6195,#5023,#5024);
#4283=AXIS2_PLACEMENT_3D('',#6197,#5025,#5026);
#4284=AXIS2_PLACEMENT_3D('',#6198,#5027,#5028);
#4285=AXIS2_PLACEMENT_3D('',#6204,#5032,#5033);
#4286=AXIS2_PLACEMENT_3D('',#6208,#5036,#5037);
#4287=AXIS2_PLACEMENT_3D('',#6214,#5041,#5042);
#4288=AXIS2_PLACEMENT_3D('',#6218,#5045,#5046);
#4289=AXIS2_PLACEMENT_3D('',#6219,#5047,#5048);
#4290=AXIS2_PLACEMENT_3D('',#6221,#5049,#5050);
#4291=AXIS2_PLACEMENT_3D('',#6222,#5051,#5052);
#4292=AXIS2_PLACEMENT_3D('',#6223,#5053,#5054);
#4293=AXIS2_PLACEMENT_3D('',#6225,#5056,#5057);
#4294=AXIS2_PLACEMENT_3D('',#6231,#5061,#5062);
#4295=AXIS2_PLACEMENT_3D('',#6235,#5065,#5066);
#4296=AXIS2_PLACEMENT_3D('',#6241,#5070,#5071);
#4297=AXIS2_PLACEMENT_3D('',#6245,#5074,#5075);
#4298=AXIS2_PLACEMENT_3D('',#6246,#5076,#5077);
#4299=AXIS2_PLACEMENT_3D('',#6248,#5078,#5079);
#4300=AXIS2_PLACEMENT_3D('',#6249,#5080,#5081);
#4301=AXIS2_PLACEMENT_3D('',#6250,#5082,#5083);
#4302=AXIS2_PLACEMENT_3D('',#6252,#5085,#5086);
#4303=AXIS2_PLACEMENT_3D('',#6258,#5090,#5091);
#4304=AXIS2_PLACEMENT_3D('',#6264,#5095,#5096);
#4305=AXIS2_PLACEMENT_3D('',#6270,#5100,#5101);
#4306=AXIS2_PLACEMENT_3D('',#6271,#5102,#5103);
#4307=AXIS2_PLACEMENT_3D('',#6275,#5105,#5106);
#4308=AXIS2_PLACEMENT_3D('',#6276,#5107,#5108);
#4309=AXIS2_PLACEMENT_3D('',#6279,#5111,#5112);
#4310=AXIS2_PLACEMENT_3D('',#6280,#5113,#5114);
#4311=AXIS2_PLACEMENT_3D('',#6281,#5115,#5116);
#4312=AXIS2_PLACEMENT_3D('',#6282,#5117,#5118);
#4313=AXIS2_PLACEMENT_3D('',#6283,#5119,#5120);
#4314=AXIS2_PLACEMENT_3D('',#6285,#5121,#5122);
#4315=AXIS2_PLACEMENT_3D('',#6286,#5123,#5124);
#4316=AXIS2_PLACEMENT_3D('',#6287,#5125,#5126);
#4317=AXIS2_PLACEMENT_3D('',#6289,#5127,#5128);
#4318=AXIS2_PLACEMENT_3D('',#6290,#5129,#5130);
#4319=AXIS2_PLACEMENT_3D('',#6291,#5131,#5132);
#4320=AXIS2_PLACEMENT_3D('',#6312,#5143,#5144);
#4321=AXIS2_PLACEMENT_3D('',#6333,#5155,#5156);
#4322=AXIS2_PLACEMENT_3D('',#6336,#5158,#5159);
#4323=AXIS2_PLACEMENT_3D('',#6344,#5164,#5165);
#4324=AXIS2_PLACEMENT_3D('',#6347,#5167,#5168);
#4325=AXIS2_PLACEMENT_3D('',#6352,#5171,#5172);
#4326=AXIS2_PLACEMENT_3D('',#6355,#5174,#5175);
#4327=AXIS2_PLACEMENT_3D('',#6356,#5176,#5177);
#4328=AXIS2_PLACEMENT_3D('',#6358,#5178,#5179);
#4329=AXIS2_PLACEMENT_3D('',#6360,#5180,#5181);
#4330=AXIS2_PLACEMENT_3D('',#6361,#5182,#5183);
#4331=AXIS2_PLACEMENT_3D('',#6363,#5184,#5185);
#4332=AXIS2_PLACEMENT_3D('',#6364,#5186,#5187);
#4333=AXIS2_PLACEMENT_3D('',#6365,#5188,#5189);
#4334=AXIS2_PLACEMENT_3D('',#6367,#5190,#5191);
#4335=AXIS2_PLACEMENT_3D('',#6369,#5192,#5193);
#4336=AXIS2_PLACEMENT_3D('',#6371,#5194,#5195);
#4337=AXIS2_PLACEMENT_3D('',#6373,#5196,#5197);
#4338=AXIS2_PLACEMENT_3D('',#6375,#5198,#5199);
#4339=AXIS2_PLACEMENT_3D('',#6376,#5200,#5201);
#4340=AXIS2_PLACEMENT_3D('',#6384,#5207,#5208);
#4341=AXIS2_PLACEMENT_3D('',#6388,#5211,#5212);
#4342=AXIS2_PLACEMENT_3D('',#6392,#5215,#5216);
#4343=AXIS2_PLACEMENT_3D('',#6394,#5218,#5219);
#4344=AXIS2_PLACEMENT_3D('',#6398,#5222,#5223);
#4345=AXIS2_PLACEMENT_3D('',#6402,#5226,#5227);
#4346=AXIS2_PLACEMENT_3D('',#6404,#5229,#5230);
#4347=AXIS2_PLACEMENT_3D('',#6405,#5231,#5232);
#4348=AXIS2_PLACEMENT_3D('',#6407,#5234,#5235);
#4349=AXIS2_PLACEMENT_3D('',#6408,#5236,#5237);
#4350=AXIS2_PLACEMENT_3D('',#6410,#5239,#5240);
#4351=AXIS2_PLACEMENT_3D('',#6411,#5241,#5242);
#4352=AXIS2_PLACEMENT_3D('',#6413,#5244,#5245);
#4353=AXIS2_PLACEMENT_3D('',#6414,#5246,#5247);
#4354=AXIS2_PLACEMENT_3D('',#6416,#5249,#5250);
#4355=AXIS2_PLACEMENT_3D('',#6417,#5251,#5252);
#4356=AXIS2_PLACEMENT_3D('',#6418,#5253,#5254);
#4357=AXIS2_PLACEMENT_3D('',#6419,#5255,#5256);
#4358=AXIS2_PLACEMENT_3D('',#6439,#5266,#5267);
#4359=AXIS2_PLACEMENT_3D('',#6440,#5268,#5269);
#4360=AXIS2_PLACEMENT_3D('',#6454,#5277,#5278);
#4361=AXIS2_PLACEMENT_3D('',#6459,#5281,#5282);
#4362=AXIS2_PLACEMENT_3D('',#6463,#5284,#5285);
#4363=AXIS2_PLACEMENT_3D('',#6467,#5287,#5288);
#4364=AXIS2_PLACEMENT_3D('',#6472,#5291,#5292);
#4365=AXIS2_PLACEMENT_3D('',#6473,#5293,#5294);
#4366=AXIS2_PLACEMENT_3D('',#6476,#5296,#5297);
#4367=AXIS2_PLACEMENT_3D('',#6481,#5300,#5301);
#4368=AXIS2_PLACEMENT_3D('',#6485,#5303,#5304);
#4369=AXIS2_PLACEMENT_3D('',#6489,#5306,#5307);
#4370=AXIS2_PLACEMENT_3D('',#6492,#5309,#5310);
#4371=AXIS2_PLACEMENT_3D('',#6495,#5313,#5314);
#4372=AXIS2_PLACEMENT_3D('',#6497,#5316,#5317);
#4373=AXIS2_PLACEMENT_3D('',#6498,#5318,#5319);
#4374=AXIS2_PLACEMENT_3D('',#6500,#5321,#5322);
#4375=AXIS2_PLACEMENT_3D('',#6502,#5324,#5325);
#4376=AXIS2_PLACEMENT_3D('',#6504,#5327,#5328);
#4377=AXIS2_PLACEMENT_3D('',#6505,#5329,#5330);
#4378=AXIS2_PLACEMENT_3D('',#6506,#5331,#5332);
#4379=AXIS2_PLACEMENT_3D('',#6510,#5334,#5335);
#4380=AXIS2_PLACEMENT_3D('',#6513,#5337,#5338);
#4381=AXIS2_PLACEMENT_3D('',#6515,#5340,#5341);
#4382=AXIS2_PLACEMENT_3D('',#6517,#5343,#5344);
#4383=AXIS2_PLACEMENT_3D('',#6518,#5345,#5346);
#4384=AXIS2_PLACEMENT_3D('',#6519,#5347,#5348);
#4385=AXIS2_PLACEMENT_3D('',#6523,#5350,#5351);
#4386=AXIS2_PLACEMENT_3D('',#6526,#5353,#5354);
#4387=AXIS2_PLACEMENT_3D('',#6529,#5357,#5358);
#4388=AXIS2_PLACEMENT_3D('',#6530,#5359,#5360);
#4389=AXIS2_PLACEMENT_3D('',#6531,#5361,#5362);
#4390=AXIS2_PLACEMENT_3D('',#6532,#5363,#5364);
#4391=AXIS2_PLACEMENT_3D('',#6534,#5365,#5366);
#4392=AXIS2_PLACEMENT_3D('',#6535,#5367,#5368);
#4393=AXIS2_PLACEMENT_3D('',#6536,#5369,#5370);
#4394=AXIS2_PLACEMENT_3D('',#6538,#5371,#5372);
#4395=AXIS2_PLACEMENT_3D('',#6539,#5373,#5374);
#4396=AXIS2_PLACEMENT_3D('',#6540,#5375,#5376);
#4397=AXIS2_PLACEMENT_3D('',#6542,#5377,#5378);
#4398=AXIS2_PLACEMENT_3D('',#6543,#5379,#5380);
#4399=AXIS2_PLACEMENT_3D('',#6544,#5381,#5382);
#4400=AXIS2_PLACEMENT_3D('',#6553,#5387,#5388);
#4401=AXIS2_PLACEMENT_3D('',#6554,#5389,#5390);
#4402=AXIS2_PLACEMENT_3D('',#6558,#5392,#5393);
#4403=AXIS2_PLACEMENT_3D('',#6559,#5394,#5395);
#4404=AXIS2_PLACEMENT_3D('',#6565,#5399,#5400);
#4405=AXIS2_PLACEMENT_3D('',#6566,#5401,#5402);
#4406=AXIS2_PLACEMENT_3D('',#6570,#5404,#5405);
#4407=AXIS2_PLACEMENT_3D('',#6571,#5406,#5407);
#4408=AXIS2_PLACEMENT_3D('',#6577,#5411,#5412);
#4409=AXIS2_PLACEMENT_3D('',#6578,#5413,#5414);
#4410=AXIS2_PLACEMENT_3D('',#6582,#5416,#5417);
#4411=AXIS2_PLACEMENT_3D('',#6583,#5418,#5419);
#4412=AXIS2_PLACEMENT_3D('',#6589,#5423,#5424);
#4413=AXIS2_PLACEMENT_3D('',#6590,#5425,#5426);
#4414=AXIS2_PLACEMENT_3D('',#6591,#5427,#5428);
#4415=AXIS2_PLACEMENT_3D('',#6592,#5429,#5430);
#4416=AXIS2_PLACEMENT_3D('',#6593,#5431,#5432);
#4417=AXIS2_PLACEMENT_3D('',#6618,#5445,#5446);
#4418=AXIS2_PLACEMENT_3D('',#6624,#5450,#5451);
#4419=AXIS2_PLACEMENT_3D('',#6630,#5455,#5456);
#4420=AXIS2_PLACEMENT_3D('',#6636,#5460,#5461);
#4421=AXIS2_PLACEMENT_3D('',#6637,#5462,#5463);
#4422=AXIS2_PLACEMENT_3D('',#6641,#5465,#5466);
#4423=AXIS2_PLACEMENT_3D('',#6642,#5467,#5468);
#4424=AXIS2_PLACEMENT_3D('',#6648,#5472,#5473);
#4425=AXIS2_PLACEMENT_3D('',#6654,#5477,#5478);
#4426=AXIS2_PLACEMENT_3D('',#6657,#5481,#5482);
#4427=AXIS2_PLACEMENT_3D('',#6658,#5483,#5484);
#4428=AXIS2_PLACEMENT_3D('',#6659,#5485,#5486);
#4429=AXIS2_PLACEMENT_3D('',#6665,#5490,#5491);
#4430=AXIS2_PLACEMENT_3D('',#6671,#5495,#5496);
#4431=AXIS2_PLACEMENT_3D('',#6677,#5500,#5501);
#4432=AXIS2_PLACEMENT_3D('',#6678,#5502,#5503);
#4433=AXIS2_PLACEMENT_3D('',#6682,#5505,#5506);
#4434=AXIS2_PLACEMENT_3D('',#6683,#5507,#5508);
#4435=AXIS2_PLACEMENT_3D('',#6689,#5512,#5513);
#4436=AXIS2_PLACEMENT_3D('',#6695,#5517,#5518);
#4437=AXIS2_PLACEMENT_3D('',#6698,#5521,#5522);
#4438=AXIS2_PLACEMENT_3D('',#6699,#5523,#5524);
#4439=AXIS2_PLACEMENT_3D('',#6700,#5525,#5526);
#4440=AXIS2_PLACEMENT_3D('',#6706,#5530,#5531);
#4441=AXIS2_PLACEMENT_3D('',#6712,#5535,#5536);
#4442=AXIS2_PLACEMENT_3D('',#6718,#5540,#5541);
#4443=AXIS2_PLACEMENT_3D('',#6719,#5542,#5543);
#4444=AXIS2_PLACEMENT_3D('',#6723,#5545,#5546);
#4445=AXIS2_PLACEMENT_3D('',#6724,#5547,#5548);
#4446=AXIS2_PLACEMENT_3D('',#6730,#5552,#5553);
#4447=AXIS2_PLACEMENT_3D('',#6736,#5557,#5558);
#4448=AXIS2_PLACEMENT_3D('',#6739,#5561,#5562);
#4449=AXIS2_PLACEMENT_3D('',#6740,#5563,#5564);
#4450=AXIS2_PLACEMENT_3D('',#6741,#5565,#5566);
#4451=DIRECTION('',(0.,0.,1.));
#4452=DIRECTION('',(1.,0.,0.));
#4453=DIRECTION('',(0.,1.,0.));
#4454=DIRECTION('',(0.,0.,1.));
#4455=DIRECTION('',(0.,0.,1.));
#4456=DIRECTION('',(1.,0.,0.));
#4457=DIRECTION('',(0.,0.,-1.));
#4458=DIRECTION('',(-1.,0.,0.));
#4459=DIRECTION('',(0.,0.,1.));
#4460=DIRECTION('',(0.,1.,0.));
#4461=DIRECTION('',(1.,0.,0.));
#4462=DIRECTION('',(-1.,0.,0.));
#4463=DIRECTION('',(0.,1.,0.));
#4464=DIRECTION('',(1.,0.,0.));
#4465=DIRECTION('',(0.,0.,-1.));
#4466=DIRECTION('',(0.,1.,0.));
#4467=DIRECTION('',(1.,0.,0.));
#4468=DIRECTION('',(1.,0.,0.));
#4469=DIRECTION('',(0.,1.,0.));
#4470=DIRECTION('',(1.,0.,0.));
#4471=DIRECTION('',(0.,0.,1.));
#4472=DIRECTION('',(1.,0.,0.));
#4473=DIRECTION('',(0.,0.,-1.));
#4474=DIRECTION('',(-1.,0.,0.));
#4475=DIRECTION('',(0.,0.,1.));
#4476=DIRECTION('',(1.,0.,0.));
#4477=DIRECTION('',(0.,0.,-1.));
#4478=DIRECTION('',(-1.,0.,0.));
#4479=DIRECTION('',(0.,0.,-1.));
#4480=DIRECTION('',(-1.,0.,0.));
#4481=DIRECTION('',(-1.,0.,0.));
#4482=DIRECTION('',(0.,1.,0.));
#4483=DIRECTION('',(-1.,0.,0.));
#4484=DIRECTION('',(0.,1.,0.));
#4485=DIRECTION('',(-1.,0.,0.));
#4486=DIRECTION('',(0.,0.,1.));
#4487=DIRECTION('',(0.,0.,1.));
#4488=DIRECTION('',(0.,0.,1.));
#4489=DIRECTION('',(0.,1.,0.));
#4490=DIRECTION('',(0.,1.,0.));
#4491=DIRECTION('',(0.,0.,1.));
#4492=DIRECTION('',(0.,1.,0.));
#4493=DIRECTION('',(1.,0.,0.));
#4494=DIRECTION('',(0.,1.,0.));
#4495=DIRECTION('',(1.,0.,0.));
#4496=DIRECTION('',(0.,1.,0.));
#4497=DIRECTION('',(0.,0.,1.));
#4498=DIRECTION('',(1.,0.,0.));
#4499=DIRECTION('',(1.,0.,0.));
#4500=DIRECTION('',(1.,0.,0.));
#4501=DIRECTION('',(0.,1.,0.));
#4502=DIRECTION('',(0.,1.,0.));
#4503=DIRECTION('',(0.,0.,1.));
#4504=DIRECTION('',(0.,1.,0.));
#4505=DIRECTION('',(1.,0.,0.));
#4506=DIRECTION('',(0.,1.,0.));
#4507=DIRECTION('',(1.,0.,0.));
#4508=DIRECTION('',(0.,1.,0.));
#4509=DIRECTION('',(1.,0.,0.));
#4510=DIRECTION('',(0.,0.,-1.));
#4511=DIRECTION('',(0.,0.,-1.));
#4512=DIRECTION('',(0.,0.,-1.));
#4513=DIRECTION('',(0.,1.,0.));
#4514=DIRECTION('',(0.,0.,-1.));
#4515=DIRECTION('',(-1.,0.,0.));
#4516=DIRECTION('',(-1.,0.,0.));
#4517=DIRECTION('',(-1.,0.,0.));
#4518=DIRECTION('',(0.,1.,0.));
#4519=DIRECTION('',(1.,0.,0.));
#4520=DIRECTION('',(0.,0.,-1.));
#4521=DIRECTION('',(0.,0.,-1.));
#4522=DIRECTION('',(0.,0.,-1.));
#4523=DIRECTION('',(0.,1.,0.));
#4524=DIRECTION('',(0.17364817766693,0.,-0.984807753012208));
#4525=DIRECTION('',(-0.984807753012208,0.,-0.17364817766693));
#4526=DIRECTION('',(-0.984807753012208,0.,-0.17364817766693));
#4527=DIRECTION('',(-0.984807753012208,0.,-0.17364817766693));
#4528=DIRECTION('',(0.,1.,0.));
#4529=DIRECTION('',(1.,0.,0.));
#4530=DIRECTION('',(0.,0.,-1.));
#4531=DIRECTION('',(0.,0.,-1.));
#4532=DIRECTION('',(0.,0.,-1.));
#4533=DIRECTION('',(0.,1.,0.));
#4534=DIRECTION('',(0.17364817766693,0.,0.984807753012208));
#4535=DIRECTION('',(0.984807753012208,0.,-0.17364817766693));
#4536=DIRECTION('',(0.984807753012208,0.,-0.17364817766693));
#4537=DIRECTION('',(0.984807753012208,0.,-0.17364817766693));
#4538=DIRECTION('',(0.,1.,0.));
#4539=DIRECTION('',(1.,0.,0.));
#4540=DIRECTION('',(0.,0.,-1.));
#4541=DIRECTION('',(0.,0.,-1.));
#4542=DIRECTION('',(0.,0.,-1.));
#4543=DIRECTION('',(0.,1.,0.));
#4544=DIRECTION('',(0.173648177666931,0.,-0.984807753012208));
#4545=DIRECTION('',(-0.984807753012208,0.,-0.173648177666931));
#4546=DIRECTION('',(-0.984807753012208,0.,-0.173648177666931));
#4547=DIRECTION('',(-0.984807753012208,0.,-0.173648177666931));
#4548=DIRECTION('',(0.,1.,0.));
#4549=DIRECTION('',(1.,0.,0.));
#4550=DIRECTION('',(0.,0.,-1.));
#4551=DIRECTION('',(0.,0.,-1.));
#4552=DIRECTION('',(0.,0.,-1.));
#4553=DIRECTION('',(0.,1.,0.));
#4554=DIRECTION('',(0.17364817766693,0.,0.984807753012208));
#4555=DIRECTION('',(0.984807753012208,0.,-0.17364817766693));
#4556=DIRECTION('',(0.984807753012208,0.,-0.17364817766693));
#4557=DIRECTION('',(0.984807753012208,0.,-0.17364817766693));
#4558=DIRECTION('',(0.,1.,0.));
#4559=DIRECTION('',(1.,0.,0.));
#4560=DIRECTION('',(0.,0.,-1.));
#4561=DIRECTION('',(0.,0.,-1.));
#4562=DIRECTION('',(0.,0.,-1.));
#4563=DIRECTION('',(0.,1.,0.));
#4564=DIRECTION('',(0.,0.,1.));
#4565=DIRECTION('',(1.,0.,0.));
#4566=DIRECTION('',(1.,0.,0.));
#4567=DIRECTION('',(1.,0.,0.));
#4568=DIRECTION('',(0.,1.,0.));
#4569=DIRECTION('',(1.,0.,0.));
#4570=DIRECTION('',(0.,0.,-1.));
#4571=DIRECTION('',(0.,0.,-1.));
#4572=DIRECTION('',(0.,0.,-1.));
#4573=DIRECTION('',(0.,1.,0.));
#4574=DIRECTION('',(0.,1.,0.));
#4575=DIRECTION('',(0.,0.,1.));
#4576=DIRECTION('',(0.,1.,0.));
#4577=DIRECTION('',(1.,0.,0.));
#4578=DIRECTION('',(0.,1.,0.));
#4579=DIRECTION('',(1.,0.,0.));
#4580=DIRECTION('',(0.,1.,0.));
#4581=DIRECTION('',(0.,0.,-1.));
#4582=DIRECTION('',(-1.,0.,0.));
#4583=DIRECTION('',(-1.,0.,0.));
#4584=DIRECTION('',(-1.,0.,0.));
#4585=DIRECTION('',(0.,1.,0.));
#4586=DIRECTION('',(0.,1.,0.));
#4587=DIRECTION('',(0.,0.,1.));
#4588=DIRECTION('',(0.,1.,0.));
#4589=DIRECTION('',(1.,0.,0.));
#4590=DIRECTION('',(0.,1.,0.));
#4591=DIRECTION('',(1.,0.,0.));
#4592=DIRECTION('',(0.,1.,0.));
#4593=DIRECTION('',(-1.,0.,0.));
#4594=DIRECTION('',(0.,0.,1.));
#4595=DIRECTION('',(0.,0.,1.));
#4596=DIRECTION('',(0.,0.,1.));
#4597=DIRECTION('',(0.,1.,0.));
#4598=DIRECTION('',(0.,0.,1.));
#4599=DIRECTION('',(1.,0.,0.));
#4600=DIRECTION('',(1.,0.,0.));
#4601=DIRECTION('',(1.,0.,0.));
#4602=DIRECTION('',(0.,1.,0.));
#4603=DIRECTION('',(-1.,0.,0.));
#4604=DIRECTION('',(0.,0.,1.));
#4605=DIRECTION('',(0.,0.,1.));
#4606=DIRECTION('',(0.,0.,1.));
#4607=DIRECTION('',(0.,1.,0.));
#4608=DIRECTION('',(-0.173648177666931,0.,0.984807753012208));
#4609=DIRECTION('',(0.984807753012208,0.,0.173648177666931));
#4610=DIRECTION('',(0.984807753012208,0.,0.173648177666931));
#4611=DIRECTION('',(0.984807753012208,0.,0.173648177666931));
#4612=DIRECTION('',(0.,1.,0.));
#4613=DIRECTION('',(-1.,0.,0.));
#4614=DIRECTION('',(0.,0.,1.));
#4615=DIRECTION('',(0.,0.,1.));
#4616=DIRECTION('',(0.,0.,1.));
#4617=DIRECTION('',(0.,1.,0.));
#4618=DIRECTION('',(-0.17364817766693,0.,-0.984807753012208));
#4619=DIRECTION('',(-0.984807753012208,0.,0.17364817766693));
#4620=DIRECTION('',(-0.984807753012208,0.,0.17364817766693));
#4621=DIRECTION('',(-0.984807753012208,0.,0.17364817766693));
#4622=DIRECTION('',(0.,1.,0.));
#4623=DIRECTION('',(-1.,0.,0.));
#4624=DIRECTION('',(0.,0.,1.));
#4625=DIRECTION('',(0.,0.,1.));
#4626=DIRECTION('',(0.,0.,1.));
#4627=DIRECTION('',(0.,1.,0.));
#4628=DIRECTION('',(-0.173648177666932,0.,0.984807753012208));
#4629=DIRECTION('',(0.984807753012208,0.,0.173648177666932));
#4630=DIRECTION('',(0.984807753012208,0.,0.173648177666932));
#4631=DIRECTION('',(0.984807753012208,0.,0.173648177666932));
#4632=DIRECTION('',(0.,1.,0.));
#4633=DIRECTION('',(-1.,0.,0.));
#4634=DIRECTION('',(0.,0.,1.));
#4635=DIRECTION('',(0.,0.,1.));
#4636=DIRECTION('',(0.,0.,1.));
#4637=DIRECTION('',(0.,1.,0.));
#4638=DIRECTION('',(-0.17364817766693,0.,-0.984807753012208));
#4639=DIRECTION('',(-0.984807753012208,0.,0.17364817766693));
#4640=DIRECTION('',(-0.984807753012208,0.,0.17364817766693));
#4641=DIRECTION('',(-0.984807753012208,0.,0.17364817766693));
#4642=DIRECTION('',(0.,1.,0.));
#4643=DIRECTION('',(-1.,0.,0.));
#4644=DIRECTION('',(0.,0.,1.));
#4645=DIRECTION('',(0.,0.,1.));
#4646=DIRECTION('',(0.,0.,1.));
#4647=DIRECTION('',(0.,1.,0.));
#4648=DIRECTION('',(0.,0.,1.));
#4649=DIRECTION('',(0.,1.,0.));
#4650=DIRECTION('',(0.,0.,1.));
#4651=DIRECTION('',(0.,0.,1.));
#4652=DIRECTION('',(0.,1.,0.));
#4653=DIRECTION('',(0.,0.,1.));
#4654=DIRECTION('',(1.,0.,0.));
#4655=DIRECTION('',(0.,1.,0.));
#4656=DIRECTION('',(0.,0.,1.));
#4657=DIRECTION('',(0.,0.,-1.));
#4658=DIRECTION('',(0.,1.,0.));
#4659=DIRECTION('',(0.,0.,1.));
#4660=DIRECTION('',(-1.,0.,0.));
#4661=DIRECTION('',(0.,1.,0.));
#4662=DIRECTION('',(0.,0.,1.));
#4663=DIRECTION('',(-1.,0.,0.));
#4664=DIRECTION('',(0.,0.,1.));
#4665=DIRECTION('',(0.,1.,0.));
#4666=DIRECTION('',(0.,1.,0.));
#4667=DIRECTION('',(0.,1.,0.));
#4668=DIRECTION('',(0.,0.,1.));
#4669=DIRECTION('',(0.,1.,0.));
#4670=DIRECTION('',(0.,0.,1.));
#4671=DIRECTION('',(1.,0.,0.));
#4672=DIRECTION('',(0.,1.,0.));
#4673=DIRECTION('',(0.,1.,0.));
#4674=DIRECTION('',(0.,0.,1.));
#4675=DIRECTION('',(0.,1.,0.));
#4676=DIRECTION('',(1.,0.,0.));
#4677=DIRECTION('',(0.,0.,-1.));
#4678=DIRECTION('',(0.,1.,0.));
#4679=DIRECTION('',(0.,1.,0.));
#4680=DIRECTION('',(0.,0.,1.));
#4681=DIRECTION('',(0.,1.,0.));
#4682=DIRECTION('',(0.,0.,-1.));
#4683=DIRECTION('',(-1.,0.,0.));
#4684=DIRECTION('',(0.,1.,0.));
#4685=DIRECTION('',(0.,1.,0.));
#4686=DIRECTION('',(0.,0.,1.));
#4687=DIRECTION('',(1.,0.,0.));
#4688=DIRECTION('',(0.,0.,-1.));
#4689=DIRECTION('',(0.,-1.,0.));
#4690=DIRECTION('',(0.,0.,1.));
#4691=DIRECTION('',(0.,-1.,0.));
#4692=DIRECTION('',(0.,0.,-1.));
#4693=DIRECTION('',(-1.,0.,0.));
#4694=DIRECTION('',(1.,0.,0.));
#4695=DIRECTION('',(0.,-1.,0.));
#4696=DIRECTION('',(-1.,0.,0.));
#4697=DIRECTION('',(0.,0.,1.));
#4698=DIRECTION('',(0.,0.,-1.));
#4699=DIRECTION('',(0.,-1.,0.));
#4700=DIRECTION('',(0.,0.,1.));
#4701=DIRECTION('',(1.,0.,0.));
#4702=DIRECTION('',(-1.,0.,0.));
#4703=DIRECTION('',(0.,1.,0.));
#4704=DIRECTION('',(0.,0.,1.));
#4705=DIRECTION('',(1.,0.,0.));
#4706=DIRECTION('',(0.,0.,-1.));
#4707=DIRECTION('',(0.,-1.,0.));
#4708=DIRECTION('',(0.,0.,1.));
#4709=DIRECTION('',(0.,-1.,0.));
#4710=DIRECTION('',(0.,0.,-1.));
#4711=DIRECTION('',(-1.,0.,0.));
#4712=DIRECTION('',(1.,0.,0.));
#4713=DIRECTION('',(0.,-1.,0.));
#4714=DIRECTION('',(-1.,0.,0.));
#4715=DIRECTION('',(0.,0.,1.));
#4716=DIRECTION('',(0.,0.,-1.));
#4717=DIRECTION('',(0.,-1.,0.));
#4718=DIRECTION('',(0.,0.,1.));
#4719=DIRECTION('',(1.,0.,0.));
#4720=DIRECTION('',(-1.,0.,0.));
#4721=DIRECTION('',(0.,1.,0.));
#4722=DIRECTION('',(0.,0.,1.));
#4723=DIRECTION('',(1.,0.,0.));
#4724=DIRECTION('',(0.,0.,-1.));
#4725=DIRECTION('',(0.,-1.,0.));
#4726=DIRECTION('',(0.,0.,1.));
#4727=DIRECTION('',(0.,-1.,0.));
#4728=DIRECTION('',(0.,0.,-1.));
#4729=DIRECTION('',(-1.,0.,0.));
#4730=DIRECTION('',(1.,0.,0.));
#4731=DIRECTION('',(0.,-1.,0.));
#4732=DIRECTION('',(-1.,0.,0.));
#4733=DIRECTION('',(0.,0.,1.));
#4734=DIRECTION('',(0.,0.,-1.));
#4735=DIRECTION('',(0.,-1.,0.));
#4736=DIRECTION('',(0.,0.,1.));
#4737=DIRECTION('',(1.,0.,0.));
#4738=DIRECTION('',(-1.,0.,0.));
#4739=DIRECTION('',(0.,1.,0.));
#4740=DIRECTION('',(0.,0.,1.));
#4741=DIRECTION('',(0.,0.,1.));
#4742=DIRECTION('',(1.,0.,0.));
#4743=DIRECTION('',(1.,0.,0.));
#4744=DIRECTION('',(0.,0.,-1.));
#4745=DIRECTION('',(0.,-1.,0.));
#4746=DIRECTION('',(0.,0.,1.));
#4747=DIRECTION('',(0.,-1.,0.));
#4748=DIRECTION('',(1.,0.,0.));
#4749=DIRECTION('',(0.,0.,-1.));
#4750=DIRECTION('',(0.,0.,-1.));
#4751=DIRECTION('',(1.,0.,0.));
#4752=DIRECTION('',(0.,0.,-1.));
#4753=DIRECTION('',(0.,1.,-1.26474444151123E-15));
#4754=DIRECTION('',(0.,2.20310322069699E-16,1.));
#4755=DIRECTION('',(0.,-1.,-1.26474444151123E-15));
#4756=DIRECTION('',(1.,0.,0.));
#4757=DIRECTION('',(0.,0.,-1.));
#4758=DIRECTION('',(0.,0.,-1.));
#4759=DIRECTION('',(1.,0.,0.));
#4760=DIRECTION('',(0.,0.,-1.));
#4761=DIRECTION('',(0.,1.,0.));
#4762=DIRECTION('',(0.,0.,1.));
#4763=DIRECTION('',(0.,1.,0.));
#4764=DIRECTION('',(0.,0.,-1.));
#4765=DIRECTION('',(0.,1.,0.));
#4766=DIRECTION('',(0.,0.,1.));
#4767=DIRECTION('',(-1.,0.,0.));
#4768=DIRECTION('',(0.,0.,-1.));
#4769=DIRECTION('',(-1.,0.,0.));
#4770=DIRECTION('',(0.,1.,0.));
#4771=DIRECTION('',(0.,0.,1.));
#4772=DIRECTION('',(-1.,0.,0.));
#4773=DIRECTION('',(0.,0.,-1.));
#4774=DIRECTION('',(-1.,0.,0.));
#4775=DIRECTION('',(-1.,0.,0.));
#4776=DIRECTION('',(0.,0.,1.));
#4777=DIRECTION('',(0.,-1.,0.));
#4778=DIRECTION('',(0.,0.,-1.));
#4779=DIRECTION('',(0.,1.,0.));
#4780=DIRECTION('',(0.,0.,1.));
#4781=DIRECTION('',(0.,1.,0.));
#4782=DIRECTION('',(-1.,0.,0.));
#4783=DIRECTION('',(0.,0.,1.));
#4784=DIRECTION('',(-1.,0.,0.));
#4785=DIRECTION('',(0.,0.,1.));
#4786=DIRECTION('',(0.,-1.,-1.26474444151123E-15));
#4787=DIRECTION('',(0.,2.20310322069699E-16,1.));
#4788=DIRECTION('',(0.,1.,-1.26474444151123E-15));
#4789=DIRECTION('',(-1.,0.,0.));
#4790=DIRECTION('',(0.,0.,1.));
#4791=DIRECTION('',(-1.,0.,0.));
#4792=DIRECTION('',(0.,0.,1.));
#4793=DIRECTION('',(0.,-1.,0.));
#4794=DIRECTION('',(0.,0.,1.));
#4795=DIRECTION('',(0.,0.,-1.));
#4796=DIRECTION('',(-1.,0.,0.));
#4797=DIRECTION('',(0.,0.,-1.));
#4798=DIRECTION('',(-1.,0.,0.));
#4799=DIRECTION('',(0.,0.,-1.));
#4800=DIRECTION('',(0.,0.,1.));
#4801=DIRECTION('',(1.,0.,0.));
#4802=DIRECTION('',(0.,0.,-1.));
#4803=DIRECTION('',(-1.,0.,0.));
#4804=DIRECTION('',(0.,0.,-1.));
#4805=DIRECTION('',(0.,0.,-1.));
#4806=DIRECTION('',(-1.,0.,0.));
#4807=DIRECTION('',(0.,0.,-1.));
#4808=DIRECTION('',(0.,0.,1.));
#4809=DIRECTION('',(1.,0.,0.));
#4810=DIRECTION('',(1.,0.,0.));
#4811=DIRECTION('',(0.,0.,-1.));
#4812=DIRECTION('',(0.,1.,0.));
#4813=DIRECTION('',(0.,0.,-1.));
#4814=DIRECTION('',(0.,1.,0.));
#4815=DIRECTION('',(1.,0.,0.));
#4816=DIRECTION('',(0.,0.,-1.));
#4817=DIRECTION('',(0.,0.,-1.));
#4818=DIRECTION('',(1.,0.,0.));
#4819=DIRECTION('',(0.,0.,-1.));
#4820=DIRECTION('',(0.,-1.,1.26474444151123E-15));
#4821=DIRECTION('',(0.,-2.20310322069699E-16,-1.));
#4822=DIRECTION('',(0.,1.,1.26474444151123E-15));
#4823=DIRECTION('',(1.,0.,0.));
#4824=DIRECTION('',(0.,0.,-1.));
#4825=DIRECTION('',(0.,0.,-1.));
#4826=DIRECTION('',(1.,0.,0.));
#4827=DIRECTION('',(0.,0.,-1.));
#4828=DIRECTION('',(0.,-1.,0.));
#4829=DIRECTION('',(0.,0.,-1.));
#4830=DIRECTION('',(0.,-1.,0.));
#4831=DIRECTION('',(0.,1.,0.));
#4832=DIRECTION('',(0.,0.,1.));
#4833=DIRECTION('',(-1.,0.,0.));
#4834=DIRECTION('',(0.,0.,-1.));
#4835=DIRECTION('',(-1.,0.,0.));
#4836=DIRECTION('',(0.,1.,0.));
#4837=DIRECTION('',(0.,0.,1.));
#4838=DIRECTION('',(-1.,0.,0.));
#4839=DIRECTION('',(0.,0.,-1.));
#4840=DIRECTION('',(-1.,0.,0.));
#4841=DIRECTION('',(-1.,0.,0.));
#4842=DIRECTION('',(0.,0.,1.));
#4843=DIRECTION('',(0.,-1.,0.));
#4844=DIRECTION('',(0.,0.,-1.));
#4845=DIRECTION('',(0.,1.,0.));
#4846=DIRECTION('',(0.,0.,1.));
#4847=DIRECTION('',(0.,1.,0.));
#4848=DIRECTION('',(1.,0.,0.));
#4849=DIRECTION('',(0.,0.,-1.));
#4850=DIRECTION('',(1.,0.,0.));
#4851=DIRECTION('',(0.,0.,-1.));
#4852=DIRECTION('',(0.,-1.,-1.26474444151123E-15));
#4853=DIRECTION('',(0.,2.20310322069699E-16,1.));
#4854=DIRECTION('',(0.,1.,-1.26474444151123E-15));
#4855=DIRECTION('',(1.,0.,0.));
#4856=DIRECTION('',(0.,0.,-1.));
#4857=DIRECTION('',(1.,0.,0.));
#4858=DIRECTION('',(0.,0.,-1.));
#4859=DIRECTION('',(0.,-1.,0.));
#4860=DIRECTION('',(0.,0.,1.));
#4861=DIRECTION('',(0.,0.,1.));
#4862=DIRECTION('',(1.,0.,0.));
#4863=DIRECTION('',(0.,0.,1.));
#4864=DIRECTION('',(1.,0.,0.));
#4865=DIRECTION('',(1.,0.,0.));
#4866=DIRECTION('',(0.,0.,1.));
#4867=DIRECTION('',(1.,0.,0.));
#4868=DIRECTION('',(-1.,0.,0.));
#4869=DIRECTION('',(0.,0.,1.));
#4870=DIRECTION('',(1.,0.,0.));
#4871=DIRECTION('',(1.,0.,0.));
#4872=DIRECTION('',(0.,0.,1.));
#4873=DIRECTION('',(1.,0.,0.));
#4874=DIRECTION('',(-1.,0.,0.));
#4875=DIRECTION('',(0.,0.,1.));
#4876=DIRECTION('',(1.,0.,0.));
#4877=DIRECTION('',(0.,1.,0.));
#4878=DIRECTION('',(0.,0.,1.));
#4879=DIRECTION('',(0.,0.,-1.));
#4880=DIRECTION('',(-1.,0.,0.));
#4881=DIRECTION('',(-1.,0.,0.));
#4882=DIRECTION('',(0.,0.,1.));
#4883=DIRECTION('',(0.,0.,1.));
#4884=DIRECTION('',(-1.,0.,0.));
#4885=DIRECTION('',(-1.,0.,0.));
#4886=DIRECTION('',(0.,0.,-1.));
#4887=DIRECTION('',(0.,0.,-1.));
#4888=DIRECTION('',(-1.,0.,0.));
#4889=DIRECTION('',(0.,0.,-1.));
#4890=DIRECTION('',(0.,-1.,0.));
#4891=DIRECTION('',(0.,0.,-1.));
#4892=DIRECTION('',(0.,0.,-1.));
#4893=DIRECTION('',(0.,0.,-1.));
#4894=DIRECTION('',(-1.,0.,0.));
#4895=DIRECTION('',(-1.,0.,0.));
#4896=DIRECTION('',(0.,0.,1.));
#4897=DIRECTION('',(-1.,0.,0.));
#4898=DIRECTION('',(0.,0.,-1.));
#4899=DIRECTION('',(-1.,0.,0.));
#4900=DIRECTION('',(-1.,0.,0.));
#4901=DIRECTION('',(0.,-1.,0.));
#4902=DIRECTION('',(0.,0.,-1.));
#4903=DIRECTION('',(-1.,0.,0.));
#4904=DIRECTION('',(0.,0.,-1.));
#4905=DIRECTION('',(-1.,0.,0.));
#4906=DIRECTION('',(-1.,0.,0.));
#4907=DIRECTION('',(0.,0.,1.));
#4908=DIRECTION('',(-1.,0.,0.));
#4909=DIRECTION('',(0.,0.,-1.));
#4910=DIRECTION('',(-1.,0.,0.));
#4911=DIRECTION('',(-1.,0.,0.));
#4912=DIRECTION('',(0.,0.,-1.));
#4913=DIRECTION('',(-1.,0.,0.));
#4914=DIRECTION('',(-1.,0.,0.));
#4915=DIRECTION('',(0.,-1.,0.));
#4916=DIRECTION('',(0.,0.,-1.));
#4917=DIRECTION('',(0.,0.,1.));
#4918=DIRECTION('',(1.,0.,0.));
#4919=DIRECTION('',(-1.,0.,0.));
#4920=DIRECTION('',(0.,-1.,0.));
#4921=DIRECTION('',(0.,0.,-1.));
#4922=DIRECTION('',(-1.,0.,0.));
#4923=DIRECTION('',(0.,0.,1.));
#4924=DIRECTION('',(1.,0.,0.));
#4925=DIRECTION('',(-1.,0.,0.));
#4926=DIRECTION('',(-1.,0.,0.));
#4927=DIRECTION('',(0.,0.,1.));
#4928=DIRECTION('',(0.,0.,1.));
#4929=DIRECTION('',(1.,0.,0.));
#4930=DIRECTION('',(-1.,0.,0.));
#4931=DIRECTION('',(0.,-1.,0.));
#4932=DIRECTION('',(0.,0.,-1.));
#4933=DIRECTION('',(-1.,0.,0.));
#4934=DIRECTION('',(0.,0.,1.));
#4935=DIRECTION('',(1.,0.,0.));
#4936=DIRECTION('',(-1.,0.,0.));
#4937=DIRECTION('',(-1.,0.,0.));
#4938=DIRECTION('',(0.,0.,1.));
#4939=DIRECTION('',(-1.,0.,0.));
#4940=DIRECTION('',(0.,0.,1.));
#4941=DIRECTION('',(-1.,0.,0.));
#4942=DIRECTION('',(0.,1.26474444151123E-15,-1.));
#4943=DIRECTION('',(0.,1.,1.26474444151123E-15));
#4944=DIRECTION('',(-1.,0.,0.));
#4945=DIRECTION('',(0.,-1.,2.20310322069699E-16));
#4946=DIRECTION('',(0.,-2.20310322069699E-16,-1.));
#4947=DIRECTION('',(-1.,0.,0.));
#4948=DIRECTION('',(0.,1.26474444151123E-15,1.));
#4949=DIRECTION('',(0.,-1.,1.26474444151123E-15));
#4950=DIRECTION('',(-1.,0.,0.));
#4951=DIRECTION('',(-1.,0.,0.));
#4952=DIRECTION('',(0.,0.,1.));
#4953=DIRECTION('',(-1.,0.,0.));
#4954=DIRECTION('',(0.,0.,1.));
#4955=DIRECTION('',(-1.,0.,0.));
#4956=DIRECTION('',(0.,1.26474444151123E-15,1.));
#4957=DIRECTION('',(0.,-1.,1.26474444151123E-15));
#4958=DIRECTION('',(-1.,0.,0.));
#4959=DIRECTION('',(0.,-1.,2.20310322069699E-16));
#4960=DIRECTION('',(0.,-2.20310322069699E-16,-1.));
#4961=DIRECTION('',(-1.,0.,0.));
#4962=DIRECTION('',(0.,1.26474444151123E-15,-1.));
#4963=DIRECTION('',(0.,1.,1.26474444151123E-15));
#4964=DIRECTION('',(-1.,0.,0.));
#4965=DIRECTION('',(-1.,0.,0.));
#4966=DIRECTION('',(0.,0.,1.));
#4967=DIRECTION('',(0.,0.,1.));
#4968=DIRECTION('',(1.,0.,0.));
#4969=DIRECTION('',(1.,0.,0.));
#4970=DIRECTION('',(0.,0.,-1.));
#4971=DIRECTION('',(0.,0.,-1.));
#4972=DIRECTION('',(0.,1.,0.));
#4973=DIRECTION('',(0.,0.,-1.));
#4974=DIRECTION('',(0.,-1.,0.));
#4975=DIRECTION('',(1.,0.,0.));
#4976=DIRECTION('',(0.,0.,-1.));
#4977=DIRECTION('',(0.,1.,0.));
#4978=DIRECTION('',(0.,0.,1.));
#4979=DIRECTION('',(0.,-1.,0.));
#4980=DIRECTION('',(0.,0.,-1.));
#4981=DIRECTION('',(0.,1.,0.));
#4982=DIRECTION('',(0.,0.,1.));
#4983=DIRECTION('',(1.,0.,0.));
#4984=DIRECTION('',(0.,0.,1.));
#4985=DIRECTION('',(1.,0.,0.));
#4986=DIRECTION('',(0.,0.,-1.));
#4987=DIRECTION('',(-1.,0.,0.));
#4988=DIRECTION('',(1.,0.,0.));
#4989=DIRECTION('',(0.,0.,-1.));
#4990=DIRECTION('',(-1.,0.,0.));
#4991=DIRECTION('',(0.,0.,1.));
#4992=DIRECTION('',(-1.,0.,0.));
#4993=DIRECTION('',(0.,0.,1.));
#4994=DIRECTION('',(1.,0.,0.));
#4995=DIRECTION('',(-1.,0.,0.));
#4996=DIRECTION('',(0.,-1.,0.));
#4997=DIRECTION('',(0.,-1.,0.));
#4998=DIRECTION('',(1.,0.,0.));
#4999=DIRECTION('',(0.,0.,-1.));
#5000=DIRECTION('',(0.,0.,1.));
#5001=DIRECTION('',(0.,-1.,0.));
#5002=DIRECTION('',(0.,-1.,0.));
#5003=DIRECTION('',(0.,-0.819152044288992,0.573576436351046));
#5004=DIRECTION('',(1.,0.,0.));
#5005=DIRECTION('',(0.,0.,-1.));
#5006=DIRECTION('',(0.,0.819152044288992,0.573576436351046));
#5007=DIRECTION('',(0.,1.,0.));
#5008=DIRECTION('',(1.,0.,0.));
#5009=DIRECTION('',(0.,0.,-1.));
#5010=DIRECTION('',(0.,0.,-1.));
#5011=DIRECTION('',(-1.,0.,0.));
#5012=DIRECTION('',(1.,0.,0.));
#5013=DIRECTION('',(0.,-1.,0.));
#5014=DIRECTION('',(-1.,0.,0.));
#5015=DIRECTION('',(0.,0.,1.));
#5016=DIRECTION('',(0.,0.,-1.));
#5017=DIRECTION('',(0.,1.,0.));
#5018=DIRECTION('',(0.,0.819152044288992,0.573576436351046));
#5019=DIRECTION('',(1.,0.,0.));
#5020=DIRECTION('',(0.,0.,-1.));
#5021=DIRECTION('',(0.,-0.819152044288992,0.573576436351046));
#5022=DIRECTION('',(0.,-1.,0.));
#5023=DIRECTION('',(1.,0.,0.));
#5024=DIRECTION('',(0.,0.,-1.));
#5025=DIRECTION('',(0.,1.,0.));
#5026=DIRECTION('',(0.,0.,1.));
#5027=DIRECTION('',(0.,-0.573576436351046,-0.819152044288992));
#5028=DIRECTION('',(0.,0.819152044288992,-0.573576436351046));
#5029=DIRECTION('',(0.,-0.819152044288992,0.573576436351046));
#5030=DIRECTION('',(-1.,0.,0.));
#5031=DIRECTION('',(-1.,0.,0.));
#5032=DIRECTION('',(0.,0.,-1.));
#5033=DIRECTION('',(-1.,0.,0.));
#5034=DIRECTION('',(0.,-1.,0.));
#5035=DIRECTION('',(0.,-1.,0.));
#5036=DIRECTION('',(0.,0.,1.));
#5037=DIRECTION('',(1.,0.,0.));
#5038=DIRECTION('',(0.,1.,0.));
#5039=DIRECTION('',(0.,1.,0.));
#5040=DIRECTION('',(-1.,0.,0.));
#5041=DIRECTION('',(0.,-0.573576436351046,0.819152044288992));
#5042=DIRECTION('',(0.,-0.819152044288992,-0.573576436351046));
#5043=DIRECTION('',(0.,0.819152044288992,0.573576436351046));
#5044=DIRECTION('',(-1.,0.,0.));
#5045=DIRECTION('',(-1.,0.,0.));
#5046=DIRECTION('',(0.,0.,1.));
#5047=DIRECTION('',(1.,0.,0.));
#5048=DIRECTION('',(0.,0.,-1.));
#5049=DIRECTION('',(-1.,0.,0.));
#5050=DIRECTION('',(0.,0.,1.));
#5051=DIRECTION('',(1.,0.,0.));
#5052=DIRECTION('',(0.,0.,-1.));
#5053=DIRECTION('',(1.,0.,0.));
#5054=DIRECTION('',(0.,0.,-1.));
#5055=DIRECTION('',(0.,0.,-1.));
#5056=DIRECTION('',(0.,0.573576436351046,0.819152044288992));
#5057=DIRECTION('',(0.,-0.819152044288992,0.573576436351046));
#5058=DIRECTION('',(0.,-0.819152044288992,0.573576436351046));
#5059=DIRECTION('',(1.,0.,0.));
#5060=DIRECTION('',(1.,0.,0.));
#5061=DIRECTION('',(0.,0.,1.));
#5062=DIRECTION('',(1.,0.,0.));
#5063=DIRECTION('',(0.,-1.,0.));
#5064=DIRECTION('',(0.,-1.,0.));
#5065=DIRECTION('',(0.,0.,-1.));
#5066=DIRECTION('',(-1.,0.,0.));
#5067=DIRECTION('',(1.,0.,0.));
#5068=DIRECTION('',(0.,1.,0.));
#5069=DIRECTION('',(0.,1.,0.));
#5070=DIRECTION('',(0.,0.573576436351046,-0.819152044288992));
#5071=DIRECTION('',(0.,0.819152044288992,0.573576436351046));
#5072=DIRECTION('',(0.,0.819152044288992,0.573576436351046));
#5073=DIRECTION('',(1.,0.,0.));
#5074=DIRECTION('',(1.,0.,0.));
#5075=DIRECTION('',(0.,0.,-1.));
#5076=DIRECTION('',(1.,0.,0.));
#5077=DIRECTION('',(0.,0.,-1.));
#5078=DIRECTION('',(1.,0.,0.));
#5079=DIRECTION('',(0.,0.,-1.));
#5080=DIRECTION('',(1.,0.,0.));
#5081=DIRECTION('',(0.,0.,-1.));
#5082=DIRECTION('',(1.,0.,0.));
#5083=DIRECTION('',(0.,0.,-1.));
#5084=DIRECTION('',(0.,0.,1.));
#5085=DIRECTION('',(-1.,0.,0.));
#5086=DIRECTION('',(0.,0.,1.));
#5087=DIRECTION('',(0.,0.,-1.));
#5088=DIRECTION('',(0.,0.,-1.));
#5089=DIRECTION('',(0.,-1.,0.));
#5090=DIRECTION('',(-1.,0.,0.));
#5091=DIRECTION('',(0.,0.,1.));
#5092=DIRECTION('',(0.,0.,-1.));
#5093=DIRECTION('',(0.,0.,-1.));
#5094=DIRECTION('',(0.,-1.,0.));
#5095=DIRECTION('',(1.,0.,0.));
#5096=DIRECTION('',(0.,0.,-1.));
#5097=DIRECTION('',(0.,0.,1.));
#5098=DIRECTION('',(0.,-1.,0.));
#5099=DIRECTION('',(0.,0.,1.));
#5100=DIRECTION('',(0.,-1.,0.));
#5101=DIRECTION('',(0.,0.,-1.));
#5102=DIRECTION('',(0.,1.,0.));
#5103=DIRECTION('',(1.,0.,0.));
#5104=DIRECTION('',(0.,-1.,0.));
#5105=DIRECTION('',(0.,1.,0.));
#5106=DIRECTION('',(1.,0.,0.));
#5107=DIRECTION('',(1.,0.,0.));
#5108=DIRECTION('',(0.,0.,-1.));
#5109=DIRECTION('',(0.,0.,1.));
#5110=DIRECTION('',(0.,0.,1.));
#5111=DIRECTION('',(0.,-1.,0.));
#5112=DIRECTION('',(0.,0.,-1.));
#5113=DIRECTION('',(0.,1.,0.));
#5114=DIRECTION('',(1.,0.,0.));
#5115=DIRECTION('',(0.,1.,0.));
#5116=DIRECTION('',(1.,0.,0.));
#5117=DIRECTION('',(0.,1.,0.));
#5118=DIRECTION('',(0.,0.,1.));
#5119=DIRECTION('',(0.,1.,0.));
#5120=DIRECTION('',(0.,0.,1.));
#5121=DIRECTION('',(0.,1.,0.));
#5122=DIRECTION('',(0.,0.,1.));
#5123=DIRECTION('',(0.,-1.,0.));
#5124=DIRECTION('',(0.,0.,-1.));
#5125=DIRECTION('',(0.,1.,0.));
#5126=DIRECTION('',(1.,0.,0.));
#5127=DIRECTION('',(0.,1.,0.));
#5128=DIRECTION('',(0.,0.,1.));
#5129=DIRECTION('',(0.,0.,1.));
#5130=DIRECTION('',(1.,0.,0.));
#5131=DIRECTION('',(1.,0.,0.));
#5132=DIRECTION('',(0.,0.,-1.));
#5133=DIRECTION('',(0.,-0.707106781186547,-0.707106781186548));
#5134=DIRECTION('',(0.,0.707106781186549,-0.707106781186546));
#5135=DIRECTION('',(0.,0.,1.));
#5136=DIRECTION('',(0.,-0.707106781186548,-0.707106781186547));
#5137=DIRECTION('',(0.,0.707106781186546,-0.707106781186549));
#5138=DIRECTION('',(0.,0.,1.));
#5139=DIRECTION('',(0.,-1.,0.));
#5140=DIRECTION('',(0.,0.,1.));
#5141=DIRECTION('',(0.,-1.,0.));
#5142=DIRECTION('',(0.,0.,1.));
#5143=DIRECTION('',(-1.,0.,0.));
#5144=DIRECTION('',(0.,0.,1.));
#5145=DIRECTION('',(0.,-0.707106781186547,-0.707106781186548));
#5146=DIRECTION('',(0.,0.,-1.));
#5147=DIRECTION('',(0.,-1.,0.));
#5148=DIRECTION('',(0.,0.,-1.));
#5149=DIRECTION('',(0.,-1.,0.));
#5150=DIRECTION('',(0.,0.,-1.));
#5151=DIRECTION('',(0.,0.707106781186546,-0.707106781186549));
#5152=DIRECTION('',(0.,-0.707106781186548,-0.707106781186547));
#5153=DIRECTION('',(0.,0.,-1.));
#5154=DIRECTION('',(0.,0.707106781186549,-0.707106781186546));
#5155=DIRECTION('',(0.,1.,0.));
#5156=DIRECTION('',(0.,0.,1.));
#5157=DIRECTION('',(-1.,0.,0.));
#5158=DIRECTION('',(0.,1.,0.));
#5159=DIRECTION('',(1.,0.,0.));
#5160=DIRECTION('',(-1.,0.,0.));
#5161=DIRECTION('',(0.707106781186548,0.,0.707106781186547));
#5162=DIRECTION('',(1.,0.,0.));
#5163=DIRECTION('',(0.707106781186548,0.,-0.707106781186548));
#5164=DIRECTION('',(0.,1.,0.));
#5165=DIRECTION('',(0.,0.,1.));
#5166=DIRECTION('',(-1.,0.,0.));
#5167=DIRECTION('',(0.,1.,0.));
#5168=DIRECTION('',(1.,0.,0.));
#5169=DIRECTION('',(-1.,0.,0.));
#5170=DIRECTION('',(-1.,0.,0.));
#5171=DIRECTION('',(0.,1.,0.));
#5172=DIRECTION('',(1.,0.,0.));
#5173=DIRECTION('',(-1.,0.,0.));
#5174=DIRECTION('',(0.,-1.,0.));
#5175=DIRECTION('',(0.,0.,-1.));
#5176=DIRECTION('',(0.,1.,0.));
#5177=DIRECTION('',(1.,0.,0.));
#5178=DIRECTION('',(0.,0.707106781186548,-0.707106781186547));
#5179=DIRECTION('',(0.,-0.707106781186547,-0.707106781186548));
#5180=DIRECTION('',(0.,0.707106781186546,0.707106781186549));
#5181=DIRECTION('',(0.,-0.707106781186549,0.707106781186546));
#5182=DIRECTION('',(0.,0.707106781186546,0.707106781186549));
#5183=DIRECTION('',(0.,-0.707106781186549,0.707106781186546));
#5184=DIRECTION('',(0.,0.707106781186548,-0.707106781186547));
#5185=DIRECTION('',(0.,-0.707106781186547,-0.707106781186548));
#5186=DIRECTION('',(0.,-1.,0.));
#5187=DIRECTION('',(0.,0.,-1.));
#5188=DIRECTION('',(0.,1.,0.));
#5189=DIRECTION('',(1.,0.,0.));
#5190=DIRECTION('',(0.,0.707106781186547,-0.707106781186548));
#5191=DIRECTION('',(0.,-0.707106781186548,-0.707106781186547));
#5192=DIRECTION('',(0.,0.707106781186549,0.707106781186546));
#5193=DIRECTION('',(0.,-0.707106781186546,0.707106781186549));
#5194=DIRECTION('',(0.,1.,0.));
#5195=DIRECTION('',(1.,0.,0.));
#5196=DIRECTION('',(0.,0.707106781186549,0.707106781186546));
#5197=DIRECTION('',(0.,-0.707106781186546,0.707106781186549));
#5198=DIRECTION('',(0.,0.707106781186547,-0.707106781186548));
#5199=DIRECTION('',(0.,-0.707106781186548,-0.707106781186547));
#5200=DIRECTION('',(0.,1.,0.));
#5201=DIRECTION('',(0.,0.,1.));
#5202=DIRECTION('',(1.,0.,0.));
#5203=DIRECTION('',(-1.,0.,0.));
#5204=DIRECTION('',(-0.707106781186548,0.,-0.707106781186547));
#5205=DIRECTION('',(-1.,0.,0.));
#5206=DIRECTION('',(-0.707106781186548,0.,0.707106781186547));
#5207=DIRECTION('',(0.707106781186547,0.,-0.707106781186548));
#5208=DIRECTION('',(-0.707106781186548,0.,-0.707106781186547));
#5209=DIRECTION('',(0.707106781186548,0.,0.707106781186547));
#5210=DIRECTION('',(0.,-1.,0.));
#5211=DIRECTION('',(0.,0.,-1.));
#5212=DIRECTION('',(-1.,0.,0.));
#5213=DIRECTION('',(1.,0.,0.));
#5214=DIRECTION('',(0.,-1.,0.));
#5215=DIRECTION('',(-0.707106781186548,0.,-0.707106781186548));
#5216=DIRECTION('',(-0.707106781186548,0.,0.707106781186548));
#5217=DIRECTION('',(0.707106781186548,0.,-0.707106781186548));
#5218=DIRECTION('',(-0.707106781186547,0.,0.707106781186548));
#5219=DIRECTION('',(0.707106781186548,0.,0.707106781186547));
#5220=DIRECTION('',(-0.707106781186548,0.,-0.707106781186547));
#5221=DIRECTION('',(0.,-1.,0.));
#5222=DIRECTION('',(0.,0.,1.));
#5223=DIRECTION('',(1.,0.,0.));
#5224=DIRECTION('',(-1.,0.,0.));
#5225=DIRECTION('',(0.,-1.,0.));
#5226=DIRECTION('',(0.707106781186547,0.,0.707106781186548));
#5227=DIRECTION('',(0.707106781186548,0.,-0.707106781186547));
#5228=DIRECTION('',(-0.707106781186548,0.,0.707106781186547));
#5229=DIRECTION('',(0.,1.,0.));
#5230=DIRECTION('',(0.,0.,1.));
#5231=DIRECTION('',(0.,0.707106781186549,0.707106781186546));
#5232=DIRECTION('',(0.,-0.707106781186546,0.707106781186549));
#5233=DIRECTION('',(-1.,0.,0.));
#5234=DIRECTION('',(0.,0.707106781186547,-0.707106781186548));
#5235=DIRECTION('',(0.,0.707106781186548,0.707106781186547));
#5236=DIRECTION('',(0.,0.707106781186547,-0.707106781186548));
#5237=DIRECTION('',(0.,0.707106781186548,0.707106781186547));
#5238=DIRECTION('',(-1.,0.,0.));
#5239=DIRECTION('',(0.,0.707106781186549,0.707106781186546));
#5240=DIRECTION('',(0.,-0.707106781186546,0.707106781186549));
#5241=DIRECTION('',(0.,0.707106781186546,0.707106781186549));
#5242=DIRECTION('',(0.,-0.707106781186549,0.707106781186546));
#5243=DIRECTION('',(-1.,0.,0.));
#5244=DIRECTION('',(0.,0.707106781186548,-0.707106781186547));
#5245=DIRECTION('',(0.,0.707106781186547,0.707106781186548));
#5246=DIRECTION('',(0.,0.707106781186546,0.707106781186549));
#5247=DIRECTION('',(0.,-0.707106781186549,0.707106781186546));
#5248=DIRECTION('',(-1.,0.,0.));
#5249=DIRECTION('',(0.,0.707106781186548,-0.707106781186547));
#5250=DIRECTION('',(0.,0.707106781186547,0.707106781186548));
#5251=DIRECTION('',(0.,0.,1.));
#5252=DIRECTION('',(1.,0.,0.));
#5253=DIRECTION('',(0.,1.,1.30360282809293E-16));
#5254=DIRECTION('',(0.,-1.30360282809293E-16,1.));
#5255=DIRECTION('',(0.,1.,1.30360282809293E-16));
#5256=DIRECTION('',(0.,-1.30360282809293E-16,1.));
#5257=DIRECTION('',(-1.,0.,0.));
#5258=DIRECTION('',(0.,1.30360282809293E-16,-1.));
#5259=DIRECTION('',(-1.,0.,0.));
#5260=DIRECTION('',(0.,1.30360282809293E-16,-1.));
#5261=DIRECTION('',(-1.,0.,0.));
#5262=DIRECTION('',(0.,1.30360282809293E-16,-1.));
#5263=DIRECTION('',(-1.,0.,0.));
#5264=DIRECTION('',(0.,1.30360282809293E-16,-1.));
#5265=DIRECTION('',(-1.,0.,0.));
#5266=DIRECTION('',(0.,0.90630778703665,0.422618261740699));
#5267=DIRECTION('',(0.,-0.4226182617407,0.90630778703665));
#5268=DIRECTION('',(0.,0.90630778703665,0.422618261740699));
#5269=DIRECTION('',(0.,-0.4226182617407,0.90630778703665));
#5270=DIRECTION('',(0.,0.4226182617407,-0.90630778703665));
#5271=DIRECTION('',(1.,0.,0.));
#5272=DIRECTION('',(0.,0.4226182617407,-0.90630778703665));
#5273=DIRECTION('',(-1.,0.,0.));
#5274=DIRECTION('',(0.,0.4226182617407,-0.90630778703665));
#5275=DIRECTION('',(1.,0.,0.));
#5276=DIRECTION('',(0.,0.4226182617407,-0.90630778703665));
#5277=DIRECTION('',(1.,0.,0.));
#5278=DIRECTION('',(0.,0.,-1.));
#5279=DIRECTION('',(0.,1.,0.));
#5280=DIRECTION('',(0.,-0.976296007119932,-0.216439613938109));
#5281=DIRECTION('',(1.,0.,0.));
#5282=DIRECTION('',(0.,0.,-1.));
#5283=DIRECTION('',(0.,-0.991318616406583,-0.131481560554091));
#5284=DIRECTION('',(1.,0.,0.));
#5285=DIRECTION('',(0.,0.,-1.));
#5286=DIRECTION('',(0.,0.954006290056008,0.299786588315042));
#5287=DIRECTION('',(1.,0.,0.));
#5288=DIRECTION('',(0.,0.,-1.));
#5289=DIRECTION('',(0.,0.97629600711993,0.216439613938116));
#5290=DIRECTION('',(0.,-0.976296007119933,-0.216439613938103));
#5291=DIRECTION('',(1.,0.,0.));
#5292=DIRECTION('',(0.,0.,-1.));
#5293=DIRECTION('',(1.,0.,0.));
#5294=DIRECTION('',(0.,0.,-1.));
#5295=DIRECTION('',(0.,1.,0.));
#5296=DIRECTION('',(1.,0.,0.));
#5297=DIRECTION('',(0.,0.,-1.));
#5298=DIRECTION('',(0.,-0.976296007119933,-0.216439613938103));
#5299=DIRECTION('',(0.,0.97629600711993,0.216439613938116));
#5300=DIRECTION('',(1.,0.,0.));
#5301=DIRECTION('',(0.,0.,-1.));
#5302=DIRECTION('',(0.,0.954006290056008,0.299786588315042));
#5303=DIRECTION('',(1.,0.,0.));
#5304=DIRECTION('',(0.,0.,-1.));
#5305=DIRECTION('',(0.,-0.991318616406583,-0.131481560554091));
#5306=DIRECTION('',(1.,0.,0.));
#5307=DIRECTION('',(0.,0.,-1.));
#5308=DIRECTION('',(0.,-0.976296007119932,-0.216439613938109));
#5309=DIRECTION('',(0.,0.131481560554091,-0.991318616406582));
#5310=DIRECTION('',(0.,0.991318616406582,0.131481560554091));
#5311=DIRECTION('',(-1.,0.,0.));
#5312=DIRECTION('',(-1.,0.,0.));
#5313=DIRECTION('',(-1.,0.,0.));
#5314=DIRECTION('',(0.,0.,1.));
#5315=DIRECTION('',(-1.,0.,0.));
#5316=DIRECTION('',(0.,0.216439613938109,-0.976296007119932));
#5317=DIRECTION('',(0.,0.976296007119932,0.216439613938109));
#5318=DIRECTION('',(0.,-0.216439613938116,0.97629600711993));
#5319=DIRECTION('',(0.,-0.97629600711993,-0.216439613938116));
#5320=DIRECTION('',(-1.,0.,0.));
#5321=DIRECTION('',(-1.,0.,0.));
#5322=DIRECTION('',(0.,0.,1.));
#5323=DIRECTION('',(-1.,0.,0.));
#5324=DIRECTION('',(0.,-0.299786588315042,0.954006290056008));
#5325=DIRECTION('',(0.,-0.954006290056008,-0.299786588315042));
#5326=DIRECTION('',(-1.,0.,0.));
#5327=DIRECTION('',(-1.,0.,0.));
#5328=DIRECTION('',(0.,0.,1.));
#5329=DIRECTION('',(1.,0.,0.));
#5330=DIRECTION('',(0.,0.,-1.));
#5331=DIRECTION('',(1.,0.,0.));
#5332=DIRECTION('',(0.,0.,-1.));
#5333=DIRECTION('',(0.,0.976296007119933,0.216439613938103));
#5334=DIRECTION('',(1.,0.,0.));
#5335=DIRECTION('',(0.,0.,-1.));
#5336=DIRECTION('',(0.,-1.,0.));
#5337=DIRECTION('',(0.,0.,-1.));
#5338=DIRECTION('',(-1.,0.,0.));
#5339=DIRECTION('',(-1.,0.,0.));
#5340=DIRECTION('',(0.,-0.216439613938103,0.976296007119933));
#5341=DIRECTION('',(0.,-0.976296007119933,-0.216439613938103));
#5342=DIRECTION('',(-1.,0.,0.));
#5343=DIRECTION('',(-1.,0.,0.));
#5344=DIRECTION('',(0.,0.,1.));
#5345=DIRECTION('',(1.,0.,0.));
#5346=DIRECTION('',(0.,0.,-1.));
#5347=DIRECTION('',(1.,0.,0.));
#5348=DIRECTION('',(0.,0.,-1.));
#5349=DIRECTION('',(0.,-1.,0.));
#5350=DIRECTION('',(1.,0.,0.));
#5351=DIRECTION('',(0.,0.,-1.));
#5352=DIRECTION('',(0.,0.976296007119933,0.216439613938103));
#5353=DIRECTION('',(-1.,0.,0.));
#5354=DIRECTION('',(0.,0.,1.));
#5355=DIRECTION('',(-1.,0.,0.));
#5356=DIRECTION('',(-1.,0.,0.));
#5357=DIRECTION('',(0.,0.,-1.));
#5358=DIRECTION('',(-1.,0.,0.));
#5359=DIRECTION('',(0.,-0.216439613938103,0.976296007119933));
#5360=DIRECTION('',(0.,-0.976296007119933,-0.216439613938103));
#5361=DIRECTION('',(1.,0.,0.));
#5362=DIRECTION('',(0.,0.,-1.));
#5363=DIRECTION('',(1.,0.,0.));
#5364=DIRECTION('',(0.,0.,-1.));
#5365=DIRECTION('',(-1.,0.,0.));
#5366=DIRECTION('',(0.,0.,1.));
#5367=DIRECTION('',(-1.,0.,0.));
#5368=DIRECTION('',(0.,0.,1.));
#5369=DIRECTION('',(1.,0.,0.));
#5370=DIRECTION('',(0.,0.,-1.));
#5371=DIRECTION('',(1.,0.,0.));
#5372=DIRECTION('',(0.,0.,-1.));
#5373=DIRECTION('',(0.,-1.,0.));
#5374=DIRECTION('',(0.,0.,-1.));
#5375=DIRECTION('',(0.,1.,0.));
#5376=DIRECTION('',(1.,0.,0.));
#5377=DIRECTION('',(0.,1.,0.));
#5378=DIRECTION('',(0.,0.,1.));
#5379=DIRECTION('',(0.,0.,1.));
#5380=DIRECTION('',(1.,0.,0.));
#5381=DIRECTION('',(1.,0.,0.));
#5382=DIRECTION('',(0.,0.,-1.));
#5383=DIRECTION('',(0.,0.,1.));
#5384=DIRECTION('',(0.,-1.,0.));
#5385=DIRECTION('',(0.,0.,1.));
#5386=DIRECTION('',(0.,-1.,0.));
#5387=DIRECTION('',(0.,-1.,0.));
#5388=DIRECTION('',(0.,0.,-1.));
#5389=DIRECTION('',(0.,1.,0.));
#5390=DIRECTION('',(1.,0.,0.));
#5391=DIRECTION('',(0.,-1.,0.));
#5392=DIRECTION('',(0.,1.,0.));
#5393=DIRECTION('',(1.,0.,0.));
#5394=DIRECTION('',(0.,0.,-1.));
#5395=DIRECTION('',(-1.,0.,0.));
#5396=DIRECTION('',(1.,0.,0.));
#5397=DIRECTION('',(0.,-1.,0.));
#5398=DIRECTION('',(1.,0.,0.));
#5399=DIRECTION('',(0.,-1.,0.));
#5400=DIRECTION('',(0.,0.,-1.));
#5401=DIRECTION('',(0.,1.,0.));
#5402=DIRECTION('',(1.,0.,0.));
#5403=DIRECTION('',(0.,-1.,0.));
#5404=DIRECTION('',(0.,1.,0.));
#5405=DIRECTION('',(1.,0.,0.));
#5406=DIRECTION('',(-1.,0.,0.));
#5407=DIRECTION('',(0.,0.,1.));
#5408=DIRECTION('',(0.,0.,-1.));
#5409=DIRECTION('',(0.,-1.,0.));
#5410=DIRECTION('',(0.,0.,-1.));
#5411=DIRECTION('',(0.,-1.,0.));
#5412=DIRECTION('',(0.,0.,-1.));
#5413=DIRECTION('',(0.,1.,0.));
#5414=DIRECTION('',(1.,0.,0.));
#5415=DIRECTION('',(0.,-1.,0.));
#5416=DIRECTION('',(0.,1.,0.));
#5417=DIRECTION('',(1.,0.,0.));
#5418=DIRECTION('',(0.,0.,1.));
#5419=DIRECTION('',(1.,0.,0.));
#5420=DIRECTION('',(-1.,0.,0.));
#5421=DIRECTION('',(0.,-1.,0.));
#5422=DIRECTION('',(-1.,0.,0.));
#5423=DIRECTION('',(0.,-1.,0.));
#5424=DIRECTION('',(0.,0.,-1.));
#5425=DIRECTION('',(0.,1.,0.));
#5426=DIRECTION('',(1.,0.,0.));
#5427=DIRECTION('',(0.,1.,0.));
#5428=DIRECTION('',(1.,0.,0.));
#5429=DIRECTION('',(0.,1.,0.));
#5430=DIRECTION('',(0.,0.,1.));
#5431=DIRECTION('',(0.,1.,0.));
#5432=DIRECTION('',(0.,0.,1.));
#5433=DIRECTION('',(0.,0.,-1.));
#5434=DIRECTION('',(-1.,0.,0.));
#5435=DIRECTION('',(0.,0.,-1.));
#5436=DIRECTION('',(-1.,0.,0.));
#5437=DIRECTION('',(0.,0.,-1.));
#5438=DIRECTION('',(-1.,0.,0.));
#5439=DIRECTION('',(0.,0.,-1.));
#5440=DIRECTION('',(-1.,0.,0.));
#5441=DIRECTION('',(0.,0.,-1.));
#5442=DIRECTION('',(-1.,0.,0.));
#5443=DIRECTION('',(0.,0.,-1.));
#5444=DIRECTION('',(-1.,0.,0.));
#5445=DIRECTION('',(1.,0.,0.));
#5446=DIRECTION('',(0.,0.,-1.));
#5447=DIRECTION('',(0.,-1.,0.));
#5448=DIRECTION('',(0.,0.,-1.));
#5449=DIRECTION('',(0.,-1.,0.));
#5450=DIRECTION('',(0.,1.,0.));
#5451=DIRECTION('',(0.,0.,1.));
#5452=DIRECTION('',(1.,0.,0.));
#5453=DIRECTION('',(0.,0.,-1.));
#5454=DIRECTION('',(1.,0.,0.));
#5455=DIRECTION('',(1.,0.,0.));
#5456=DIRECTION('',(0.,0.,-1.));
#5457=DIRECTION('',(0.,-1.,0.));
#5458=DIRECTION('',(0.,0.,-1.));
#5459=DIRECTION('',(0.,-1.,0.));
#5460=DIRECTION('',(0.,0.,-1.));
#5461=DIRECTION('',(-1.,0.,0.));
#5462=DIRECTION('',(0.,0.,1.));
#5463=DIRECTION('',(1.,0.,0.));
#5464=DIRECTION('',(0.,0.,-1.));
#5465=DIRECTION('',(0.,0.,1.));
#5466=DIRECTION('',(1.,0.,0.));
#5467=DIRECTION('',(-1.,0.,0.));
#5468=DIRECTION('',(0.,0.,1.));
#5469=DIRECTION('',(0.,1.,0.));
#5470=DIRECTION('',(0.,0.,-1.));
#5471=DIRECTION('',(0.,1.,0.));
#5472=DIRECTION('',(-1.26474444151123E-15,1.,0.));
#5473=DIRECTION('',(-1.,-1.26474444151123E-15,0.));
#5474=DIRECTION('',(1.,1.26474444151123E-15,0.));
#5475=DIRECTION('',(0.,0.,-1.));
#5476=DIRECTION('',(1.,1.26474444151123E-15,0.));
#5477=DIRECTION('',(-1.,0.,0.));
#5478=DIRECTION('',(0.,0.,1.));
#5479=DIRECTION('',(0.,1.,0.));
#5480=DIRECTION('',(0.,1.,0.));
#5481=DIRECTION('',(0.,0.,1.));
#5482=DIRECTION('',(1.,0.,0.));
#5483=DIRECTION('',(0.,0.,1.));
#5484=DIRECTION('',(1.,0.,0.));
#5485=DIRECTION('',(1.,0.,0.));
#5486=DIRECTION('',(0.,0.,-1.));
#5487=DIRECTION('',(0.,-1.,0.));
#5488=DIRECTION('',(0.,0.,-1.));
#5489=DIRECTION('',(0.,-1.,0.));
#5490=DIRECTION('',(0.,1.,0.));
#5491=DIRECTION('',(0.,0.,1.));
#5492=DIRECTION('',(1.,0.,0.));
#5493=DIRECTION('',(0.,0.,-1.));
#5494=DIRECTION('',(1.,0.,0.));
#5495=DIRECTION('',(1.,0.,0.));
#5496=DIRECTION('',(0.,0.,-1.));
#5497=DIRECTION('',(0.,-1.,0.));
#5498=DIRECTION('',(0.,0.,-1.));
#5499=DIRECTION('',(0.,-1.,0.));
#5500=DIRECTION('',(0.,0.,-1.));
#5501=DIRECTION('',(-1.,0.,0.));
#5502=DIRECTION('',(0.,0.,1.));
#5503=DIRECTION('',(1.,0.,0.));
#5504=DIRECTION('',(0.,0.,-1.));
#5505=DIRECTION('',(0.,0.,1.));
#5506=DIRECTION('',(1.,0.,0.));
#5507=DIRECTION('',(-1.,0.,0.));
#5508=DIRECTION('',(0.,0.,1.));
#5509=DIRECTION('',(0.,1.,0.));
#5510=DIRECTION('',(0.,0.,-1.));
#5511=DIRECTION('',(0.,1.,0.));
#5512=DIRECTION('',(-1.26474444151123E-15,1.,0.));
#5513=DIRECTION('',(-1.,-1.26474444151123E-15,0.));
#5514=DIRECTION('',(1.,1.26474444151123E-15,0.));
#5515=DIRECTION('',(0.,0.,-1.));
#5516=DIRECTION('',(1.,1.26474444151123E-15,0.));
#5517=DIRECTION('',(-1.,0.,0.));
#5518=DIRECTION('',(0.,0.,1.));
#5519=DIRECTION('',(0.,1.,0.));
#5520=DIRECTION('',(0.,1.,0.));
#5521=DIRECTION('',(0.,0.,1.));
#5522=DIRECTION('',(1.,0.,0.));
#5523=DIRECTION('',(0.,0.,1.));
#5524=DIRECTION('',(1.,0.,0.));
#5525=DIRECTION('',(1.,0.,0.));
#5526=DIRECTION('',(0.,0.,-1.));
#5527=DIRECTION('',(0.,-1.,0.));
#5528=DIRECTION('',(0.,0.,-1.));
#5529=DIRECTION('',(0.,-1.,0.));
#5530=DIRECTION('',(0.,1.,0.));
#5531=DIRECTION('',(0.,0.,1.));
#5532=DIRECTION('',(1.,0.,0.));
#5533=DIRECTION('',(0.,0.,-1.));
#5534=DIRECTION('',(1.,0.,0.));
#5535=DIRECTION('',(1.,0.,0.));
#5536=DIRECTION('',(0.,0.,-1.));
#5537=DIRECTION('',(0.,-1.,0.));
#5538=DIRECTION('',(0.,0.,-1.));
#5539=DIRECTION('',(0.,-1.,0.));
#5540=DIRECTION('',(0.,0.,-1.));
#5541=DIRECTION('',(-1.,0.,0.));
#5542=DIRECTION('',(0.,0.,1.));
#5543=DIRECTION('',(1.,0.,0.));
#5544=DIRECTION('',(0.,0.,-1.));
#5545=DIRECTION('',(0.,0.,1.));
#5546=DIRECTION('',(1.,0.,0.));
#5547=DIRECTION('',(-1.,0.,0.));
#5548=DIRECTION('',(0.,0.,1.));
#5549=DIRECTION('',(0.,1.,0.));
#5550=DIRECTION('',(0.,0.,-1.));
#5551=DIRECTION('',(0.,1.,0.));
#5552=DIRECTION('',(-1.26474444151123E-15,1.,0.));
#5553=DIRECTION('',(-1.,-1.26474444151123E-15,0.));
#5554=DIRECTION('',(1.,1.26474444151123E-15,0.));
#5555=DIRECTION('',(0.,0.,-1.));
#5556=DIRECTION('',(1.,1.26474444151123E-15,0.));
#5557=DIRECTION('',(-1.,0.,0.));
#5558=DIRECTION('',(0.,0.,1.));
#5559=DIRECTION('',(0.,1.,0.));
#5560=DIRECTION('',(0.,1.,0.));
#5561=DIRECTION('',(0.,0.,1.));
#5562=DIRECTION('',(1.,0.,0.));
#5563=DIRECTION('',(0.,0.,1.));
#5564=DIRECTION('',(1.,0.,0.));
#5565=DIRECTION('',(0.,0.,1.));
#5566=DIRECTION('',(1.,0.,0.));
#5567=CARTESIAN_POINT('',(0.,0.,0.));
#5568=CARTESIAN_POINT('',(-0.12038,-0.369,0.24088));
#5569=CARTESIAN_POINT('',(-0.0395,-0.369,0.1695));
#5570=CARTESIAN_POINT('',(-0.0395,-0.369,0.1695));
#5571=CARTESIAN_POINT('',(-0.0395,-0.369,0.2005));
#5572=CARTESIAN_POINT('',(-0.0395,-0.369,0.2005));
#5573=CARTESIAN_POINT('',(0.0395,-0.369,0.2005));
#5574=CARTESIAN_POINT('',(0.0395,-0.369,0.2005));
#5575=CARTESIAN_POINT('',(0.0395,-0.369,0.1695));
#5576=CARTESIAN_POINT('',(0.0395,-0.369,0.1695));
#5577=CARTESIAN_POINT('',(-0.1255,-0.369,-0.24088));
#5578=CARTESIAN_POINT('',(-0.1255,-0.369,-0.24088));
#5579=CARTESIAN_POINT('',(-0.1255,-0.369,0.24088));
#5580=CARTESIAN_POINT('',(-0.12038,-0.369,-0.24088));
#5581=CARTESIAN_POINT('',(-0.12038,-0.369,-0.246));
#5582=CARTESIAN_POINT('',(0.12038,-0.369,-0.246));
#5583=CARTESIAN_POINT('',(0.12038,-0.369,-0.246));
#5584=CARTESIAN_POINT('',(0.12038,-0.369,-0.24088));
#5585=CARTESIAN_POINT('',(0.1255,-0.369,-0.24088));
#5586=CARTESIAN_POINT('',(0.1255,-0.369,0.24088));
#5587=CARTESIAN_POINT('',(0.1255,-0.369,0.24088));
#5588=CARTESIAN_POINT('',(0.12038,-0.369,0.24088));
#5589=CARTESIAN_POINT('',(0.12038,-0.369,0.246));
#5590=CARTESIAN_POINT('',(-0.12038,-0.369,0.246));
#5591=CARTESIAN_POINT('',(-0.12038,-0.369,0.246));
#5592=CARTESIAN_POINT('',(-0.12038,-0.369,0.24088));
#5593=CARTESIAN_POINT('',(-0.0395,-0.369,-0.2005));
#5594=CARTESIAN_POINT('',(-0.0395,-0.369,-0.2005));
#5595=CARTESIAN_POINT('',(-0.0395,-0.369,-0.1695));
#5596=CARTESIAN_POINT('',(-0.0395,-0.369,-0.1695));
#5597=CARTESIAN_POINT('',(0.0395,-0.369,-0.1695));
#5598=CARTESIAN_POINT('',(0.0395,-0.369,-0.1695));
#5599=CARTESIAN_POINT('',(0.0395,-0.369,-0.2005));
#5600=CARTESIAN_POINT('',(0.0395,-0.369,-0.2005));
#5601=CARTESIAN_POINT('',(-0.0395,-0.369,-0.0155));
#5602=CARTESIAN_POINT('',(-0.0395,-0.369,-0.0155));
#5603=CARTESIAN_POINT('',(-0.0395,-0.369,0.0155));
#5604=CARTESIAN_POINT('',(-0.0395,-0.369,0.0155));
#5605=CARTESIAN_POINT('',(0.0395,-0.369,0.0155));
#5606=CARTESIAN_POINT('',(0.0395,-0.369,0.0155));
#5607=CARTESIAN_POINT('',(0.0395,-0.369,-0.0155));
#5608=CARTESIAN_POINT('',(0.0395,-0.369,-0.0155));
#5609=CARTESIAN_POINT('',(-0.1455,-0.37,0.2025));
#5610=CARTESIAN_POINT('',(-0.1455,-0.01,0.2025));
#5611=CARTESIAN_POINT('',(-0.1455,-0.01,0.2025));
#5612=CARTESIAN_POINT('',(-0.1555,-0.01,0.2025));
#5613=CARTESIAN_POINT('',(-0.1455,-0.37,0.2025));
#5614=CARTESIAN_POINT('',(-0.1455,-0.37,0.2025));
#5615=CARTESIAN_POINT('',(-0.1455,-0.37,0.2025));
#5616=CARTESIAN_POINT('',(-0.1555,-0.37,0.2025));
#5617=CARTESIAN_POINT('',(-0.1555,-0.37,0.2025));
#5618=CARTESIAN_POINT('',(-0.1555,-0.37,0.2025));
#5619=CARTESIAN_POINT('',(-0.1555,-0.01,0.2025));
#5620=CARTESIAN_POINT('',(-0.1555,-0.01,0.25088));
#5621=CARTESIAN_POINT('',(-0.1555,-0.37,0.2025));
#5622=CARTESIAN_POINT('',(-0.1555,-0.37,0.25088));
#5623=CARTESIAN_POINT('',(-0.1555,-0.37,0.25088));
#5624=CARTESIAN_POINT('',(-0.15038,-0.37,0.25088));
#5625=CARTESIAN_POINT('',(-0.15038,-0.01,0.25088));
#5626=CARTESIAN_POINT('',(-0.15038,-0.01,0.256));
#5627=CARTESIAN_POINT('',(-0.15038,-0.37,0.25088));
#5628=CARTESIAN_POINT('',(-0.15038,-0.37,0.256));
#5629=CARTESIAN_POINT('',(-0.15038,-0.37,0.256));
#5630=CARTESIAN_POINT('',(-0.15038,-0.37,0.256));
#5631=CARTESIAN_POINT('',(-0.15038,-0.01,0.256));
#5632=CARTESIAN_POINT('',(0.15038,-0.01,0.256));
#5633=CARTESIAN_POINT('',(-0.15038,-0.37,0.256));
#5634=CARTESIAN_POINT('',(0.15038,-0.37,0.256));
#5635=CARTESIAN_POINT('',(0.15038,-0.37,0.256));
#5636=CARTESIAN_POINT('',(0.15038,-0.37,0.25088));
#5637=CARTESIAN_POINT('',(0.15038,-0.01,0.25088));
#5638=CARTESIAN_POINT('',(0.1555,-0.01,0.25088));
#5639=CARTESIAN_POINT('',(0.15038,-0.37,0.25088));
#5640=CARTESIAN_POINT('',(0.1555,-0.37,0.25088));
#5641=CARTESIAN_POINT('',(0.1555,-0.37,0.25088));
#5642=CARTESIAN_POINT('',(0.1555,-0.37,0.25088));
#5643=CARTESIAN_POINT('',(0.1555,-0.01,0.25088));
#5644=CARTESIAN_POINT('',(0.1555,-0.01,0.2025));
#5645=CARTESIAN_POINT('',(0.1555,-0.37,0.25088));
#5646=CARTESIAN_POINT('',(0.1555,-0.37,0.2025));
#5647=CARTESIAN_POINT('',(0.1555,-0.37,0.2025));
#5648=CARTESIAN_POINT('',(0.1555,-0.37,0.2025));
#5649=CARTESIAN_POINT('',(0.1555,-0.01,0.2025));
#5650=CARTESIAN_POINT('',(0.1455,-0.01,0.2025));
#5651=CARTESIAN_POINT('',(0.1555,-0.37,0.2025));
#5652=CARTESIAN_POINT('',(0.1455,-0.37,0.2025));
#5653=CARTESIAN_POINT('',(0.1455,-0.37,0.2025));
#5654=CARTESIAN_POINT('',(0.1455,-0.37,0.2025));
#5655=CARTESIAN_POINT('',(0.1455,-0.01,0.2025));
#5656=CARTESIAN_POINT('',(0.1455,-0.01,0.115736730192915));
#5657=CARTESIAN_POINT('',(0.1455,-0.37,0.2025));
#5658=CARTESIAN_POINT('',(0.1455,-0.37,0.115736730192915));
#5659=CARTESIAN_POINT('',(0.1455,-0.37,0.115736730192915));
#5660=CARTESIAN_POINT('',(0.1455,-0.37,0.115736730192915));
#5661=CARTESIAN_POINT('',(0.1455,-0.01,0.115736730192915));
#5662=CARTESIAN_POINT('',(0.1305,-0.01,0.113091825482288));
#5663=CARTESIAN_POINT('',(0.1455,-0.37,0.115736730192915));
#5664=CARTESIAN_POINT('',(0.1305,-0.37,0.113091825482288));
#5665=CARTESIAN_POINT('',(0.1305,-0.37,0.113091825482288));
#5666=CARTESIAN_POINT('',(0.1305,-0.37,0.113091825482288));
#5667=CARTESIAN_POINT('',(0.1305,-0.01,0.113091825482288));
#5668=CARTESIAN_POINT('',(0.1305,-0.01,0.0719081745177116));
#5669=CARTESIAN_POINT('',(0.1305,-0.37,0.113091825482288));
#5670=CARTESIAN_POINT('',(0.1305,-0.37,0.0719081745177116));
#5671=CARTESIAN_POINT('',(0.1305,-0.37,0.0719081745177116));
#5672=CARTESIAN_POINT('',(0.1305,-0.37,0.0719081745177116));
#5673=CARTESIAN_POINT('',(0.1305,-0.01,0.0719081745177116));
#5674=CARTESIAN_POINT('',(0.1455,-0.01,0.0692632698070847));
#5675=CARTESIAN_POINT('',(0.1305,-0.37,0.0719081745177116));
#5676=CARTESIAN_POINT('',(0.1455,-0.37,0.0692632698070847));
#5677=CARTESIAN_POINT('',(0.1455,-0.37,0.0692632698070847));
#5678=CARTESIAN_POINT('',(0.1455,-0.37,0.0692632698070847));
#5679=CARTESIAN_POINT('',(0.1455,-0.01,0.0692632698070847));
#5680=CARTESIAN_POINT('',(0.1455,-0.01,-0.0692632698070846));
#5681=CARTESIAN_POINT('',(0.1455,-0.37,0.0692632698070847));
#5682=CARTESIAN_POINT('',(0.1455,-0.37,-0.0692632698070846));
#5683=CARTESIAN_POINT('',(0.1455,-0.37,-0.0692632698070846));
#5684=CARTESIAN_POINT('',(0.1455,-0.37,-0.0692632698070846));
#5685=CARTESIAN_POINT('',(0.1455,-0.01,-0.0692632698070846));
#5686=CARTESIAN_POINT('',(0.1305,-0.01,-0.0719081745177116));
#5687=CARTESIAN_POINT('',(0.1455,-0.37,-0.0692632698070846));
#5688=CARTESIAN_POINT('',(0.1305,-0.37,-0.0719081745177116));
#5689=CARTESIAN_POINT('',(0.1305,-0.37,-0.0719081745177116));
#5690=CARTESIAN_POINT('',(0.1305,-0.37,-0.0719081745177116));
#5691=CARTESIAN_POINT('',(0.1305,-0.01,-0.0719081745177116));
#5692=CARTESIAN_POINT('',(0.1305,-0.01,-0.113091825482288));
#5693=CARTESIAN_POINT('',(0.1305,-0.37,-0.0719081745177116));
#5694=CARTESIAN_POINT('',(0.1305,-0.37,-0.113091825482288));
#5695=CARTESIAN_POINT('',(0.1305,-0.37,-0.113091825482288));
#5696=CARTESIAN_POINT('',(0.1305,-0.37,-0.113091825482288));
#5697=CARTESIAN_POINT('',(0.1305,-0.01,-0.113091825482288));
#5698=CARTESIAN_POINT('',(0.1455,-0.01,-0.115736730192915));
#5699=CARTESIAN_POINT('',(0.1305,-0.37,-0.113091825482288));
#5700=CARTESIAN_POINT('',(0.1455,-0.37,-0.115736730192915));
#5701=CARTESIAN_POINT('',(0.1455,-0.37,-0.115736730192915));
#5702=CARTESIAN_POINT('',(0.1455,-0.37,-0.115736730192915));
#5703=CARTESIAN_POINT('',(0.1455,-0.01,-0.115736730192915));
#5704=CARTESIAN_POINT('',(0.1455,-0.01,-0.2025));
#5705=CARTESIAN_POINT('',(0.1455,-0.37,-0.115736730192915));
#5706=CARTESIAN_POINT('',(0.1455,-0.37,-0.2025));
#5707=CARTESIAN_POINT('',(0.1455,-0.37,-0.2025));
#5708=CARTESIAN_POINT('',(0.1455,-0.37,-0.2025));
#5709=CARTESIAN_POINT('',(0.1455,-0.01,-0.2025));
#5710=CARTESIAN_POINT('',(0.1555,-0.01,-0.2025));
#5711=CARTESIAN_POINT('',(0.1455,-0.37,-0.2025));
#5712=CARTESIAN_POINT('',(0.1555,-0.37,-0.2025));
#5713=CARTESIAN_POINT('',(0.1555,-0.37,-0.2025));
#5714=CARTESIAN_POINT('',(0.1555,-0.37,-0.2025));
#5715=CARTESIAN_POINT('',(0.1555,-0.01,-0.2025));
#5716=CARTESIAN_POINT('',(0.1555,-0.01,-0.25088));
#5717=CARTESIAN_POINT('',(0.1555,-0.37,-0.2025));
#5718=CARTESIAN_POINT('',(0.1555,-0.37,-0.25088));
#5719=CARTESIAN_POINT('',(0.1555,-0.37,-0.25088));
#5720=CARTESIAN_POINT('',(0.15038,-0.37,-0.25088));
#5721=CARTESIAN_POINT('',(0.15038,-0.01,-0.25088));
#5722=CARTESIAN_POINT('',(0.15038,-0.01,-0.256));
#5723=CARTESIAN_POINT('',(0.15038,-0.37,-0.25088));
#5724=CARTESIAN_POINT('',(0.15038,-0.37,-0.256));
#5725=CARTESIAN_POINT('',(0.15038,-0.37,-0.256));
#5726=CARTESIAN_POINT('',(0.15038,-0.37,-0.256));
#5727=CARTESIAN_POINT('',(0.15038,-0.01,-0.256));
#5728=CARTESIAN_POINT('',(-0.15038,-0.01,-0.256));
#5729=CARTESIAN_POINT('',(0.15038,-0.37,-0.256));
#5730=CARTESIAN_POINT('',(-0.15038,-0.37,-0.256));
#5731=CARTESIAN_POINT('',(-0.15038,-0.37,-0.256));
#5732=CARTESIAN_POINT('',(-0.15038,-0.37,-0.25088));
#5733=CARTESIAN_POINT('',(-0.15038,-0.01,-0.25088));
#5734=CARTESIAN_POINT('',(-0.1555,-0.01,-0.25088));
#5735=CARTESIAN_POINT('',(-0.15038,-0.37,-0.25088));
#5736=CARTESIAN_POINT('',(-0.1555,-0.37,-0.25088));
#5737=CARTESIAN_POINT('',(-0.1555,-0.37,-0.25088));
#5738=CARTESIAN_POINT('',(-0.1555,-0.37,-0.25088));
#5739=CARTESIAN_POINT('',(-0.1555,-0.01,-0.25088));
#5740=CARTESIAN_POINT('',(-0.1555,-0.01,-0.2025));
#5741=CARTESIAN_POINT('',(-0.1555,-0.37,-0.25088));
#5742=CARTESIAN_POINT('',(-0.1555,-0.37,-0.2025));
#5743=CARTESIAN_POINT('',(-0.1555,-0.37,-0.2025));
#5744=CARTESIAN_POINT('',(-0.1555,-0.37,-0.2025));
#5745=CARTESIAN_POINT('',(-0.1555,-0.01,-0.2025));
#5746=CARTESIAN_POINT('',(-0.1455,-0.01,-0.2025));
#5747=CARTESIAN_POINT('',(-0.1555,-0.37,-0.2025));
#5748=CARTESIAN_POINT('',(-0.1455,-0.37,-0.2025));
#5749=CARTESIAN_POINT('',(-0.1455,-0.37,-0.2025));
#5750=CARTESIAN_POINT('',(-0.1455,-0.37,-0.2025));
#5751=CARTESIAN_POINT('',(-0.1455,-0.01,-0.2025));
#5752=CARTESIAN_POINT('',(-0.1455,-0.01,-0.115736730192915));
#5753=CARTESIAN_POINT('',(-0.1455,-0.37,-0.2025));
#5754=CARTESIAN_POINT('',(-0.1455,-0.37,-0.115736730192915));
#5755=CARTESIAN_POINT('',(-0.1455,-0.37,-0.115736730192915));
#5756=CARTESIAN_POINT('',(-0.1455,-0.37,-0.115736730192915));
#5757=CARTESIAN_POINT('',(-0.1455,-0.01,-0.115736730192915));
#5758=CARTESIAN_POINT('',(-0.1305,-0.01,-0.113091825482288));
#5759=CARTESIAN_POINT('',(-0.1455,-0.37,-0.115736730192915));
#5760=CARTESIAN_POINT('',(-0.1305,-0.37,-0.113091825482288));
#5761=CARTESIAN_POINT('',(-0.1305,-0.37,-0.113091825482288));
#5762=CARTESIAN_POINT('',(-0.1305,-0.37,-0.113091825482288));
#5763=CARTESIAN_POINT('',(-0.1305,-0.01,-0.113091825482288));
#5764=CARTESIAN_POINT('',(-0.1305,-0.01,-0.0719081745177116));
#5765=CARTESIAN_POINT('',(-0.1305,-0.37,-0.113091825482288));
#5766=CARTESIAN_POINT('',(-0.1305,-0.37,-0.0719081745177116));
#5767=CARTESIAN_POINT('',(-0.1305,-0.37,-0.0719081745177116));
#5768=CARTESIAN_POINT('',(-0.1305,-0.37,-0.0719081745177116));
#5769=CARTESIAN_POINT('',(-0.1305,-0.01,-0.0719081745177116));
#5770=CARTESIAN_POINT('',(-0.1455,-0.01,-0.0692632698070847));
#5771=CARTESIAN_POINT('',(-0.1305,-0.37,-0.0719081745177116));
#5772=CARTESIAN_POINT('',(-0.1455,-0.37,-0.0692632698070847));
#5773=CARTESIAN_POINT('',(-0.1455,-0.37,-0.0692632698070847));
#5774=CARTESIAN_POINT('',(-0.1455,-0.37,-0.0692632698070847));
#5775=CARTESIAN_POINT('',(-0.1455,-0.01,-0.0692632698070847));
#5776=CARTESIAN_POINT('',(-0.1455,-0.01,0.0692632698070846));
#5777=CARTESIAN_POINT('',(-0.1455,-0.37,-0.0692632698070847));
#5778=CARTESIAN_POINT('',(-0.1455,-0.37,0.0692632698070846));
#5779=CARTESIAN_POINT('',(-0.1455,-0.37,0.0692632698070846));
#5780=CARTESIAN_POINT('',(-0.1455,-0.37,0.0692632698070846));
#5781=CARTESIAN_POINT('',(-0.1455,-0.01,0.0692632698070846));
#5782=CARTESIAN_POINT('',(-0.1305,-0.01,0.0719081745177116));
#5783=CARTESIAN_POINT('',(-0.1455,-0.37,0.0692632698070846));
#5784=CARTESIAN_POINT('',(-0.1305,-0.37,0.0719081745177116));
#5785=CARTESIAN_POINT('',(-0.1305,-0.37,0.0719081745177116));
#5786=CARTESIAN_POINT('',(-0.1305,-0.37,0.0719081745177116));
#5787=CARTESIAN_POINT('',(-0.1305,-0.01,0.0719081745177116));
#5788=CARTESIAN_POINT('',(-0.1305,-0.01,0.113091825482288));
#5789=CARTESIAN_POINT('',(-0.1305,-0.37,0.0719081745177116));
#5790=CARTESIAN_POINT('',(-0.1305,-0.37,0.113091825482288));
#5791=CARTESIAN_POINT('',(-0.1305,-0.37,0.113091825482288));
#5792=CARTESIAN_POINT('',(-0.1305,-0.37,0.113091825482288));
#5793=CARTESIAN_POINT('',(-0.1305,-0.01,0.113091825482288));
#5794=CARTESIAN_POINT('',(-0.1455,-0.01,0.115736730192915));
#5795=CARTESIAN_POINT('',(-0.1305,-0.37,0.113091825482288));
#5796=CARTESIAN_POINT('',(-0.1455,-0.37,0.115736730192915));
#5797=CARTESIAN_POINT('',(-0.1455,-0.37,0.115736730192915));
#5798=CARTESIAN_POINT('',(-0.1455,-0.37,0.115736730192915));
#5799=CARTESIAN_POINT('',(-0.1455,-0.01,0.115736730192915));
#5800=CARTESIAN_POINT('',(-0.1455,-0.37,0.115736730192915));
#5801=CARTESIAN_POINT('',(-0.15038,-0.37,0.25088));
#5802=CARTESIAN_POINT('',(-0.12038,-0.37,-0.24088));
#5803=CARTESIAN_POINT('',(-0.12038,-0.37,-0.246));
#5804=CARTESIAN_POINT('',(-0.1255,-0.37,-0.24088));
#5805=CARTESIAN_POINT('',(-0.1255,-0.37,0.25088));
#5806=CARTESIAN_POINT('',(-0.1255,-0.37,0.24088));
#5807=CARTESIAN_POINT('',(-0.12038,-0.37,0.24088));
#5808=CARTESIAN_POINT('',(-0.12038,-0.37,0.246));
#5809=CARTESIAN_POINT('',(-0.15038,-0.37,0.246));
#5810=CARTESIAN_POINT('',(0.12038,-0.37,0.246));
#5811=CARTESIAN_POINT('',(0.12038,-0.37,0.24088));
#5812=CARTESIAN_POINT('',(0.1255,-0.37,0.24088));
#5813=CARTESIAN_POINT('',(0.1255,-0.37,0.25088));
#5814=CARTESIAN_POINT('',(0.1255,-0.37,-0.24088));
#5815=CARTESIAN_POINT('',(0.12038,-0.37,-0.24088));
#5816=CARTESIAN_POINT('',(0.12038,-0.37,-0.246));
#5817=CARTESIAN_POINT('',(-0.15038,-0.37,-0.246));
#5818=CARTESIAN_POINT('',(-0.15038,-0.01,0.25088));
#5819=CARTESIAN_POINT('',(-0.1255,-0.379,-0.24088));
#5820=CARTESIAN_POINT('',(-0.1255,-0.379,-0.24088));
#5821=CARTESIAN_POINT('',(-0.1255,-0.379,0.24088));
#5822=CARTESIAN_POINT('',(-0.12038,-0.379,0.24088));
#5823=CARTESIAN_POINT('',(-0.12038,-0.379,0.246));
#5824=CARTESIAN_POINT('',(-0.12038,-0.379,0.246));
#5825=CARTESIAN_POINT('',(0.12038,-0.379,0.246));
#5826=CARTESIAN_POINT('',(0.12038,-0.379,0.24088));
#5827=CARTESIAN_POINT('',(0.1255,-0.379,0.24088));
#5828=CARTESIAN_POINT('',(0.1255,-0.379,0.24088));
#5829=CARTESIAN_POINT('',(0.1255,-0.379,-0.24088));
#5830=CARTESIAN_POINT('',(0.12038,-0.379,-0.24088));
#5831=CARTESIAN_POINT('',(0.12038,-0.379,-0.246));
#5832=CARTESIAN_POINT('',(0.12038,-0.379,-0.246));
#5833=CARTESIAN_POINT('',(-0.12038,-0.379,-0.246));
#5834=CARTESIAN_POINT('',(-0.12038,-0.379,-0.24088));
#5835=CARTESIAN_POINT('',(-0.0395,-0.359,-0.2005));
#5836=CARTESIAN_POINT('',(-0.0395,-0.359,-0.2005));
#5837=CARTESIAN_POINT('',(-0.0395,-0.359,-0.2005));
#5838=CARTESIAN_POINT('',(-0.0395,-0.359,-0.2005));
#5839=CARTESIAN_POINT('',(-0.0395,-0.359,-0.1695));
#5840=CARTESIAN_POINT('',(-0.0395,-0.359,-0.1695));
#5841=CARTESIAN_POINT('',(-0.0395,-0.359,-0.1695));
#5842=CARTESIAN_POINT('',(-0.0395,-0.359,-0.1695));
#5843=CARTESIAN_POINT('',(0.0395,-0.359,-0.1695));
#5844=CARTESIAN_POINT('',(0.0395,-0.359,-0.1695));
#5845=CARTESIAN_POINT('',(0.0395,-0.359,-0.1695));
#5846=CARTESIAN_POINT('',(0.0395,-0.359,-0.1695));
#5847=CARTESIAN_POINT('',(0.0395,-0.359,-0.2005));
#5848=CARTESIAN_POINT('',(0.0395,-0.359,-0.2005));
#5849=CARTESIAN_POINT('',(0.0395,-0.359,-0.2005));
#5850=CARTESIAN_POINT('',(0.0395,-0.359,-0.2005));
#5851=CARTESIAN_POINT('',(0.,-0.359,0.));
#5852=CARTESIAN_POINT('',(-0.0395,-0.359,0.1695));
#5853=CARTESIAN_POINT('',(-0.0395,-0.359,0.1695));
#5854=CARTESIAN_POINT('',(-0.0395,-0.359,0.1695));
#5855=CARTESIAN_POINT('',(-0.0395,-0.359,0.1695));
#5856=CARTESIAN_POINT('',(-0.0395,-0.359,0.2005));
#5857=CARTESIAN_POINT('',(-0.0395,-0.359,0.2005));
#5858=CARTESIAN_POINT('',(-0.0395,-0.359,0.2005));
#5859=CARTESIAN_POINT('',(-0.0395,-0.359,0.2005));
#5860=CARTESIAN_POINT('',(0.0395,-0.359,0.2005));
#5861=CARTESIAN_POINT('',(0.0395,-0.359,0.2005));
#5862=CARTESIAN_POINT('',(0.0395,-0.359,0.2005));
#5863=CARTESIAN_POINT('',(0.0395,-0.359,0.2005));
#5864=CARTESIAN_POINT('',(0.0395,-0.359,0.1695));
#5865=CARTESIAN_POINT('',(0.0395,-0.359,0.1695));
#5866=CARTESIAN_POINT('',(0.0395,-0.359,0.1695));
#5867=CARTESIAN_POINT('',(0.0395,-0.359,0.1695));
#5868=CARTESIAN_POINT('',(0.,-0.359,0.37));
#5869=CARTESIAN_POINT('',(-0.0395,-0.359,-0.0155));
#5870=CARTESIAN_POINT('',(-0.0395,-0.359,-0.0155));
#5871=CARTESIAN_POINT('',(-0.0395,-0.359,-0.0155));
#5872=CARTESIAN_POINT('',(-0.0395,-0.359,-0.0155));
#5873=CARTESIAN_POINT('',(-0.0395,-0.359,0.0155));
#5874=CARTESIAN_POINT('',(-0.0395,-0.359,0.0155));
#5875=CARTESIAN_POINT('',(-0.0395,-0.359,0.0155));
#5876=CARTESIAN_POINT('',(-0.0395,-0.359,0.0155));
#5877=CARTESIAN_POINT('',(0.0395,-0.359,0.0155));
#5878=CARTESIAN_POINT('',(0.0395,-0.359,0.0155));
#5879=CARTESIAN_POINT('',(0.0395,-0.359,0.0155));
#5880=CARTESIAN_POINT('',(0.0395,-0.359,0.0155));
#5881=CARTESIAN_POINT('',(0.0395,-0.359,-0.0155));
#5882=CARTESIAN_POINT('',(0.0395,-0.359,-0.0155));
#5883=CARTESIAN_POINT('',(0.0395,-0.359,-0.0155));
#5884=CARTESIAN_POINT('',(0.0395,-0.359,-0.0155));
#5885=CARTESIAN_POINT('',(0.,-0.359,0.185));
#5886=CARTESIAN_POINT('',(0.,0.01,0.));
#5887=CARTESIAN_POINT('',(-0.1555,1.73472347597681E-18,0.256));
#5888=CARTESIAN_POINT('',(-0.1555,0.,-0.2005));
#5889=CARTESIAN_POINT('',(-0.1555,0.,-0.2005));
#5890=CARTESIAN_POINT('',(-0.1555,-0.249,-0.2005));
#5891=CARTESIAN_POINT('',(-0.1555,-0.249,-0.2005));
#5892=CARTESIAN_POINT('',(-0.1555,-0.249,-0.1075));
#5893=CARTESIAN_POINT('',(-0.1555,-0.249,-0.1075));
#5894=CARTESIAN_POINT('',(-0.1555,-0.2625,-0.1075));
#5895=CARTESIAN_POINT('',(-0.1555,-0.2625,-0.1025));
#5896=CARTESIAN_POINT('',(-0.1555,-0.2675,-0.1025));
#5897=CARTESIAN_POINT('',(-0.1555,-0.2675,0.256));
#5898=CARTESIAN_POINT('',(-0.1555,-0.2675,-0.0825));
#5899=CARTESIAN_POINT('',(-0.1555,-0.2625,-0.0825));
#5900=CARTESIAN_POINT('',(-0.1555,-0.2625,-0.0775));
#5901=CARTESIAN_POINT('',(-0.1555,-0.2625,-0.0775));
#5902=CARTESIAN_POINT('',(-0.1555,-0.249,-0.0775));
#5903=CARTESIAN_POINT('',(-0.1555,-0.249,-0.0775));
#5904=CARTESIAN_POINT('',(-0.1555,-0.249,0.0775));
#5905=CARTESIAN_POINT('',(-0.1555,-0.249,0.0775));
#5906=CARTESIAN_POINT('',(-0.1555,-0.2625,0.0775));
#5907=CARTESIAN_POINT('',(-0.1555,-0.2625,0.0825));
#5908=CARTESIAN_POINT('',(-0.1555,-0.2675,0.0825));
#5909=CARTESIAN_POINT('',(-0.1555,-0.2675,0.256));
#5910=CARTESIAN_POINT('',(-0.1555,-0.2675,0.1025));
#5911=CARTESIAN_POINT('',(-0.1555,-0.2625,0.1025));
#5912=CARTESIAN_POINT('',(-0.1555,-0.2625,0.1075));
#5913=CARTESIAN_POINT('',(-0.1555,-0.2625,0.1075));
#5914=CARTESIAN_POINT('',(-0.1555,-0.249,0.1075));
#5915=CARTESIAN_POINT('',(-0.1555,-0.249,0.1075));
#5916=CARTESIAN_POINT('',(-0.1555,-0.249,0.2005));
#5917=CARTESIAN_POINT('',(-0.1555,-0.249,0.2005));
#5918=CARTESIAN_POINT('',(-0.1555,0.,0.2005));
#5919=CARTESIAN_POINT('',(-0.1555,1.90369148746125E-19,0.256));
#5920=CARTESIAN_POINT('',(-0.1555,-0.2675,0.256));
#5921=CARTESIAN_POINT('',(0.1555,-0.2675,-0.1025));
#5922=CARTESIAN_POINT('',(-0.1455,-0.2675,-0.1025));
#5923=CARTESIAN_POINT('',(-0.1455,-0.2675,0.256));
#5924=CARTESIAN_POINT('',(-0.1455,-0.2675,-0.0825));
#5925=CARTESIAN_POINT('',(0.1555,-0.2675,-0.0825));
#5926=CARTESIAN_POINT('',(-0.1555,-0.2675,0.256));
#5927=CARTESIAN_POINT('',(0.1555,-0.2675,0.0825));
#5928=CARTESIAN_POINT('',(-0.1455,-0.2675,0.0825));
#5929=CARTESIAN_POINT('',(-0.1455,-0.2675,0.256));
#5930=CARTESIAN_POINT('',(-0.1455,-0.2675,0.1025));
#5931=CARTESIAN_POINT('',(0.1555,-0.2675,0.1025));
#5932=CARTESIAN_POINT('',(-0.1455,-0.2675,0.256));
#5933=CARTESIAN_POINT('',(-0.1455,-0.2675,-0.2005));
#5934=CARTESIAN_POINT('',(-0.1455,-0.01,-0.2005));
#5935=CARTESIAN_POINT('',(-0.1455,-0.249,-0.2005));
#5936=CARTESIAN_POINT('',(-0.1455,-0.01,0.256));
#5937=CARTESIAN_POINT('',(-0.1455,-0.01,0.2005));
#5938=CARTESIAN_POINT('',(-0.1455,-0.2675,0.2005));
#5939=CARTESIAN_POINT('',(-0.1455,-0.249,0.2005));
#5940=CARTESIAN_POINT('',(-0.1455,-0.249,0.256));
#5941=CARTESIAN_POINT('',(-0.1455,-0.249,0.1075));
#5942=CARTESIAN_POINT('',(-0.1455,-0.2675,0.1075));
#5943=CARTESIAN_POINT('',(-0.1455,-0.2625,0.1075));
#5944=CARTESIAN_POINT('',(-0.1455,-0.2625,0.1025));
#5945=CARTESIAN_POINT('',(-0.1455,-0.2625,0.0825));
#5946=CARTESIAN_POINT('',(-0.1455,-0.2625,0.0775));
#5947=CARTESIAN_POINT('',(-0.1455,-0.2675,0.0775));
#5948=CARTESIAN_POINT('',(-0.1455,-0.249,0.0775));
#5949=CARTESIAN_POINT('',(-0.1455,-0.249,0.256));
#5950=CARTESIAN_POINT('',(-0.1455,-0.249,-0.0775));
#5951=CARTESIAN_POINT('',(-0.1455,-0.2675,-0.0775));
#5952=CARTESIAN_POINT('',(-0.1455,-0.2625,-0.0775));
#5953=CARTESIAN_POINT('',(-0.1455,-0.2625,-0.0825));
#5954=CARTESIAN_POINT('',(-0.1455,-0.2625,-0.1025));
#5955=CARTESIAN_POINT('',(-0.1455,-0.2625,-0.1075));
#5956=CARTESIAN_POINT('',(-0.1455,-0.2675,-0.1075));
#5957=CARTESIAN_POINT('',(-0.1455,-0.249,-0.1075));
#5958=CARTESIAN_POINT('',(-0.1455,-0.249,0.256));
#5959=CARTESIAN_POINT('',(-0.1355,-0.01,0.256));
#5960=CARTESIAN_POINT('',(-0.1355,-0.01,-0.2005));
#5961=CARTESIAN_POINT('',(-0.1355,0.,-0.2005));
#5962=CARTESIAN_POINT('',(-0.1355,2.13425624505021E-18,0.256));
#5963=CARTESIAN_POINT('',(-0.1355,0.,0.2005));
#5964=CARTESIAN_POINT('',(-0.1355,-0.01,0.2005));
#5965=CARTESIAN_POINT('',(0.1355,-0.01,0.256));
#5966=CARTESIAN_POINT('',(0.1355,0.,0.256));
#5967=CARTESIAN_POINT('',(0.1355,0.,0.2005));
#5968=CARTESIAN_POINT('',(0.1355,0.,-0.2005));
#5969=CARTESIAN_POINT('',(0.1355,-0.01,-0.2005));
#5970=CARTESIAN_POINT('',(0.1455,-0.01,-0.2005));
#5971=CARTESIAN_POINT('',(0.1455,-0.01,0.256));
#5972=CARTESIAN_POINT('',(0.1455,-0.01,0.2005));
#5973=CARTESIAN_POINT('',(0.1355,-0.01,0.2005));
#5974=CARTESIAN_POINT('',(0.1455,-0.01,0.256));
#5975=CARTESIAN_POINT('',(0.1455,-0.01,-0.2005));
#5976=CARTESIAN_POINT('',(0.1455,-0.249,-0.2005));
#5977=CARTESIAN_POINT('',(0.1455,-0.249,0.256));
#5978=CARTESIAN_POINT('',(0.1455,-0.249,-0.1075));
#5979=CARTESIAN_POINT('',(0.1455,-0.01,-0.1075));
#5980=CARTESIAN_POINT('',(0.1455,-0.2625,-0.1075));
#5981=CARTESIAN_POINT('',(0.1455,-0.2625,-0.1025));
#5982=CARTESIAN_POINT('',(0.1455,-0.2675,-0.1025));
#5983=CARTESIAN_POINT('',(0.1455,-0.2675,0.256));
#5984=CARTESIAN_POINT('',(0.1455,-0.2675,-0.0825));
#5985=CARTESIAN_POINT('',(0.1455,-0.2625,-0.0825));
#5986=CARTESIAN_POINT('',(0.1455,-0.2625,-0.0775));
#5987=CARTESIAN_POINT('',(0.1455,-0.0100000000000004,-0.0775000000000003));
#5988=CARTESIAN_POINT('',(0.1455,-0.249,-0.0775));
#5989=CARTESIAN_POINT('',(0.1455,-0.249,0.256));
#5990=CARTESIAN_POINT('',(0.1455,-0.249,0.0775));
#5991=CARTESIAN_POINT('',(0.1455,-0.00999999999999977,0.0775000000000003));
#5992=CARTESIAN_POINT('',(0.1455,-0.2625,0.0775));
#5993=CARTESIAN_POINT('',(0.1455,-0.2625,0.0825));
#5994=CARTESIAN_POINT('',(0.1455,-0.2675,0.0825));
#5995=CARTESIAN_POINT('',(0.1455,-0.2675,0.256));
#5996=CARTESIAN_POINT('',(0.1455,-0.2675,0.1025));
#5997=CARTESIAN_POINT('',(0.1455,-0.2625,0.1025));
#5998=CARTESIAN_POINT('',(0.1455,-0.2625,0.1075));
#5999=CARTESIAN_POINT('',(0.1455,-0.01,0.1075));
#6000=CARTESIAN_POINT('',(0.1455,-0.249,0.1075));
#6001=CARTESIAN_POINT('',(0.1455,-0.249,0.256));
#6002=CARTESIAN_POINT('',(0.1455,-0.249,0.2005));
#6003=CARTESIAN_POINT('',(0.1455,-0.01,0.2005));
#6004=CARTESIAN_POINT('',(0.1455,-0.2675,0.256));
#6005=CARTESIAN_POINT('',(0.1555,-0.2675,-0.1025));
#6006=CARTESIAN_POINT('',(0.1555,-0.2675,-0.1025));
#6007=CARTESIAN_POINT('',(0.1555,-0.2675,0.256));
#6008=CARTESIAN_POINT('',(0.1555,-0.2675,-0.0825));
#6009=CARTESIAN_POINT('',(0.1555,-0.2675,-0.0825));
#6010=CARTESIAN_POINT('',(0.1455,-0.2675,0.256));
#6011=CARTESIAN_POINT('',(0.1555,-0.2675,0.0825));
#6012=CARTESIAN_POINT('',(0.1555,-0.2675,0.0825));
#6013=CARTESIAN_POINT('',(0.1555,-0.2675,0.256));
#6014=CARTESIAN_POINT('',(0.1555,-0.2675,0.1025));
#6015=CARTESIAN_POINT('',(0.1555,-0.2675,0.1025));
#6016=CARTESIAN_POINT('',(0.1555,-0.2675,0.256));
#6017=CARTESIAN_POINT('',(0.1555,0.,-0.2005));
#6018=CARTESIAN_POINT('',(0.1555,0.,-0.2005));
#6019=CARTESIAN_POINT('',(0.1555,-0.249,-0.2005));
#6020=CARTESIAN_POINT('',(0.1555,0.,0.256));
#6021=CARTESIAN_POINT('',(0.1555,0.,0.2005));
#6022=CARTESIAN_POINT('',(0.1555,-0.249,0.2005));
#6023=CARTESIAN_POINT('',(0.1555,-0.249,0.2005));
#6024=CARTESIAN_POINT('',(0.1555,-0.249,0.1075));
#6025=CARTESIAN_POINT('',(0.1555,-0.249,0.1075));
#6026=CARTESIAN_POINT('',(0.1555,-0.2625,0.1075));
#6027=CARTESIAN_POINT('',(0.1555,-0.2625,0.1075));
#6028=CARTESIAN_POINT('',(0.1555,-0.2625,0.1025));
#6029=CARTESIAN_POINT('',(0.1555,-0.2625,0.0825));
#6030=CARTESIAN_POINT('',(0.1555,-0.2625,0.0775));
#6031=CARTESIAN_POINT('',(0.1555,-0.249,0.0775));
#6032=CARTESIAN_POINT('',(0.1555,-0.249,0.0775));
#6033=CARTESIAN_POINT('',(0.1555,-0.249,-0.0775));
#6034=CARTESIAN_POINT('',(0.1555,-0.249,-0.0775));
#6035=CARTESIAN_POINT('',(0.1555,-0.2625,-0.0775));
#6036=CARTESIAN_POINT('',(0.1555,-0.2625,-0.0775));
#6037=CARTESIAN_POINT('',(0.1555,-0.2625,-0.0825));
#6038=CARTESIAN_POINT('',(0.1555,-0.2625,-0.1025));
#6039=CARTESIAN_POINT('',(0.1555,-0.2625,-0.1075));
#6040=CARTESIAN_POINT('',(0.1555,-0.249,-0.1075));
#6041=CARTESIAN_POINT('',(0.1555,-0.249,-0.1075));
#6042=CARTESIAN_POINT('',(0.1555,-0.249,-0.2005));
#6043=CARTESIAN_POINT('',(-0.1355,-0.01,0.256));
#6044=CARTESIAN_POINT('',(-0.1455,2.56110749406025E-17,0.256));
#6045=CARTESIAN_POINT('',(-0.1455,0.01,0.256));
#6046=CARTESIAN_POINT('',(-0.1555,0.,0.256));
#6047=CARTESIAN_POINT('',(-0.1355,0.,0.256));
#6048=CARTESIAN_POINT('',(0.1555,0.,0.256));
#6049=CARTESIAN_POINT('',(0.1455,2.66782030631276E-17,0.256));
#6050=CARTESIAN_POINT('',(0.1455,0.01,0.256));
#6051=CARTESIAN_POINT('',(0.1455,0.01,0.256));
#6052=CARTESIAN_POINT('',(-0.1355,-0.01,-0.256));
#6053=CARTESIAN_POINT('',(-0.1355,0.,-0.256));
#6054=CARTESIAN_POINT('',(-0.1555,1.90369148746125E-19,-0.256));
#6055=CARTESIAN_POINT('',(0.1555,0.,-0.256));
#6056=CARTESIAN_POINT('',(-0.1455,2.56110749406025E-17,-0.256));
#6057=CARTESIAN_POINT('',(-0.1455,0.01,-0.256));
#6058=CARTESIAN_POINT('',(0.1455,0.01,-0.256));
#6059=CARTESIAN_POINT('',(0.1455,0.01,-0.256));
#6060=CARTESIAN_POINT('',(0.1455,2.66782030631276E-17,-0.256));
#6061=CARTESIAN_POINT('',(-0.1355,0.,0.256));
#6062=CARTESIAN_POINT('',(-0.1555,1.90369148746125E-19,0.256));
#6063=CARTESIAN_POINT('',(0.1555,0.,0.2005));
#6064=CARTESIAN_POINT('',(0.1555,0.,-0.2005));
#6065=CARTESIAN_POINT('',(-0.1555,0.,-0.3072));
#6066=CARTESIAN_POINT('',(0.1555,0.,-0.3072));
#6067=CARTESIAN_POINT('',(0.1555,0.,-0.2005));
#6068=CARTESIAN_POINT('',(0.1555,0.,0.2005));
#6069=CARTESIAN_POINT('',(0.1555,0.,0.256));
#6070=CARTESIAN_POINT('',(0.1455,2.66782030631276E-17,0.256));
#6071=CARTESIAN_POINT('',(0.1455,0.01,0.256));
#6072=CARTESIAN_POINT('',(0.1455,0.01,0.256));
#6073=CARTESIAN_POINT('',(-0.1455,0.01,0.256));
#6074=CARTESIAN_POINT('',(-0.1455,2.56110749406025E-17,0.256));
#6075=CARTESIAN_POINT('',(0.1555,-0.2625,-0.1025));
#6076=CARTESIAN_POINT('',(0.1555,-0.2625,-0.1075));
#6077=CARTESIAN_POINT('',(0.1555,-0.249,-0.1075));
#6078=CARTESIAN_POINT('',(0.1555,-0.249,-0.1075));
#6079=CARTESIAN_POINT('',(0.1555,-0.249,-0.2005));
#6080=CARTESIAN_POINT('',(0.1555,-0.249,-0.2005));
#6081=CARTESIAN_POINT('',(0.1555,0.,-0.2005));
#6082=CARTESIAN_POINT('',(0.1555,-0.2625,-0.1025));
#6083=CARTESIAN_POINT('',(0.1555,-0.2625,-0.1075));
#6084=CARTESIAN_POINT('',(0.1555,-0.249,-0.1075));
#6085=CARTESIAN_POINT('',(0.1555,-0.249,-0.1075));
#6086=CARTESIAN_POINT('',(0.1555,0.,-0.2005));
#6087=CARTESIAN_POINT('',(0.1555,-0.249,-0.2005));
#6088=CARTESIAN_POINT('',(0.1555,-0.249,-0.2005));
#6089=CARTESIAN_POINT('',(0.1555,-0.249,0.2005));
#6090=CARTESIAN_POINT('',(0.1555,-0.249,0.2005));
#6091=CARTESIAN_POINT('',(0.1555,-0.249,0.1075));
#6092=CARTESIAN_POINT('',(0.1555,-0.249,0.1075));
#6093=CARTESIAN_POINT('',(0.1555,-0.2625,0.1075));
#6094=CARTESIAN_POINT('',(0.1555,-0.2625,0.1075));
#6095=CARTESIAN_POINT('',(0.1555,-0.2625,0.1025));
#6096=CARTESIAN_POINT('',(0.1555,-0.249,0.2005));
#6097=CARTESIAN_POINT('',(0.1555,-0.249,0.2005));
#6098=CARTESIAN_POINT('',(0.1555,-0.249,0.1075));
#6099=CARTESIAN_POINT('',(0.1555,-0.249,0.1075));
#6100=CARTESIAN_POINT('',(0.1555,-0.2625,0.1075));
#6101=CARTESIAN_POINT('',(0.1555,-0.2625,0.1075));
#6102=CARTESIAN_POINT('',(0.1555,-0.2625,0.1025));
#6103=CARTESIAN_POINT('',(0.1555,-0.2625,0.0825));
#6104=CARTESIAN_POINT('',(0.1555,-0.2625,0.0775));
#6105=CARTESIAN_POINT('',(0.1555,-0.249,0.0775));
#6106=CARTESIAN_POINT('',(0.1555,-0.249,0.0775));
#6107=CARTESIAN_POINT('',(0.1555,-0.249,-0.0775));
#6108=CARTESIAN_POINT('',(0.1555,-0.249,-0.0775));
#6109=CARTESIAN_POINT('',(0.1555,-0.2625,-0.0775));
#6110=CARTESIAN_POINT('',(0.1555,-0.2625,-0.0775));
#6111=CARTESIAN_POINT('',(0.1555,-0.2625,-0.0825));
#6112=CARTESIAN_POINT('',(0.1555,-0.2625,-0.0825));
#6113=CARTESIAN_POINT('',(0.1555,-0.2625,-0.0775));
#6114=CARTESIAN_POINT('',(0.1555,-0.2625,-0.0775));
#6115=CARTESIAN_POINT('',(0.1555,-0.249,-0.0775));
#6116=CARTESIAN_POINT('',(0.1555,-0.249,-0.0775));
#6117=CARTESIAN_POINT('',(0.1555,-0.249,0.0775));
#6118=CARTESIAN_POINT('',(0.1555,-0.249,0.0775));
#6119=CARTESIAN_POINT('',(0.1555,-0.2625,0.0775));
#6120=CARTESIAN_POINT('',(0.1555,-0.2625,0.0825));
#6121=CARTESIAN_POINT('',(0.,0.,0.));
#6122=CARTESIAN_POINT('',(0.136,0.243433272734821,2.98795874307029E-17));
#6123=CARTESIAN_POINT('',(0.136,0.046,0.135528594768779));
#6124=CARTESIAN_POINT('',(0.136,0.046,0.096));
#6125=CARTESIAN_POINT('',(0.136,0.046,-0.096));
#6126=CARTESIAN_POINT('',(0.136,0.01,-0.096));
#6127=CARTESIAN_POINT('',(0.136,0.022,-0.096));
#6128=CARTESIAN_POINT('',(0.136,0.022,0.));
#6129=CARTESIAN_POINT('',(0.136,0.022,0.096));
#6130=CARTESIAN_POINT('',(0.136,0.1412,0.096));
#6131=CARTESIAN_POINT('',(-0.136,0.243433272734821,2.98795874307029E-17));
#6132=CARTESIAN_POINT('',(-0.136,0.01,-0.096));
#6133=CARTESIAN_POINT('',(-0.136,0.022,-0.096));
#6134=CARTESIAN_POINT('',(-0.136,0.046,-0.096));
#6135=CARTESIAN_POINT('',(-0.136,0.046,2.98795874307029E-17));
#6136=CARTESIAN_POINT('',(-0.136,0.046,0.096));
#6137=CARTESIAN_POINT('',(-0.136,0.1412,0.096));
#6138=CARTESIAN_POINT('',(-0.136,0.022,0.096));
#6139=CARTESIAN_POINT('',(-0.136,0.022,0.));
#6140=CARTESIAN_POINT('',(0.,0.022,0.));
#6141=CARTESIAN_POINT('',(0.,0.022,0.096));
#6142=CARTESIAN_POINT('',(-0.146,0.022,0.096));
#6143=CARTESIAN_POINT('',(-0.146,0.022,-0.2048));
#6144=CARTESIAN_POINT('',(-0.146,0.022,0.2048));
#6145=CARTESIAN_POINT('',(-0.146,0.022,0.2048));
#6146=CARTESIAN_POINT('',(0.146,0.022,0.2048));
#6147=CARTESIAN_POINT('',(0.146,0.022,0.2048));
#6148=CARTESIAN_POINT('',(0.146,0.022,0.096));
#6149=CARTESIAN_POINT('',(0.,0.022,0.096));
#6150=CARTESIAN_POINT('',(0.,0.022,-0.096));
#6151=CARTESIAN_POINT('',(0.146,0.022,-0.096));
#6152=CARTESIAN_POINT('',(0.146,0.022,0.2048));
#6153=CARTESIAN_POINT('',(0.146,0.022,-0.2048));
#6154=CARTESIAN_POINT('',(0.146,0.022,-0.2048));
#6155=CARTESIAN_POINT('',(-0.146,0.022,-0.2048));
#6156=CARTESIAN_POINT('',(-0.146,0.022,-0.2048));
#6157=CARTESIAN_POINT('',(-0.146,0.022,-0.096));
#6158=CARTESIAN_POINT('',(0.,0.022,-0.096));
#6159=CARTESIAN_POINT('',(0.146,0.022,-0.2048));
#6160=CARTESIAN_POINT('',(0.146,0.01,-0.2048));
#6161=CARTESIAN_POINT('',(0.146,0.01,-0.2048));
#6162=CARTESIAN_POINT('',(-0.146,0.01,-0.2048));
#6163=CARTESIAN_POINT('',(-0.146,0.022,-0.2048));
#6164=CARTESIAN_POINT('',(0.146,0.022,-0.2048));
#6165=CARTESIAN_POINT('',(-0.146,0.022,-0.2048));
#6166=CARTESIAN_POINT('',(-0.146,0.01,-0.2048));
#6167=CARTESIAN_POINT('',(-0.146,0.01,0.2048));
#6168=CARTESIAN_POINT('',(-0.146,0.022,0.2048));
#6169=CARTESIAN_POINT('',(-0.146,0.1412,0.096));
#6170=CARTESIAN_POINT('',(-0.146,0.1412,0.096));
#6171=CARTESIAN_POINT('',(-0.146,0.254904801461842,0.0163830408857799));
#6172=CARTESIAN_POINT('',(-0.146,0.254904801461842,0.0163830408857799));
#6173=CARTESIAN_POINT('',(-0.146,0.243433272734821,2.98795874307029E-17));
#6174=CARTESIAN_POINT('',(-0.146,0.254904801461842,-0.0163830408857799));
#6175=CARTESIAN_POINT('',(-0.146,0.1412,-0.096));
#6176=CARTESIAN_POINT('',(-0.146,0.1412,-0.096));
#6177=CARTESIAN_POINT('',(-0.146,0.01,-0.096));
#6178=CARTESIAN_POINT('',(-0.146,0.184,0.));
#6179=CARTESIAN_POINT('',(-0.146,0.184,-0.04));
#6180=CARTESIAN_POINT('',(-0.146,0.022,0.2048));
#6181=CARTESIAN_POINT('',(-0.146,0.01,0.2048));
#6182=CARTESIAN_POINT('',(0.146,0.01,0.2048));
#6183=CARTESIAN_POINT('',(0.146,0.022,0.2048));
#6184=CARTESIAN_POINT('',(0.146,0.022,0.2048));
#6185=CARTESIAN_POINT('',(0.146,0.01,0.2048));
#6186=CARTESIAN_POINT('',(0.146,0.01,-0.096));
#6187=CARTESIAN_POINT('',(0.146,0.1412,-0.096));
#6188=CARTESIAN_POINT('',(0.146,0.1412,-0.096));
#6189=CARTESIAN_POINT('',(0.146,0.254904801461842,-0.0163830408857799));
#6190=CARTESIAN_POINT('',(0.146,0.243433272734821,2.98795874307029E-17));
#6191=CARTESIAN_POINT('',(0.146,0.254904801461842,0.0163830408857799));
#6192=CARTESIAN_POINT('',(0.146,0.254904801461842,0.0163830408857799));
#6193=CARTESIAN_POINT('',(0.146,0.1412,0.096));
#6194=CARTESIAN_POINT('',(0.146,0.1412,0.096));
#6195=CARTESIAN_POINT('',(0.146,0.184,0.));
#6196=CARTESIAN_POINT('',(0.146,0.184,-0.04));
#6197=CARTESIAN_POINT('',(0.,0.01,0.));
#6198=CARTESIAN_POINT('',(0.146,0.254904801461842,0.0163830408857799));
#6199=CARTESIAN_POINT('',(0.136,0.254904801461842,0.0163830408857799));
#6200=CARTESIAN_POINT('',(0.136,0.254904801461842,0.0163830408857799));
#6201=CARTESIAN_POINT('',(0.136,0.1412,0.096));
#6202=CARTESIAN_POINT('',(0.146,0.1412,0.096));
#6203=CARTESIAN_POINT('',(0.146,0.254904801461842,0.0163830408857799));
#6204=CARTESIAN_POINT('',(0.146,0.1412,0.096));
#6205=CARTESIAN_POINT('',(0.136,0.1412,0.096));
#6206=CARTESIAN_POINT('',(0.136,0.096,0.096));
#6207=CARTESIAN_POINT('',(0.136,0.1412,0.096));
#6208=CARTESIAN_POINT('',(0.146,0.01,-0.096));
#6209=CARTESIAN_POINT('',(0.136,0.01,-0.096));
#6210=CARTESIAN_POINT('',(0.136,0.096,-0.096));
#6211=CARTESIAN_POINT('',(0.136,0.01,-0.096));
#6212=CARTESIAN_POINT('',(0.136,0.1412,-0.096));
#6213=CARTESIAN_POINT('',(0.146,0.1412,-0.096));
#6214=CARTESIAN_POINT('',(0.146,0.1412,-0.096));
#6215=CARTESIAN_POINT('',(0.136,0.1412,-0.096));
#6216=CARTESIAN_POINT('',(0.136,0.254904801461842,-0.0163830408857799));
#6217=CARTESIAN_POINT('',(0.146,0.254904801461842,-0.0163830408857799));
#6218=CARTESIAN_POINT('',(0.146,0.184,0.));
#6219=CARTESIAN_POINT('',(0.136,0.184,0.));
#6220=CARTESIAN_POINT('',(0.136,0.184,-0.04));
#6221=CARTESIAN_POINT('',(0.146,0.243433272734821,2.98795874307029E-17));
#6222=CARTESIAN_POINT('',(0.136,0.243433272734821,2.98795874307029E-17));
#6223=CARTESIAN_POINT('',(0.136,0.243433272734821,2.98795874307029E-17));
#6224=CARTESIAN_POINT('',(0.136,0.096,0.135528594768779));
#6225=CARTESIAN_POINT('',(-0.146,0.254904801461842,0.0163830408857799));
#6226=CARTESIAN_POINT('',(-0.136,0.254904801461842,0.0163830408857799));
#6227=CARTESIAN_POINT('',(-0.136,0.254904801461842,0.0163830408857799));
#6228=CARTESIAN_POINT('',(-0.136,0.1412,0.096));
#6229=CARTESIAN_POINT('',(-0.146,0.254904801461842,0.0163830408857799));
#6230=CARTESIAN_POINT('',(-0.146,0.1412,0.096));
#6231=CARTESIAN_POINT('',(-0.146,0.1412,0.096));
#6232=CARTESIAN_POINT('',(-0.136,0.1412,0.096));
#6233=CARTESIAN_POINT('',(-0.136,0.096,0.0959999999999999));
#6234=CARTESIAN_POINT('',(-0.136,0.1412,0.096));
#6235=CARTESIAN_POINT('',(-0.146,0.01,-0.096));
#6236=CARTESIAN_POINT('',(-0.146,0.1412,-0.096));
#6237=CARTESIAN_POINT('',(-0.136,0.1412,-0.096));
#6238=CARTESIAN_POINT('',(-0.136,0.01,-0.096));
#6239=CARTESIAN_POINT('',(-0.136,0.096,-0.096));
#6240=CARTESIAN_POINT('',(-0.136,0.01,-0.096));
#6241=CARTESIAN_POINT('',(-0.146,0.1412,-0.096));
#6242=CARTESIAN_POINT('',(-0.136,0.1412,-0.096));
#6243=CARTESIAN_POINT('',(-0.136,0.254904801461842,-0.0163830408857799));
#6244=CARTESIAN_POINT('',(-0.146,0.254904801461842,-0.0163830408857799));
#6245=CARTESIAN_POINT('',(-0.146,0.184,0.));
#6246=CARTESIAN_POINT('',(-0.136,0.184,0.));
#6247=CARTESIAN_POINT('',(-0.136,0.184,-0.04));
#6248=CARTESIAN_POINT('',(-0.146,0.243433272734821,2.98795874307029E-17));
#6249=CARTESIAN_POINT('',(-0.136,0.243433272734821,2.98795874307029E-17));
#6250=CARTESIAN_POINT('',(-0.136,0.243433272734821,2.98795874307029E-17));
#6251=CARTESIAN_POINT('',(-0.136,0.096,2.98795874307029E-17));
#6252=CARTESIAN_POINT('',(0.136,0.096,0.135528594768779));
#6253=CARTESIAN_POINT('',(0.136,0.046,0.135528594768779));
#6254=CARTESIAN_POINT('',(0.136,0.046,0.135528594768779));
#6255=CARTESIAN_POINT('',(0.136,0.096,0.135528594768779));
#6256=CARTESIAN_POINT('',(0.136,0.096,0.135528594768779));
#6257=CARTESIAN_POINT('',(0.136,0.096,0.135528594768779));
#6258=CARTESIAN_POINT('',(0.136,0.096,0.135528594768779));
#6259=CARTESIAN_POINT('',(0.136,0.096,0.135528594768779));
#6260=CARTESIAN_POINT('',(0.136,0.096,-0.135528594768779));
#6261=CARTESIAN_POINT('',(0.136,0.046,0.135528594768779));
#6262=CARTESIAN_POINT('',(0.136,0.046,-0.135528594768779));
#6263=CARTESIAN_POINT('',(0.136,0.096,-0.135528594768779));
#6264=CARTESIAN_POINT('',(-0.136,0.096,-0.135528594768779));
#6265=CARTESIAN_POINT('',(-0.136,0.046,-0.135528594768779));
#6266=CARTESIAN_POINT('',(-0.136,0.046,0.135528594768779));
#6267=CARTESIAN_POINT('',(-0.136,0.096,0.135528594768779));
#6268=CARTESIAN_POINT('',(-0.136,0.096,0.135528594768779));
#6269=CARTESIAN_POINT('',(-0.136,0.096,-0.135528594768779));
#6270=CARTESIAN_POINT('',(-8.53702498020082E-18,0.096,1.70740499604016E-16));
#6271=CARTESIAN_POINT('',(-8.53702498020082E-18,0.046,1.70740499604016E-16));
#6272=CARTESIAN_POINT('',(-0.136,0.046,-0.135528594768779));
#6273=CARTESIAN_POINT('',(-0.136,0.096,-0.135528594768779));
#6274=CARTESIAN_POINT('',(-0.136,0.096,-0.135528594768779));
#6275=CARTESIAN_POINT('',(-8.53702498020082E-18,0.096,1.70740499604016E-16));
#6276=CARTESIAN_POINT('',(-0.136,0.096,-0.135528594768779));
#6277=CARTESIAN_POINT('',(-0.136,0.096,-0.135528594768779));
#6278=CARTESIAN_POINT('',(-0.136,0.046,-0.135528594768779));
#6279=CARTESIAN_POINT('',(-8.53702498020082E-18,0.096,-1.36592399683213E-16));
#6280=CARTESIAN_POINT('',(-8.53702498020082E-18,0.046,-1.36592399683213E-16));
#6281=CARTESIAN_POINT('',(-8.53702498020082E-18,0.096,-1.36592399683213E-16));
#6282=CARTESIAN_POINT('',(-8.53702498020082E-18,0.096,1.70740499604016E-16));
#6283=CARTESIAN_POINT('',(0.,0.096,0.));
#6284=CARTESIAN_POINT('',(0.,0.096,0.1));
#6285=CARTESIAN_POINT('',(-8.53702498020082E-18,0.046,1.70740499604016E-16));
#6286=CARTESIAN_POINT('',(0.,0.221,0.));
#6287=CARTESIAN_POINT('',(0.,0.221,0.));
#6288=CARTESIAN_POINT('',(0.1,0.221,0.));
#6289=CARTESIAN_POINT('',(0.,0.221,0.));
#6290=CARTESIAN_POINT('',(0.,0.,0.));
#6291=CARTESIAN_POINT('',(-0.136,0.024,-0.5006));
#6292=CARTESIAN_POINT('',(-0.136,0.0239999999999996,0.4805));
#6293=CARTESIAN_POINT('',(-0.136,0.0239999999999996,0.4805));
#6294=CARTESIAN_POINT('',(-0.136,0.0119999999999996,0.4685));
#6295=CARTESIAN_POINT('',(-0.136,0.0119999999999996,0.4685));
#6296=CARTESIAN_POINT('',(-0.136,0.0239999999999996,0.4565));
#6297=CARTESIAN_POINT('',(-0.136,0.024,-0.5006));
#6298=CARTESIAN_POINT('',(-0.136,0.024,-0.4565));
#6299=CARTESIAN_POINT('',(-0.136,0.024,-0.4565));
#6300=CARTESIAN_POINT('',(-0.136,0.012,-0.4685));
#6301=CARTESIAN_POINT('',(-0.136,0.012,-0.4685));
#6302=CARTESIAN_POINT('',(-0.136,0.024,-0.4805));
#6303=CARTESIAN_POINT('',(-0.136,0.024,-0.5006));
#6304=CARTESIAN_POINT('',(-0.136,0.024,-0.5006));
#6305=CARTESIAN_POINT('',(-0.136,0.024,-0.5006));
#6306=CARTESIAN_POINT('',(-0.136,0.,-0.5006));
#6307=CARTESIAN_POINT('',(-0.136,0.,-0.5006));
#6308=CARTESIAN_POINT('',(-0.136,0.,0.5006));
#6309=CARTESIAN_POINT('',(-0.136,0.024,0.5006));
#6310=CARTESIAN_POINT('',(-0.136,0.024,0.5006));
#6311=CARTESIAN_POINT('',(-0.136,0.024,-0.5006));
#6312=CARTESIAN_POINT('',(0.136,0.024,0.5006));
#6313=CARTESIAN_POINT('',(0.136,0.0239999999999996,0.4805));
#6314=CARTESIAN_POINT('',(0.136,0.0239999999999996,0.4805));
#6315=CARTESIAN_POINT('',(0.136,0.0119999999999996,0.4685));
#6316=CARTESIAN_POINT('',(0.136,0.024,0.5006));
#6317=CARTESIAN_POINT('',(0.136,0.024,0.5006));
#6318=CARTESIAN_POINT('',(0.136,0.024,0.5006));
#6319=CARTESIAN_POINT('',(0.136,0.,0.5006));
#6320=CARTESIAN_POINT('',(0.136,0.,0.5006));
#6321=CARTESIAN_POINT('',(0.136,0.,-0.5006));
#6322=CARTESIAN_POINT('',(0.136,0.024,-0.5006));
#6323=CARTESIAN_POINT('',(0.136,0.024,-0.5006));
#6324=CARTESIAN_POINT('',(0.136,0.024,0.5006));
#6325=CARTESIAN_POINT('',(0.136,0.024,-0.4805));
#6326=CARTESIAN_POINT('',(0.136,0.012,-0.4685));
#6327=CARTESIAN_POINT('',(0.136,0.012,-0.4685));
#6328=CARTESIAN_POINT('',(0.136,0.024,-0.4565));
#6329=CARTESIAN_POINT('',(0.136,0.024,-0.4565));
#6330=CARTESIAN_POINT('',(0.136,0.024,0.5006));
#6331=CARTESIAN_POINT('',(0.136,0.0239999999999996,0.4565));
#6332=CARTESIAN_POINT('',(0.136,0.0119999999999996,0.4685));
#6333=CARTESIAN_POINT('',(0.,0.024,0.));
#6334=CARTESIAN_POINT('',(0.136,0.0239999999999996,0.4805));
#6335=CARTESIAN_POINT('',(0.045442271070007,0.0239999999999996,0.4805));
#6336=CARTESIAN_POINT('',(0.,0.024,0.4685));
#6337=CARTESIAN_POINT('',(-0.045442271070007,0.0239999999999996,0.4805));
#6338=CARTESIAN_POINT('',(0.136,0.0239999999999996,0.4805));
#6339=CARTESIAN_POINT('',(-0.136,0.024,0.5006));
#6340=CARTESIAN_POINT('',(-0.0561,0.024,0.5805));
#6341=CARTESIAN_POINT('',(-0.0561,0.024,0.5805));
#6342=CARTESIAN_POINT('',(0.0561000000000001,0.024,0.5805));
#6343=CARTESIAN_POINT('',(0.0561000000000001,0.024,0.5805));
#6344=CARTESIAN_POINT('',(0.,0.024,0.));
#6345=CARTESIAN_POINT('',(0.136,0.0239999999999996,0.4565));
#6346=CARTESIAN_POINT('',(-0.045442271070007,0.0239999999999996,0.4565));
#6347=CARTESIAN_POINT('',(0.,0.024,0.4685));
#6348=CARTESIAN_POINT('',(0.045442271070007,0.024,0.4565));
#6349=CARTESIAN_POINT('',(0.136,0.0239999999999996,0.4565));
#6350=CARTESIAN_POINT('',(0.136,0.024,-0.4565));
#6351=CARTESIAN_POINT('',(0.045442271070007,0.024,-0.4565));
#6352=CARTESIAN_POINT('',(0.,0.024,-0.4685));
#6353=CARTESIAN_POINT('',(-0.045442271070007,0.024,-0.4565));
#6354=CARTESIAN_POINT('',(0.,0.024,-0.4565));
#6355=CARTESIAN_POINT('',(0.,0.024,0.4685));
#6356=CARTESIAN_POINT('',(0.,0.,0.4685));
#6357=CARTESIAN_POINT('',(0.047,0.,0.4685));
#6358=CARTESIAN_POINT('',(0.,0.0119999999999996,0.4685));
#6359=CARTESIAN_POINT('',(0.047,0.0119999999999996,0.4685));
#6360=CARTESIAN_POINT('',(0.,0.0119999999999996,0.4685));
#6361=CARTESIAN_POINT('',(0.,0.0119999999999996,0.4685));
#6362=CARTESIAN_POINT('',(-0.047,0.0119999999999996,0.4685));
#6363=CARTESIAN_POINT('',(0.,0.0119999999999996,0.4685));
#6364=CARTESIAN_POINT('',(0.,0.024,-0.4685));
#6365=CARTESIAN_POINT('',(0.,0.,-0.4685));
#6366=CARTESIAN_POINT('',(0.047,0.,-0.4685));
#6367=CARTESIAN_POINT('',(0.,0.012,-0.4685));
#6368=CARTESIAN_POINT('',(0.047,0.012,-0.4685));
#6369=CARTESIAN_POINT('',(0.,0.012,-0.4685));
#6370=CARTESIAN_POINT('',(0.045442271070007,0.024,-0.4805));
#6371=CARTESIAN_POINT('',(0.,0.024,-0.4685));
#6372=CARTESIAN_POINT('',(-0.045442271070007,0.024,-0.4805));
#6373=CARTESIAN_POINT('',(0.,0.012,-0.4685));
#6374=CARTESIAN_POINT('',(-0.047,0.012,-0.4685));
#6375=CARTESIAN_POINT('',(0.,0.012,-0.4685));
#6376=CARTESIAN_POINT('',(0.,0.024,0.));
#6377=CARTESIAN_POINT('',(0.,0.024,-0.4805));
#6378=CARTESIAN_POINT('',(0.136,0.024,-0.4805));
#6379=CARTESIAN_POINT('',(0.136,0.024,-0.5006));
#6380=CARTESIAN_POINT('',(0.0561,0.024,-0.5805));
#6381=CARTESIAN_POINT('',(0.0561,0.024,-0.5805));
#6382=CARTESIAN_POINT('',(-0.0561,0.024,-0.5805));
#6383=CARTESIAN_POINT('',(-0.0561,0.024,-0.5805));
#6384=CARTESIAN_POINT('',(-0.136,0.024,0.5006));
#6385=CARTESIAN_POINT('',(-0.136,0.,0.5006));
#6386=CARTESIAN_POINT('',(-0.0561,0.,0.5805));
#6387=CARTESIAN_POINT('',(-0.0561,0.024,0.5805));
#6388=CARTESIAN_POINT('',(-0.0561,0.024,0.5805));
#6389=CARTESIAN_POINT('',(-0.0561,0.,0.5805));
#6390=CARTESIAN_POINT('',(0.0561000000000001,0.,0.5805));
#6391=CARTESIAN_POINT('',(0.0561000000000001,0.024,0.5805));
#6392=CARTESIAN_POINT('',(0.0561000000000001,0.024,0.5805));
#6393=CARTESIAN_POINT('',(0.0561000000000001,0.,0.5805));
#6394=CARTESIAN_POINT('',(0.136,0.024,-0.5006));
#6395=CARTESIAN_POINT('',(0.136,0.,-0.5006));
#6396=CARTESIAN_POINT('',(0.0561,0.,-0.5805));
#6397=CARTESIAN_POINT('',(0.0561,0.024,-0.5805));
#6398=CARTESIAN_POINT('',(0.0561,0.024,-0.5805));
#6399=CARTESIAN_POINT('',(0.0561,0.,-0.5805));
#6400=CARTESIAN_POINT('',(-0.0561,0.,-0.5805));
#6401=CARTESIAN_POINT('',(-0.0561,0.024,-0.5805));
#6402=CARTESIAN_POINT('',(-0.0561,0.024,-0.5805));
#6403=CARTESIAN_POINT('',(-0.0561,0.,-0.5805));
#6404=CARTESIAN_POINT('',(0.,0.,0.));
#6405=CARTESIAN_POINT('',(0.136,0.012,-0.4685));
#6406=CARTESIAN_POINT('',(0.136,0.012,-0.4685));
#6407=CARTESIAN_POINT('',(0.136,0.024,-0.4565));
#6408=CARTESIAN_POINT('',(0.136,0.024,-0.4565));
#6409=CARTESIAN_POINT('',(0.136,0.012,-0.4685));
#6410=CARTESIAN_POINT('',(0.136,0.012,-0.4685));
#6411=CARTESIAN_POINT('',(0.136,0.0119999999999996,0.4685));
#6412=CARTESIAN_POINT('',(0.136,0.0119999999999996,0.4685));
#6413=CARTESIAN_POINT('',(0.136,0.0239999999999996,0.4805));
#6414=CARTESIAN_POINT('',(0.136,0.0119999999999996,0.4685));
#6415=CARTESIAN_POINT('',(0.136,0.0119999999999996,0.4685));
#6416=CARTESIAN_POINT('',(0.136,0.0239999999999996,0.4805));
#6417=CARTESIAN_POINT('',(0.,0.022,0.));
#6418=CARTESIAN_POINT('',(0.1825,-0.05,0.327439646348798));
#6419=CARTESIAN_POINT('',(0.,-0.05,0.));
#6420=CARTESIAN_POINT('',(0.1,-0.05,-3.41480999208033E-16));
#6421=CARTESIAN_POINT('',(-0.0999999999999999,-0.05,-3.41480999208033E-16));
#6422=CARTESIAN_POINT('',(0.1825,-0.05,-3.41480999208033E-16));
#6423=CARTESIAN_POINT('',(0.136,-0.05,-3.41481034950325E-16));
#6424=CARTESIAN_POINT('',(0.136,-0.05,0.327439646348798));
#6425=CARTESIAN_POINT('',(0.136,-0.05,0.117));
#6426=CARTESIAN_POINT('',(0.1825,-0.05,0.117));
#6427=CARTESIAN_POINT('',(0.1825,-0.05,0.117));
#6428=CARTESIAN_POINT('',(0.1825,-0.05,0.327439646348798));
#6429=CARTESIAN_POINT('',(0.1825,-0.05,0.327439646348798));
#6430=CARTESIAN_POINT('',(0.1825,-0.05,0.327439646348798));
#6431=CARTESIAN_POINT('',(-0.1825,-0.05,0.327439646348798));
#6432=CARTESIAN_POINT('',(-0.1825,-0.05,0.327439646348798));
#6433=CARTESIAN_POINT('',(-0.1825,-0.05,0.117));
#6434=CARTESIAN_POINT('',(0.1825,-0.05,0.117));
#6435=CARTESIAN_POINT('',(-0.136,-0.05,0.117));
#6436=CARTESIAN_POINT('',(-0.136,-0.05,0.327439646348798));
#6437=CARTESIAN_POINT('',(-0.136,-0.05,-3.41481034950325E-16));
#6438=CARTESIAN_POINT('',(0.1825,-0.05,-3.41480999208033E-16));
#6439=CARTESIAN_POINT('',(0.1825,-0.05,-3.33066907387547E-16));
#6440=CARTESIAN_POINT('',(0.,-0.0500000000000001,0.));
#6441=CARTESIAN_POINT('',(-0.136,-0.05,-3.33066907387547E-16));
#6442=CARTESIAN_POINT('',(-0.136,0.00533148030968343,-0.118658742446155));
#6443=CARTESIAN_POINT('',(0.1825,0.00533148030968344,-0.118658742446155));
#6444=CARTESIAN_POINT('',(-0.1825,0.00533148030968341,-0.118658742446155));
#6445=CARTESIAN_POINT('',(-0.1825,-0.05,-3.33066907387547E-16));
#6446=CARTESIAN_POINT('',(-0.1825,0.0977511954612534,-0.316853461180219));
#6447=CARTESIAN_POINT('',(0.1825,0.0977511954612534,-0.316853461180219));
#6448=CARTESIAN_POINT('',(0.1825,0.0977511954612534,-0.316853461180219));
#6449=CARTESIAN_POINT('',(0.1825,-0.05,-3.33066907387547E-16));
#6450=CARTESIAN_POINT('',(0.1825,0.00533148030968341,-0.118658742446155));
#6451=CARTESIAN_POINT('',(0.1825,0.00533148030968344,-0.118658742446155));
#6452=CARTESIAN_POINT('',(0.136,0.00533148030968343,-0.118658742446155));
#6453=CARTESIAN_POINT('',(0.136,-0.05,-3.33066907387547E-16));
#6454=CARTESIAN_POINT('',(-0.1825,-5.46369598732853E-16,-7.17110098336869E-16));
#6455=CARTESIAN_POINT('',(-0.1825,-5.46369598732853E-16,0.117));
#6456=CARTESIAN_POINT('',(-0.1825,0.,0.117));
#6457=CARTESIAN_POINT('',(-0.1825,-0.0407567318176171,0.32948882957021));
#6458=CARTESIAN_POINT('',(-0.1825,-0.0407567318176171,0.32948882957021));
#6459=CARTESIAN_POINT('',(-0.1825,-5.46369598732853E-16,-7.17110098336869E-16));
#6460=CARTESIAN_POINT('',(-0.1825,0.298175556342688,0.145997731488295));
#6461=CARTESIAN_POINT('',(-0.1825,0.712204003559573,0.2009115659033));
#6462=CARTESIAN_POINT('',(-0.1825,0.712204003559573,0.2009115659033));
#6463=CARTESIAN_POINT('',(-0.1825,-2.37670775448791E-14,-6.48813898495262E-15));
#6464=CARTESIAN_POINT('',(-0.1825,0.730384931130373,0.118902701305226));
#6465=CARTESIAN_POINT('',(-0.1825,0.331940136117032,-0.00630444562241463));
#6466=CARTESIAN_POINT('',(-0.1825,0.331940136117032,-0.00630444562241464));
#6467=CARTESIAN_POINT('',(-0.1825,2.39036699445623E-16,-6.82961998416066E-17));
#6468=CARTESIAN_POINT('',(-0.1825,0.102309852995469,-0.315842831136066));
#6469=CARTESIAN_POINT('',(-0.1825,0.0977511954612534,-0.316853461180219));
#6470=CARTESIAN_POINT('',(-0.1825,0.0253234348307573,-0.114226632833032));
#6471=CARTESIAN_POINT('',(-0.1825,0.025323434830758,-0.114226632833032));
#6472=CARTESIAN_POINT('',(-0.1825,-2.21962649485221E-16,-4.26851249010041E-17));
#6473=CARTESIAN_POINT('',(0.1825,-5.46369598732853E-16,-7.17110098336869E-16));
#6474=CARTESIAN_POINT('',(0.1825,-5.46369598732853E-16,0.117));
#6475=CARTESIAN_POINT('',(0.1825,0.,0.117));
#6476=CARTESIAN_POINT('',(0.1825,-2.21962649485221E-16,-4.26851249010041E-17));
#6477=CARTESIAN_POINT('',(0.1825,0.025323434830758,-0.114226632833032));
#6478=CARTESIAN_POINT('',(0.1825,0.0253234348307573,-0.114226632833032));
#6479=CARTESIAN_POINT('',(0.1825,0.0977511954612534,-0.316853461180219));
#6480=CARTESIAN_POINT('',(0.1825,0.102309852995469,-0.315842831136066));
#6481=CARTESIAN_POINT('',(0.1825,2.39036699445623E-16,-6.82961998416066E-17));
#6482=CARTESIAN_POINT('',(0.1825,0.331940136117032,-0.00630444562241464));
#6483=CARTESIAN_POINT('',(0.1825,0.331940136117032,-0.00630444562241463));
#6484=CARTESIAN_POINT('',(0.1825,0.730384931130373,0.118902701305226));
#6485=CARTESIAN_POINT('',(0.1825,-2.37670775448791E-14,-6.48813898495262E-15));
#6486=CARTESIAN_POINT('',(0.1825,0.712204003559573,0.2009115659033));
#6487=CARTESIAN_POINT('',(0.1825,0.712204003559573,0.2009115659033));
#6488=CARTESIAN_POINT('',(0.1825,0.298175556342688,0.145997731488295));
#6489=CARTESIAN_POINT('',(0.1825,-5.46369598732853E-16,-7.17110098336869E-16));
#6490=CARTESIAN_POINT('',(0.1825,-0.0407567318176171,0.32948882957021));
#6491=CARTESIAN_POINT('',(0.1825,-0.0407567318176171,0.32948882957021));
#6492=CARTESIAN_POINT('',(0.1825,0.712204003559573,0.2009115659033));
#6493=CARTESIAN_POINT('',(0.1825,0.298175556342688,0.145997731488295));
#6494=CARTESIAN_POINT('',(0.1825,0.712204003559573,0.2009115659033));
#6495=CARTESIAN_POINT('',(0.1825,-5.46369598732853E-16,-7.17110098336869E-16));
#6496=CARTESIAN_POINT('',(0.1825,-0.0407567318176171,0.32948882957021));
#6497=CARTESIAN_POINT('',(0.1825,-0.0407567318176171,0.32948882957021));
#6498=CARTESIAN_POINT('',(0.1825,0.0977511954612534,-0.316853461180219));
#6499=CARTESIAN_POINT('',(0.1825,0.102309852995469,-0.315842831136066));
#6500=CARTESIAN_POINT('',(0.1825,2.39036699445623E-16,-6.82961998416066E-17));
#6501=CARTESIAN_POINT('',(0.1825,0.331940136117032,-0.00630444562241464));
#6502=CARTESIAN_POINT('',(0.1825,0.331940136117032,-0.00630444562241463));
#6503=CARTESIAN_POINT('',(0.1825,0.730384931130373,0.118902701305226));
#6504=CARTESIAN_POINT('',(0.1825,-2.37670775448791E-14,-6.48813898495262E-15));
#6505=CARTESIAN_POINT('',(0.136,-2.21962649485221E-16,-4.26851249010041E-17));
#6506=CARTESIAN_POINT('',(0.136,0.,0.));
#6507=CARTESIAN_POINT('',(0.136,0.,-0.039));
#6508=CARTESIAN_POINT('',(0.136,-0.074,-0.136246108210375));
#6509=CARTESIAN_POINT('',(0.136,0.025323434830758,-0.114226632833032));
#6510=CARTESIAN_POINT('',(0.136,-2.21962649485221E-16,-4.26851249010041E-17));
#6511=CARTESIAN_POINT('',(0.136,0.,0.117));
#6512=CARTESIAN_POINT('',(0.136,0.,0.117));
#6513=CARTESIAN_POINT('',(0.229,0.,0.117));
#6514=CARTESIAN_POINT('',(0.229,0.,0.117));
#6515=CARTESIAN_POINT('',(0.229,-0.074,-0.136246108210375));
#6516=CARTESIAN_POINT('',(0.229,0.025323434830758,-0.114226632833032));
#6517=CARTESIAN_POINT('',(0.229,-2.21962649485221E-16,-4.26851249010041E-17));
#6518=CARTESIAN_POINT('',(-0.136,-2.21962649485221E-16,-4.26851249010041E-17));
#6519=CARTESIAN_POINT('',(-0.136,0.,0.));
#6520=CARTESIAN_POINT('',(-0.136,0.,-0.039));
#6521=CARTESIAN_POINT('',(-0.136,0.,0.117));
#6522=CARTESIAN_POINT('',(-0.136,0.,0.117));
#6523=CARTESIAN_POINT('',(-0.136,-2.21962649485221E-16,-4.26851249010041E-17));
#6524=CARTESIAN_POINT('',(-0.136,0.025323434830758,-0.114226632833032));
#6525=CARTESIAN_POINT('',(-0.136,-0.074,-0.136246108210375));
#6526=CARTESIAN_POINT('',(-0.136,-2.21962649485221E-16,-4.26851249010041E-17));
#6527=CARTESIAN_POINT('',(-0.136,0.025323434830758,-0.114226632833032));
#6528=CARTESIAN_POINT('',(-0.136,0.,0.117));
#6529=CARTESIAN_POINT('',(-0.136,0.,0.117));
#6530=CARTESIAN_POINT('',(-0.136,-0.074,-0.136246108210375));
#6531=CARTESIAN_POINT('',(-0.16,0.,0.));
#6532=CARTESIAN_POINT('',(-0.16,0.,0.));
#6533=CARTESIAN_POINT('',(-0.16,0.,-0.039));
#6534=CARTESIAN_POINT('',(0.16,0.,0.));
#6535=CARTESIAN_POINT('',(0.16,0.,0.));
#6536=CARTESIAN_POINT('',(0.16,0.,0.));
#6537=CARTESIAN_POINT('',(0.16,0.,-0.039));
#6538=CARTESIAN_POINT('',(0.16,0.,0.));
#6539=CARTESIAN_POINT('',(0.,0.075,0.));
#6540=CARTESIAN_POINT('',(0.,0.075,0.));
#6541=CARTESIAN_POINT('',(0.1,0.075,0.));
#6542=CARTESIAN_POINT('',(0.,0.075,0.));
#6543=CARTESIAN_POINT('',(0.,0.184,0.));
#6544=CARTESIAN_POINT('',(-0.1255,0.01,-0.24088));
#6545=CARTESIAN_POINT('',(-0.1255,0.,-0.24088));
#6546=CARTESIAN_POINT('',(-0.1255,0.,-0.24088));
#6547=CARTESIAN_POINT('',(-0.1255,0.,0.24088));
#6548=CARTESIAN_POINT('',(-0.1255,0.01,0.24088));
#6549=CARTESIAN_POINT('',(-0.1255,0.01,0.24088));
#6550=CARTESIAN_POINT('',(-0.1255,0.01,-0.24088));
#6551=CARTESIAN_POINT('',(-0.1255,0.01,-0.24088));
#6552=CARTESIAN_POINT('',(-0.1255,0.01,-0.24088));
#6553=CARTESIAN_POINT('',(-0.12038,0.01,0.24088));
#6554=CARTESIAN_POINT('',(-0.12038,0.,0.24088));
#6555=CARTESIAN_POINT('',(-0.12038,0.,0.246));
#6556=CARTESIAN_POINT('',(-0.12038,0.01,0.246));
#6557=CARTESIAN_POINT('',(-0.12038,0.01,0.246));
#6558=CARTESIAN_POINT('',(-0.12038,0.01,0.24088));
#6559=CARTESIAN_POINT('',(-0.12038,0.01,0.246));
#6560=CARTESIAN_POINT('',(-0.12038,0.,0.246));
#6561=CARTESIAN_POINT('',(0.12038,0.,0.246));
#6562=CARTESIAN_POINT('',(0.12038,0.01,0.246));
#6563=CARTESIAN_POINT('',(0.12038,0.01,0.246));
#6564=CARTESIAN_POINT('',(-0.12038,0.01,0.246));
#6565=CARTESIAN_POINT('',(0.12038,0.01,0.24088));
#6566=CARTESIAN_POINT('',(0.12038,0.,0.24088));
#6567=CARTESIAN_POINT('',(0.1255,0.,0.24088));
#6568=CARTESIAN_POINT('',(0.1255,0.01,0.24088));
#6569=CARTESIAN_POINT('',(0.1255,0.01,0.24088));
#6570=CARTESIAN_POINT('',(0.12038,0.01,0.24088));
#6571=CARTESIAN_POINT('',(0.1255,0.01,0.24088));
#6572=CARTESIAN_POINT('',(0.1255,0.,0.24088));
#6573=CARTESIAN_POINT('',(0.1255,0.,-0.24088));
#6574=CARTESIAN_POINT('',(0.1255,0.01,-0.24088));
#6575=CARTESIAN_POINT('',(0.1255,0.01,-0.24088));
#6576=CARTESIAN_POINT('',(0.1255,0.01,0.24088));
#6577=CARTESIAN_POINT('',(0.12038,0.01,-0.24088));
#6578=CARTESIAN_POINT('',(0.12038,0.,-0.24088));
#6579=CARTESIAN_POINT('',(0.12038,0.,-0.246));
#6580=CARTESIAN_POINT('',(0.12038,0.01,-0.246));
#6581=CARTESIAN_POINT('',(0.12038,0.01,-0.246));
#6582=CARTESIAN_POINT('',(0.12038,0.01,-0.24088));
#6583=CARTESIAN_POINT('',(0.12038,0.01,-0.246));
#6584=CARTESIAN_POINT('',(0.12038,0.,-0.246));
#6585=CARTESIAN_POINT('',(-0.12038,0.,-0.246));
#6586=CARTESIAN_POINT('',(-0.12038,0.01,-0.246));
#6587=CARTESIAN_POINT('',(-0.12038,0.01,-0.246));
#6588=CARTESIAN_POINT('',(0.12038,0.01,-0.246));
#6589=CARTESIAN_POINT('',(-0.12038,0.01,-0.24088));
#6590=CARTESIAN_POINT('',(-0.12038,0.,-0.24088));
#6591=CARTESIAN_POINT('',(-0.12038,0.01,-0.24088));
#6592=CARTESIAN_POINT('',(-0.12038,0.01,0.24088));
#6593=CARTESIAN_POINT('',(-0.12038,0.,0.24088));
#6594=CARTESIAN_POINT('',(-0.0365,0.,0.0155));
#6595=CARTESIAN_POINT('',(-0.0365,0.,0.0155));
#6596=CARTESIAN_POINT('',(-0.0365,0.,-0.0155));
#6597=CARTESIAN_POINT('',(0.0365,0.,0.0155));
#6598=CARTESIAN_POINT('',(0.0365,0.,0.0155));
#6599=CARTESIAN_POINT('',(0.0365,0.,0.0155));
#6600=CARTESIAN_POINT('',(0.0365,0.,-0.0155));
#6601=CARTESIAN_POINT('',(0.0365,0.,-0.0155));
#6602=CARTESIAN_POINT('',(-0.0365,0.,0.2005));
#6603=CARTESIAN_POINT('',(-0.0365,0.,0.2005));
#6604=CARTESIAN_POINT('',(-0.0365,0.,0.1695));
#6605=CARTESIAN_POINT('',(0.0365,0.,0.2005));
#6606=CARTESIAN_POINT('',(0.0365,0.,0.2005));
#6607=CARTESIAN_POINT('',(0.0365,0.,0.2005));
#6608=CARTESIAN_POINT('',(0.0365,0.,0.1695));
#6609=CARTESIAN_POINT('',(0.0365,0.,0.1695));
#6610=CARTESIAN_POINT('',(-0.0365,0.,-0.1695));
#6611=CARTESIAN_POINT('',(-0.0365,0.,-0.1695));
#6612=CARTESIAN_POINT('',(-0.0365,0.,-0.2005));
#6613=CARTESIAN_POINT('',(0.0365,0.,-0.1695));
#6614=CARTESIAN_POINT('',(0.0365,0.,-0.1695));
#6615=CARTESIAN_POINT('',(0.0365,0.,-0.1695));
#6616=CARTESIAN_POINT('',(0.0365,0.,-0.2005));
#6617=CARTESIAN_POINT('',(0.0365,0.,-0.2005));
#6618=CARTESIAN_POINT('',(-0.0365,0.,-0.1695));
#6619=CARTESIAN_POINT('',(-0.0365,0.,-0.2005));
#6620=CARTESIAN_POINT('',(-0.0365,-0.071,-0.2005));
#6621=CARTESIAN_POINT('',(-0.0365,-0.071,-0.1695));
#6622=CARTESIAN_POINT('',(-0.0365,-0.071,-0.1695));
#6623=CARTESIAN_POINT('',(-0.0365,0.,-0.1695));
#6624=CARTESIAN_POINT('',(-0.0365,-0.071,-0.1695));
#6625=CARTESIAN_POINT('',(-0.0365,-0.071,-0.2005));
#6626=CARTESIAN_POINT('',(-0.023,-0.071,-0.2005));
#6627=CARTESIAN_POINT('',(-0.023,-0.071,-0.1695));
#6628=CARTESIAN_POINT('',(-0.023,-0.071,-0.1695));
#6629=CARTESIAN_POINT('',(-0.0365,-0.071,-0.1695));
#6630=CARTESIAN_POINT('',(-0.023,-0.071,-0.1695));
#6631=CARTESIAN_POINT('',(-0.023,-0.071,-0.2005));
#6632=CARTESIAN_POINT('',(-0.023,-0.237,-0.2005));
#6633=CARTESIAN_POINT('',(-0.023,-0.237,-0.1695));
#6634=CARTESIAN_POINT('',(-0.023,-0.237,-0.1695));
#6635=CARTESIAN_POINT('',(-0.023,-0.071,-0.1695));
#6636=CARTESIAN_POINT('',(-2.13425624505021E-18,-0.237,-0.1695));
#6637=CARTESIAN_POINT('',(-2.13425624505021E-18,-0.237,-0.2005));
#6638=CARTESIAN_POINT('',(0.023,-0.237,-0.2005));
#6639=CARTESIAN_POINT('',(0.023,-0.237,-0.1695));
#6640=CARTESIAN_POINT('',(0.023,-0.237,-0.1695));
#6641=CARTESIAN_POINT('',(-2.13425624505021E-18,-0.237,-0.1695));
#6642=CARTESIAN_POINT('',(0.023,-0.237,-0.1695));
#6643=CARTESIAN_POINT('',(0.023,-0.237,-0.2005));
#6644=CARTESIAN_POINT('',(0.023,-0.071,-0.2005));
#6645=CARTESIAN_POINT('',(0.023,-0.071,-0.1695));
#6646=CARTESIAN_POINT('',(0.023,-0.071,-0.1695));
#6647=CARTESIAN_POINT('',(0.023,-0.237,-0.1695));
#6648=CARTESIAN_POINT('',(0.023,-0.071,-0.1695));
#6649=CARTESIAN_POINT('',(0.023,-0.071,-0.2005));
#6650=CARTESIAN_POINT('',(0.0365,-0.071,-0.2005));
#6651=CARTESIAN_POINT('',(0.0365,-0.071,-0.1695));
#6652=CARTESIAN_POINT('',(0.0365,-0.071,-0.1695));
#6653=CARTESIAN_POINT('',(0.023,-0.071,-0.1695));
#6654=CARTESIAN_POINT('',(0.0365,-0.071,-0.1695));
#6655=CARTESIAN_POINT('',(0.0365,-0.071,-0.2005));
#6656=CARTESIAN_POINT('',(0.0365,-0.071,-0.1695));
#6657=CARTESIAN_POINT('',(-2.13425624505021E-18,-0.237,-0.1695));
#6658=CARTESIAN_POINT('',(-2.13425624505021E-18,-0.237,-0.2005));
#6659=CARTESIAN_POINT('',(-0.0365,0.,0.2005));
#6660=CARTESIAN_POINT('',(-0.0365,0.,0.1695));
#6661=CARTESIAN_POINT('',(-0.0365,-0.071,0.1695));
#6662=CARTESIAN_POINT('',(-0.0365,-0.071,0.2005));
#6663=CARTESIAN_POINT('',(-0.0365,-0.071,0.2005));
#6664=CARTESIAN_POINT('',(-0.0365,0.,0.2005));
#6665=CARTESIAN_POINT('',(-0.0365,-0.071,0.2005));
#6666=CARTESIAN_POINT('',(-0.0365,-0.071,0.1695));
#6667=CARTESIAN_POINT('',(-0.023,-0.071,0.1695));
#6668=CARTESIAN_POINT('',(-0.023,-0.071,0.2005));
#6669=CARTESIAN_POINT('',(-0.023,-0.071,0.2005));
#6670=CARTESIAN_POINT('',(-0.0365,-0.071,0.2005));
#6671=CARTESIAN_POINT('',(-0.023,-0.071,0.2005));
#6672=CARTESIAN_POINT('',(-0.023,-0.071,0.1695));
#6673=CARTESIAN_POINT('',(-0.023,-0.237,0.1695));
#6674=CARTESIAN_POINT('',(-0.023,-0.237,0.2005));
#6675=CARTESIAN_POINT('',(-0.023,-0.237,0.2005));
#6676=CARTESIAN_POINT('',(-0.023,-0.071,0.2005));
#6677=CARTESIAN_POINT('',(-2.13425624505021E-18,-0.237,0.2005));
#6678=CARTESIAN_POINT('',(-2.13425624505021E-18,-0.237,0.1695));
#6679=CARTESIAN_POINT('',(0.023,-0.237,0.1695));
#6680=CARTESIAN_POINT('',(0.023,-0.237,0.2005));
#6681=CARTESIAN_POINT('',(0.023,-0.237,0.2005));
#6682=CARTESIAN_POINT('',(-2.13425624505021E-18,-0.237,0.2005));
#6683=CARTESIAN_POINT('',(0.023,-0.237,0.2005));
#6684=CARTESIAN_POINT('',(0.023,-0.237,0.1695));
#6685=CARTESIAN_POINT('',(0.023,-0.071,0.1695));
#6686=CARTESIAN_POINT('',(0.023,-0.071,0.2005));
#6687=CARTESIAN_POINT('',(0.023,-0.071,0.2005));
#6688=CARTESIAN_POINT('',(0.023,-0.237,0.2005));
#6689=CARTESIAN_POINT('',(0.023,-0.071,0.2005));
#6690=CARTESIAN_POINT('',(0.023,-0.071,0.1695));
#6691=CARTESIAN_POINT('',(0.0365,-0.071,0.1695));
#6692=CARTESIAN_POINT('',(0.0365,-0.071,0.2005));
#6693=CARTESIAN_POINT('',(0.0365,-0.071,0.2005));
#6694=CARTESIAN_POINT('',(0.023,-0.071,0.2005));
#6695=CARTESIAN_POINT('',(0.0365,-0.071,0.2005));
#6696=CARTESIAN_POINT('',(0.0365,-0.071,0.1695));
#6697=CARTESIAN_POINT('',(0.0365,-0.071,0.2005));
#6698=CARTESIAN_POINT('',(-2.13425624505021E-18,-0.237,0.2005));
#6699=CARTESIAN_POINT('',(-2.13425624505021E-18,-0.237,0.1695));
#6700=CARTESIAN_POINT('',(-0.0365,0.,0.0155));
#6701=CARTESIAN_POINT('',(-0.0365,0.,-0.0155));
#6702=CARTESIAN_POINT('',(-0.0365,-0.071,-0.0155));
#6703=CARTESIAN_POINT('',(-0.0365,-0.071,0.0155));
#6704=CARTESIAN_POINT('',(-0.0365,-0.071,0.0155));
#6705=CARTESIAN_POINT('',(-0.0365,0.,0.0155));
#6706=CARTESIAN_POINT('',(-0.0365,-0.071,0.0155));
#6707=CARTESIAN_POINT('',(-0.0365,-0.071,-0.0155));
#6708=CARTESIAN_POINT('',(-0.023,-0.071,-0.0155));
#6709=CARTESIAN_POINT('',(-0.023,-0.071,0.0155));
#6710=CARTESIAN_POINT('',(-0.023,-0.071,0.0155));
#6711=CARTESIAN_POINT('',(-0.0365,-0.071,0.0155));
#6712=CARTESIAN_POINT('',(-0.023,-0.071,0.0155));
#6713=CARTESIAN_POINT('',(-0.023,-0.071,-0.0155));
#6714=CARTESIAN_POINT('',(-0.023,-0.237,-0.0155));
#6715=CARTESIAN_POINT('',(-0.023,-0.237,0.0155));
#6716=CARTESIAN_POINT('',(-0.023,-0.237,0.0155));
#6717=CARTESIAN_POINT('',(-0.023,-0.071,0.0155));
#6718=CARTESIAN_POINT('',(-2.13425624505021E-18,-0.237,0.0155));
#6719=CARTESIAN_POINT('',(-2.13425624505021E-18,-0.237,-0.0155));
#6720=CARTESIAN_POINT('',(0.023,-0.237,-0.0155));
#6721=CARTESIAN_POINT('',(0.023,-0.237,0.0155));
#6722=CARTESIAN_POINT('',(0.023,-0.237,0.0155));
#6723=CARTESIAN_POINT('',(-2.13425624505021E-18,-0.237,0.0155));
#6724=CARTESIAN_POINT('',(0.023,-0.237,0.0155));
#6725=CARTESIAN_POINT('',(0.023,-0.237,-0.0155));
#6726=CARTESIAN_POINT('',(0.023,-0.071,-0.0155));
#6727=CARTESIAN_POINT('',(0.023,-0.071,0.0155));
#6728=CARTESIAN_POINT('',(0.023,-0.071,0.0155));
#6729=CARTESIAN_POINT('',(0.023,-0.237,0.0155));
#6730=CARTESIAN_POINT('',(0.023,-0.071,0.0155));
#6731=CARTESIAN_POINT('',(0.023,-0.071,-0.0155));
#6732=CARTESIAN_POINT('',(0.0365,-0.071,-0.0155));
#6733=CARTESIAN_POINT('',(0.0365,-0.071,0.0155));
#6734=CARTESIAN_POINT('',(0.0365,-0.071,0.0155));
#6735=CARTESIAN_POINT('',(0.023,-0.071,0.0155));
#6736=CARTESIAN_POINT('',(0.0365,-0.071,0.0155));
#6737=CARTESIAN_POINT('',(0.0365,-0.071,-0.0155));
#6738=CARTESIAN_POINT('',(0.0365,-0.071,0.0155));
#6739=CARTESIAN_POINT('',(-2.13425624505021E-18,-0.237,0.0155));
#6740=CARTESIAN_POINT('',(-2.13425624505021E-18,-0.237,-0.0155));
#6741=CARTESIAN_POINT('',(0.,-0.359,0.));
#6742=(
GEOMETRIC_REPRESENTATION_CONTEXT(3)
GLOBAL_UNCERTAINTY_ASSIGNED_CONTEXT((#6749))
GLOBAL_UNIT_ASSIGNED_CONTEXT((#6758,#6757,#6756))
REPRESENTATION_CONTEXT('M2018TNW03-EC','TOP_LEVEL_ASSEMBLY_PART')
);
#6743=(
GEOMETRIC_REPRESENTATION_CONTEXT(3)
GLOBAL_UNCERTAINTY_ASSIGNED_CONTEXT((#6750))
GLOBAL_UNIT_ASSIGNED_CONTEXT((#6758,#6757,#6756))
REPRESENTATION_CONTEXT('M201801-switch','COMPONENT_PART')
);
#6744=(
GEOMETRIC_REPRESENTATION_CONTEXT(3)
GLOBAL_UNCERTAINTY_ASSIGNED_CONTEXT((#6751))
GLOBAL_UNIT_ASSIGNED_CONTEXT((#6758,#6757,#6756))
REPRESENTATION_CONTEXT('M201TN-cover','COMPONENT_PART')
);
#6745=(
GEOMETRIC_REPRESENTATION_CONTEXT(3)
GLOBAL_UNCERTAINTY_ASSIGNED_CONTEXT((#6752))
GLOBAL_UNIT_ASSIGNED_CONTEXT((#6758,#6757,#6756))
REPRESENTATION_CONTEXT('M201TN-fr-cover-t','COMPONENT_PART')
);
#6746=(
GEOMETRIC_REPRESENTATION_CONTEXT(3)
GLOBAL_UNCERTAINTY_ASSIGNED_CONTEXT((#6753))
GLOBAL_UNIT_ASSIGNED_CONTEXT((#6758,#6757,#6756))
REPRESENTATION_CONTEXT('M20TN-fr-frame','COMPONENT_PART')
);
#6747=(
GEOMETRIC_REPRESENTATION_CONTEXT(3)
GLOBAL_UNCERTAINTY_ASSIGNED_CONTEXT((#6754))
GLOBAL_UNIT_ASSIGNED_CONTEXT((#6758,#6757,#6756))
REPRESENTATION_CONTEXT('AT4149-C','COMPONENT_PART')
);
#6748=(
GEOMETRIC_REPRESENTATION_CONTEXT(3)
GLOBAL_UNCERTAINTY_ASSIGNED_CONTEXT((#6755))
GLOBAL_UNIT_ASSIGNED_CONTEXT((#6758,#6757,#6756))
REPRESENTATION_CONTEXT('M201803W-terminals','COMPONENT_PART')
);
#6749=UNCERTAINTY_MEASURE_WITH_UNIT(LENGTH_MEASURE(3.93700787401575E-7),
#6758,'DISTANCE_ACCURACY_VALUE','Maximum Tolerance applied to model');
#6750=UNCERTAINTY_MEASURE_WITH_UNIT(LENGTH_MEASURE(3.93700787401575E-7),
#6758,'DISTANCE_ACCURACY_VALUE','Maximum Tolerance applied to model');
#6751=UNCERTAINTY_MEASURE_WITH_UNIT(LENGTH_MEASURE(3.93700787401575E-7),
#6758,'DISTANCE_ACCURACY_VALUE','Maximum Tolerance applied to model');
#6752=UNCERTAINTY_MEASURE_WITH_UNIT(LENGTH_MEASURE(3.93700787401575E-7),
#6758,'DISTANCE_ACCURACY_VALUE','Maximum Tolerance applied to model');
#6753=UNCERTAINTY_MEASURE_WITH_UNIT(LENGTH_MEASURE(3.93700787401575E-7),
#6758,'DISTANCE_ACCURACY_VALUE','Maximum Tolerance applied to model');
#6754=UNCERTAINTY_MEASURE_WITH_UNIT(LENGTH_MEASURE(3.93700787401575E-7),
#6758,'DISTANCE_ACCURACY_VALUE','Maximum Tolerance applied to model');
#6755=UNCERTAINTY_MEASURE_WITH_UNIT(LENGTH_MEASURE(3.93700787401575E-7),
#6758,'DISTANCE_ACCURACY_VALUE','Maximum Tolerance applied to model');
#6756=(
NAMED_UNIT(*)
SI_UNIT($,.STERADIAN.)
SOLID_ANGLE_UNIT()
);
#6757=(
NAMED_UNIT(*)
PLANE_ANGLE_UNIT()
SI_UNIT($,.RADIAN.)
);
#6758=(
CONVERSION_BASED_UNIT('INCH',#6760)
LENGTH_UNIT()
NAMED_UNIT(#6759)
);
#6759=DIMENSIONAL_EXPONENTS(1.,0.,0.,0.,0.,0.,0.);
#6760=LENGTH_MEASURE_WITH_UNIT(LENGTH_MEASURE(25.4),#6761);
#6761=(
LENGTH_UNIT()
NAMED_UNIT(*)
SI_UNIT(.MILLI.,.METRE.)
);
#6762=PRODUCT_DEFINITION_SHAPE('','',#6775);
#6763=PRODUCT_DEFINITION_SHAPE('','',#6776);
#6764=PRODUCT_DEFINITION_SHAPE(' ','NAUO PRDDFN',#33);
#6765=PRODUCT_DEFINITION_SHAPE('','',#6777);
#6766=PRODUCT_DEFINITION_SHAPE(' ','NAUO PRDDFN',#34);
#6767=PRODUCT_DEFINITION_SHAPE('','',#6778);
#6768=PRODUCT_DEFINITION_SHAPE(' ','NAUO PRDDFN',#35);
#6769=PRODUCT_DEFINITION_SHAPE('','',#6779);
#6770=PRODUCT_DEFINITION_SHAPE(' ','NAUO PRDDFN',#36);
#6771=PRODUCT_DEFINITION_SHAPE('','',#6780);
#6772=PRODUCT_DEFINITION_SHAPE(' ','NAUO PRDDFN',#37);
#6773=PRODUCT_DEFINITION_SHAPE('','',#6781);
#6774=PRODUCT_DEFINITION_SHAPE(' ','NAUO PRDDFN',#38);
#6775=PRODUCT_DEFINITION('','',#6789,#6782);
#6776=PRODUCT_DEFINITION('','',#6790,#6783);
#6777=PRODUCT_DEFINITION('','',#6791,#6784);
#6778=PRODUCT_DEFINITION('','',#6792,#6785);
#6779=PRODUCT_DEFINITION('','',#6793,#6786);
#6780=PRODUCT_DEFINITION('','',#6794,#6787);
#6781=PRODUCT_DEFINITION('','',#6795,#6788);
#6782=DESIGN_CONTEXT('',#6825,'design');
#6783=DESIGN_CONTEXT('',#6825,'design');
#6784=DESIGN_CONTEXT('',#6825,'design');
#6785=DESIGN_CONTEXT('',#6825,'design');
#6786=DESIGN_CONTEXT('',#6825,'design');
#6787=DESIGN_CONTEXT('',#6825,'design');
#6788=DESIGN_CONTEXT('',#6825,'design');
#6789=PRODUCT_DEFINITION_FORMATION_WITH_SPECIFIED_SOURCE('','',#6803,
 .NOT_KNOWN.);
#6790=PRODUCT_DEFINITION_FORMATION_WITH_SPECIFIED_SOURCE('','',#6804,
 .NOT_KNOWN.);
#6791=PRODUCT_DEFINITION_FORMATION_WITH_SPECIFIED_SOURCE('','',#6805,
 .NOT_KNOWN.);
#6792=PRODUCT_DEFINITION_FORMATION_WITH_SPECIFIED_SOURCE('','',#6806,
 .NOT_KNOWN.);
#6793=PRODUCT_DEFINITION_FORMATION_WITH_SPECIFIED_SOURCE('','',#6807,
 .NOT_KNOWN.);
#6794=PRODUCT_DEFINITION_FORMATION_WITH_SPECIFIED_SOURCE('','',#6808,
 .NOT_KNOWN.);
#6795=PRODUCT_DEFINITION_FORMATION_WITH_SPECIFIED_SOURCE('','',#6809,
 .NOT_KNOWN.);
#6796=PRODUCT_RELATED_PRODUCT_CATEGORY('','',(#6803));
#6797=PRODUCT_RELATED_PRODUCT_CATEGORY('','',(#6804));
#6798=PRODUCT_RELATED_PRODUCT_CATEGORY('','',(#6805));
#6799=PRODUCT_RELATED_PRODUCT_CATEGORY('','',(#6806));
#6800=PRODUCT_RELATED_PRODUCT_CATEGORY('','',(#6807));
#6801=PRODUCT_RELATED_PRODUCT_CATEGORY('','',(#6808));
#6802=PRODUCT_RELATED_PRODUCT_CATEGORY('','',(#6809));
#6803=PRODUCT('M2018TNW03-EC','M2018TNW03-EC','M2018TNW03-EC',(#6817));
#6804=PRODUCT('M201801-switch','M201801-switch','M201801-switch',(#6818));
#6805=PRODUCT('M201TN-cover','M201TN-cover','M201TN-cover',(#6819));
#6806=PRODUCT('M201TN-fr-cover-t','M201TN-fr-cover-t',
'M201TN-fr-cover-t',(#6820));
#6807=PRODUCT('M20TN-fr-frame','M20TN-fr-frame','M20TN-fr-frame',(#6821));
#6808=PRODUCT('AT4149-C','AT4149-C','AT4149-C',(#6822));
#6809=PRODUCT('M201803W-terminals','M201803W-terminals',
'M201803W-terminals',(#6823));
#6810=PRODUCT_CATEGORY('','');
#6811=PRODUCT_CATEGORY('','');
#6812=PRODUCT_CATEGORY('','');
#6813=PRODUCT_CATEGORY('','');
#6814=PRODUCT_CATEGORY('','');
#6815=PRODUCT_CATEGORY('','');
#6816=PRODUCT_CATEGORY('','');
#6817=MECHANICAL_CONTEXT('',#6825,'mechanical');
#6818=MECHANICAL_CONTEXT('',#6825,'mechanical');
#6819=MECHANICAL_CONTEXT('',#6825,'mechanical');
#6820=MECHANICAL_CONTEXT('',#6825,'mechanical');
#6821=MECHANICAL_CONTEXT('',#6825,'mechanical');
#6822=MECHANICAL_CONTEXT('',#6825,'mechanical');
#6823=MECHANICAL_CONTEXT('',#6825,'mechanical');
#6824=APPLICATION_PROTOCOL_DEFINITION('international standard',
'config_control_design',2010,#6825);
#6825=APPLICATION_CONTEXT(
'configuration controlled 3D designs of mechanical parts and assemblie
s');
ENDSEC;
END-ISO-10303-21;
