ISO-10303-21;
HEADER;
FILE_DESCRIPTION(('STEP AP242'),'1');
FILE_NAME('toggle_switch_2ms1t1b1m1qes.stp','2024-10-31T16:35:17',('TraceParts'),('TraceParts S.A.'),'Spatial InterOp 3D',' ',' ');
FILE_SCHEMA(('AP242_MANAGED_MODEL_BASED_3D_ENGINEERING_MIM_LF  {1 0 10303 442 1 1 4}'));
ENDSEC;
DATA;
#1=MECHANICAL_DESIGN_GEOMETRIC_PRESENTATION_REPRESENTATION(' ',(#10,#11,#12,#13,#14,#15,#16,#17,#18,#19,#20,#21,#22,#23,#24,#25,#26,#27,#28,#29,#30,#31,#32,#33,#34,#35,#36,#37,#38,#39,#40,#41,#42,#43,#44,#45,#46,#47,#48,#49,#50,#51,#52,#53,#54,#55,#56,#57,#58,#59,#60,#61,#62,#63,#64,#65,#66,#67,#68,#69,#70,#71,#72,#73,#74,#75,#76,#77,#78,#79,#80,#81,#82,#83,#84,#85,#86,#87,#88,#89,#90,#91,#92,#93,#94,#95,#96,#97,#98,#99,#100,#101,#102,#103,#104,#105,#106,#107,#108,#109,#110,#111,#112,#113,#114,#115,#116,#117,#118,#119,#120,#121,#122,#123,#124,#125),#6);
#2=PRODUCT_DEFINITION_CONTEXT('',#126,'design');
#3=APPLICATION_PROTOCOL_DEFINITION('INTERNATIONAL STANDARD','ap242_managed_model_based_3d_engineering',2014,#126);
#4=PRODUCT_CATEGORY_RELATIONSHIP('NONE','NONE',#127,#128);
#5=SHAPE_DEFINITION_REPRESENTATION(#129,#130);
#6= (GEOMETRIC_REPRESENTATION_CONTEXT(3)GLOBAL_UNCERTAINTY_ASSIGNED_CONTEXT((#133))GLOBAL_UNIT_ASSIGNED_CONTEXT((#135,#136,#137))REPRESENTATION_CONTEXT('NONE','WORKSPACE'));
#10=STYLED_ITEM('',(#139),#140);
#11=STYLED_ITEM('',(#141),#142);
#12=STYLED_ITEM('',(#143),#144);
#13=STYLED_ITEM('',(#145),#146);
#14=STYLED_ITEM('',(#147),#148);
#15=STYLED_ITEM('',(#149),#150);
#16=STYLED_ITEM('',(#151),#152);
#17=STYLED_ITEM('',(#153),#154);
#18=STYLED_ITEM('',(#155),#156);
#19=STYLED_ITEM('',(#157),#158);
#20=STYLED_ITEM('',(#159),#160);
#21=STYLED_ITEM('',(#161),#162);
#22=STYLED_ITEM('',(#163),#164);
#23=STYLED_ITEM('',(#165),#166);
#24=STYLED_ITEM('',(#167),#168);
#25=STYLED_ITEM('',(#169),#170);
#26=STYLED_ITEM('',(#171),#172);
#27=STYLED_ITEM('',(#173),#174);
#28=STYLED_ITEM('',(#175),#176);
#29=STYLED_ITEM('',(#177),#178);
#30=STYLED_ITEM('',(#179),#180);
#31=STYLED_ITEM('',(#181),#182);
#32=STYLED_ITEM('',(#183),#184);
#33=STYLED_ITEM('',(#185),#186);
#34=STYLED_ITEM('',(#187),#188);
#35=STYLED_ITEM('',(#189),#190);
#36=STYLED_ITEM('',(#191),#192);
#37=STYLED_ITEM('',(#193),#194);
#38=STYLED_ITEM('',(#195),#196);
#39=STYLED_ITEM('',(#197),#198);
#40=STYLED_ITEM('',(#199),#200);
#41=STYLED_ITEM('',(#201),#202);
#42=STYLED_ITEM('',(#203),#204);
#43=STYLED_ITEM('',(#205),#206);
#44=STYLED_ITEM('',(#207),#208);
#45=STYLED_ITEM('',(#209),#210);
#46=STYLED_ITEM('',(#211),#212);
#47=STYLED_ITEM('',(#213),#214);
#48=STYLED_ITEM('',(#215),#216);
#49=STYLED_ITEM('',(#217),#218);
#50=STYLED_ITEM('',(#219),#220);
#51=STYLED_ITEM('',(#221),#222);
#52=STYLED_ITEM('',(#223),#224);
#53=STYLED_ITEM('',(#225),#226);
#54=STYLED_ITEM('',(#227),#228);
#55=STYLED_ITEM('',(#229),#230);
#56=STYLED_ITEM('',(#231),#232);
#57=STYLED_ITEM('',(#233),#234);
#58=STYLED_ITEM('',(#235),#236);
#59=STYLED_ITEM('',(#237),#238);
#60=STYLED_ITEM('',(#239),#240);
#61=STYLED_ITEM('',(#241),#242);
#62=STYLED_ITEM('',(#243),#244);
#63=STYLED_ITEM('',(#245),#246);
#64=STYLED_ITEM('',(#247),#248);
#65=STYLED_ITEM('',(#249),#250);
#66=STYLED_ITEM('',(#251),#252);
#67=STYLED_ITEM('',(#253),#254);
#68=STYLED_ITEM('',(#255),#256);
#69=STYLED_ITEM('',(#257),#258);
#70=STYLED_ITEM('',(#259),#260);
#71=STYLED_ITEM('',(#261),#262);
#72=STYLED_ITEM('',(#263),#264);
#73=STYLED_ITEM('',(#265),#266);
#74=STYLED_ITEM('',(#267),#268);
#75=STYLED_ITEM('',(#269),#270);
#76=STYLED_ITEM('',(#271),#272);
#77=STYLED_ITEM('',(#273),#274);
#78=STYLED_ITEM('',(#275),#276);
#79=STYLED_ITEM('',(#277),#278);
#80=STYLED_ITEM('',(#279),#280);
#81=STYLED_ITEM('',(#281),#282);
#82=STYLED_ITEM('',(#283),#284);
#83=STYLED_ITEM('',(#285),#286);
#84=STYLED_ITEM('',(#287),#288);
#85=STYLED_ITEM('',(#289),#290);
#86=STYLED_ITEM('',(#291),#292);
#87=STYLED_ITEM('',(#293),#294);
#88=STYLED_ITEM('',(#295),#296);
#89=STYLED_ITEM('',(#297),#298);
#90=STYLED_ITEM('',(#299),#300);
#91=STYLED_ITEM('',(#301),#302);
#92=STYLED_ITEM('',(#303),#304);
#93=STYLED_ITEM('',(#305),#306);
#94=STYLED_ITEM('',(#307),#308);
#95=STYLED_ITEM('',(#309),#310);
#96=STYLED_ITEM('',(#311),#312);
#97=STYLED_ITEM('',(#313),#314);
#98=STYLED_ITEM('',(#315),#316);
#99=STYLED_ITEM('',(#317),#318);
#100=STYLED_ITEM('',(#319),#320);
#101=STYLED_ITEM('',(#321),#322);
#102=STYLED_ITEM('',(#323),#324);
#103=STYLED_ITEM('',(#325),#326);
#104=STYLED_ITEM('',(#327),#328);
#105=STYLED_ITEM('',(#329),#330);
#106=STYLED_ITEM('',(#331),#332);
#107=STYLED_ITEM('',(#333),#334);
#108=STYLED_ITEM('',(#335),#336);
#109=STYLED_ITEM('',(#337),#338);
#110=STYLED_ITEM('',(#339),#340);
#111=STYLED_ITEM('',(#341),#342);
#112=STYLED_ITEM('',(#343),#344);
#113=STYLED_ITEM('',(#345),#346);
#114=STYLED_ITEM('',(#347),#348);
#115=STYLED_ITEM('',(#349),#350);
#116=STYLED_ITEM('',(#351),#352);
#117=STYLED_ITEM('',(#353),#354);
#118=STYLED_ITEM('',(#355),#356);
#119=STYLED_ITEM('',(#357),#358);
#120=STYLED_ITEM('',(#359),#360);
#121=STYLED_ITEM('',(#361),#362);
#122=STYLED_ITEM('',(#363),#364);
#123=STYLED_ITEM('',(#365),#366);
#124=STYLED_ITEM('',(#367),#368);
#125=STYLED_ITEM('',(#369),#370);
#126=APPLICATION_CONTEXT('managed model based 3d engineering');
#127=PRODUCT_CATEGORY('part','NONE');
#128=PRODUCT_RELATED_PRODUCT_CATEGORY('detail',' ',(#371));
#129=PRODUCT_DEFINITION_SHAPE('NONE','NONE',#372);
#130=ADVANCED_BREP_SHAPE_REPRESENTATION('toggle_switch_2ms1t1b1m1qes',(#373,#374),#6);
#133=UNCERTAINTY_MEASURE_WITH_UNIT(LENGTH_MEASURE(1.0E-06),#135,'','');
#135= (CONVERSION_BASED_UNIT('MILLIMETRE',#377)LENGTH_UNIT()NAMED_UNIT(#380));
#136= (NAMED_UNIT(#382)PLANE_ANGLE_UNIT()SI_UNIT($,.RADIAN.));
#137= (NAMED_UNIT(#382)SOLID_ANGLE_UNIT()SI_UNIT($,.STERADIAN.));
#139=PRESENTATION_STYLE_ASSIGNMENT((#388));
#140=ADVANCED_FACE('',(#389),#390,.T.);
#141=PRESENTATION_STYLE_ASSIGNMENT((#391));
#142=ADVANCED_FACE('',(#392),#393,.T.);
#143=PRESENTATION_STYLE_ASSIGNMENT((#394));
#144=ADVANCED_FACE('',(#395),#396,.T.);
#145=PRESENTATION_STYLE_ASSIGNMENT((#397));
#146=ADVANCED_FACE('',(#398),#399,.T.);
#147=PRESENTATION_STYLE_ASSIGNMENT((#400));
#148=ADVANCED_FACE('',(#401),#402,.T.);
#149=PRESENTATION_STYLE_ASSIGNMENT((#403));
#150=ADVANCED_FACE('',(#404),#405,.T.);
#151=PRESENTATION_STYLE_ASSIGNMENT((#406));
#152=ADVANCED_FACE('',(#407),#408,.T.);
#153=PRESENTATION_STYLE_ASSIGNMENT((#409));
#154=ADVANCED_FACE('',(#410),#411,.T.);
#155=PRESENTATION_STYLE_ASSIGNMENT((#412));
#156=ADVANCED_FACE('',(#413),#414,.T.);
#157=PRESENTATION_STYLE_ASSIGNMENT((#415));
#158=ADVANCED_FACE('',(#416),#417,.T.);
#159=PRESENTATION_STYLE_ASSIGNMENT((#418));
#160=ADVANCED_FACE('',(#419),#420,.F.);
#161=PRESENTATION_STYLE_ASSIGNMENT((#421));
#162=ADVANCED_FACE('',(#422),#423,.F.);
#163=PRESENTATION_STYLE_ASSIGNMENT((#424));
#164=ADVANCED_FACE('',(#425),#426,.T.);
#165=PRESENTATION_STYLE_ASSIGNMENT((#427));
#166=ADVANCED_FACE('',(#428),#429,.T.);
#167=PRESENTATION_STYLE_ASSIGNMENT((#430));
#168=ADVANCED_FACE('',(#431),#432,.F.);
#169=PRESENTATION_STYLE_ASSIGNMENT((#433));
#170=ADVANCED_FACE('',(#434),#435,.F.);
#171=PRESENTATION_STYLE_ASSIGNMENT((#436));
#172=ADVANCED_FACE('',(#437),#438,.F.);
#173=PRESENTATION_STYLE_ASSIGNMENT((#439));
#174=ADVANCED_FACE('',(#440),#441,.F.);
#175=PRESENTATION_STYLE_ASSIGNMENT((#442));
#176=ADVANCED_FACE('',(#443),#444,.F.);
#177=PRESENTATION_STYLE_ASSIGNMENT((#445));
#178=ADVANCED_FACE('',(#446),#447,.F.);
#179=PRESENTATION_STYLE_ASSIGNMENT((#448));
#180=ADVANCED_FACE('',(#449),#450,.F.);
#181=PRESENTATION_STYLE_ASSIGNMENT((#451));
#182=ADVANCED_FACE('',(#452),#453,.F.);
#183=PRESENTATION_STYLE_ASSIGNMENT((#454));
#184=ADVANCED_FACE('',(#455),#456,.F.);
#185=PRESENTATION_STYLE_ASSIGNMENT((#457));
#186=ADVANCED_FACE('',(#458,#459),#460,.F.);
#187=PRESENTATION_STYLE_ASSIGNMENT((#461));
#188=ADVANCED_FACE('',(#462),#463,.T.);
#189=PRESENTATION_STYLE_ASSIGNMENT((#464));
#190=ADVANCED_FACE('',(#465),#466,.T.);
#191=PRESENTATION_STYLE_ASSIGNMENT((#467));
#192=ADVANCED_FACE('',(#468,#469),#470,.F.);
#193=PRESENTATION_STYLE_ASSIGNMENT((#471));
#194=ADVANCED_FACE('',(#472),#473,.T.);
#195=PRESENTATION_STYLE_ASSIGNMENT((#474));
#196=ADVANCED_FACE('',(#475),#476,.F.);
#197=PRESENTATION_STYLE_ASSIGNMENT((#477));
#198=ADVANCED_FACE('',(#478),#479,.F.);
#199=PRESENTATION_STYLE_ASSIGNMENT((#480));
#200=ADVANCED_FACE('',(#481),#482,.T.);
#201=PRESENTATION_STYLE_ASSIGNMENT((#483));
#202=ADVANCED_FACE('',(#484),#485,.T.);
#203=PRESENTATION_STYLE_ASSIGNMENT((#486));
#204=ADVANCED_FACE('',(#487),#488,.T.);
#205=PRESENTATION_STYLE_ASSIGNMENT((#489));
#206=ADVANCED_FACE('',(#490),#491,.T.);
#207=PRESENTATION_STYLE_ASSIGNMENT((#492));
#208=ADVANCED_FACE('',(#493),#494,.F.);
#209=PRESENTATION_STYLE_ASSIGNMENT((#495));
#210=ADVANCED_FACE('',(#496),#497,.F.);
#211=PRESENTATION_STYLE_ASSIGNMENT((#498));
#212=ADVANCED_FACE('',(#499,#500),#501,.T.);
#213=PRESENTATION_STYLE_ASSIGNMENT((#502));
#214=ADVANCED_FACE('',(#503),#504,.T.);
#215=PRESENTATION_STYLE_ASSIGNMENT((#505));
#216=ADVANCED_FACE('',(#506),#507,.T.);
#217=PRESENTATION_STYLE_ASSIGNMENT((#508));
#218=ADVANCED_FACE('',(#509),#510,.T.);
#219=PRESENTATION_STYLE_ASSIGNMENT((#511));
#220=ADVANCED_FACE('',(#512,#513),#514,.T.);
#221=PRESENTATION_STYLE_ASSIGNMENT((#515));
#222=ADVANCED_FACE('',(#516),#517,.F.);
#223=PRESENTATION_STYLE_ASSIGNMENT((#518));
#224=ADVANCED_FACE('',(#519),#520,.T.);
#225=PRESENTATION_STYLE_ASSIGNMENT((#521));
#226=ADVANCED_FACE('',(#522),#523,.F.);
#227=PRESENTATION_STYLE_ASSIGNMENT((#524));
#228=ADVANCED_FACE('',(#525),#526,.F.);
#229=PRESENTATION_STYLE_ASSIGNMENT((#527));
#230=ADVANCED_FACE('',(#528,#529),#530,.T.);
#231=PRESENTATION_STYLE_ASSIGNMENT((#531));
#232=ADVANCED_FACE('',(#532),#533,.T.);
#233=PRESENTATION_STYLE_ASSIGNMENT((#534));
#234=ADVANCED_FACE('',(#535,#536),#537,.T.);
#235=PRESENTATION_STYLE_ASSIGNMENT((#538));
#236=ADVANCED_FACE('',(#539,#540),#541,.T.);
#237=PRESENTATION_STYLE_ASSIGNMENT((#542));
#238=ADVANCED_FACE('',(#543),#544,.T.);
#239=PRESENTATION_STYLE_ASSIGNMENT((#545));
#240=ADVANCED_FACE('',(#546),#547,.F.);
#241=PRESENTATION_STYLE_ASSIGNMENT((#548));
#242=ADVANCED_FACE('',(#549),#550,.F.);
#243=PRESENTATION_STYLE_ASSIGNMENT((#551));
#244=ADVANCED_FACE('',(#552),#553,.F.);
#245=PRESENTATION_STYLE_ASSIGNMENT((#554));
#246=ADVANCED_FACE('',(#555),#556,.F.);
#247=PRESENTATION_STYLE_ASSIGNMENT((#557));
#248=ADVANCED_FACE('',(#558),#559,.T.);
#249=PRESENTATION_STYLE_ASSIGNMENT((#560));
#250=ADVANCED_FACE('',(#561),#562,.T.);
#251=PRESENTATION_STYLE_ASSIGNMENT((#563));
#252=ADVANCED_FACE('',(#564),#565,.T.);
#253=PRESENTATION_STYLE_ASSIGNMENT((#566));
#254=ADVANCED_FACE('',(#567),#568,.T.);
#255=PRESENTATION_STYLE_ASSIGNMENT((#569));
#256=ADVANCED_FACE('',(#570,#571),#572,.F.);
#257=PRESENTATION_STYLE_ASSIGNMENT((#573));
#258=ADVANCED_FACE('',(#574,#575),#576,.T.);
#259=PRESENTATION_STYLE_ASSIGNMENT((#577));
#260=ADVANCED_FACE('',(#578),#579,.T.);
#261=PRESENTATION_STYLE_ASSIGNMENT((#580));
#262=ADVANCED_FACE('',(#581),#582,.F.);
#263=PRESENTATION_STYLE_ASSIGNMENT((#583));
#264=ADVANCED_FACE('',(#584),#585,.F.);
#265=PRESENTATION_STYLE_ASSIGNMENT((#586));
#266=ADVANCED_FACE('',(#587),#588,.F.);
#267=PRESENTATION_STYLE_ASSIGNMENT((#589));
#268=ADVANCED_FACE('',(#590),#591,.F.);
#269=PRESENTATION_STYLE_ASSIGNMENT((#592));
#270=ADVANCED_FACE('',(#593),#594,.T.);
#271=PRESENTATION_STYLE_ASSIGNMENT((#595));
#272=ADVANCED_FACE('',(#596),#597,.T.);
#273=PRESENTATION_STYLE_ASSIGNMENT((#598));
#274=ADVANCED_FACE('',(#599),#600,.T.);
#275=PRESENTATION_STYLE_ASSIGNMENT((#601));
#276=ADVANCED_FACE('',(#602),#603,.T.);
#277=PRESENTATION_STYLE_ASSIGNMENT((#604));
#278=ADVANCED_FACE('',(#605,#606),#607,.F.);
#279=PRESENTATION_STYLE_ASSIGNMENT((#608));
#280=ADVANCED_FACE('',(#609,#610),#611,.T.);
#281=PRESENTATION_STYLE_ASSIGNMENT((#612));
#282=ADVANCED_FACE('',(#613),#614,.T.);
#283=PRESENTATION_STYLE_ASSIGNMENT((#615));
#284=ADVANCED_FACE('',(#616),#617,.F.);
#285=PRESENTATION_STYLE_ASSIGNMENT((#618));
#286=ADVANCED_FACE('',(#619),#620,.F.);
#287=PRESENTATION_STYLE_ASSIGNMENT((#621));
#288=ADVANCED_FACE('',(#622),#623,.F.);
#289=PRESENTATION_STYLE_ASSIGNMENT((#624));
#290=ADVANCED_FACE('',(#625),#626,.F.);
#291=PRESENTATION_STYLE_ASSIGNMENT((#627));
#292=ADVANCED_FACE('',(#628),#629,.T.);
#293=PRESENTATION_STYLE_ASSIGNMENT((#630));
#294=ADVANCED_FACE('',(#631),#632,.T.);
#295=PRESENTATION_STYLE_ASSIGNMENT((#633));
#296=ADVANCED_FACE('',(#634),#635,.T.);
#297=PRESENTATION_STYLE_ASSIGNMENT((#636));
#298=ADVANCED_FACE('',(#637),#638,.T.);
#299=PRESENTATION_STYLE_ASSIGNMENT((#639));
#300=ADVANCED_FACE('',(#640,#641),#642,.F.);
#301=PRESENTATION_STYLE_ASSIGNMENT((#643));
#302=ADVANCED_FACE('',(#644,#645),#646,.T.);
#303=PRESENTATION_STYLE_ASSIGNMENT((#647));
#304=ADVANCED_FACE('',(#648,#649),#650,.T.);
#305=PRESENTATION_STYLE_ASSIGNMENT((#651));
#306=ADVANCED_FACE('',(#652,#653),#654,.T.);
#307=PRESENTATION_STYLE_ASSIGNMENT((#655));
#308=ADVANCED_FACE('',(#656),#657,.T.);
#309=PRESENTATION_STYLE_ASSIGNMENT((#658));
#310=ADVANCED_FACE('',(#659),#660,.F.);
#311=PRESENTATION_STYLE_ASSIGNMENT((#661));
#312=ADVANCED_FACE('',(#662),#663,.F.);
#313=PRESENTATION_STYLE_ASSIGNMENT((#664));
#314=ADVANCED_FACE('',(#665),#666,.F.);
#315=PRESENTATION_STYLE_ASSIGNMENT((#667));
#316=ADVANCED_FACE('',(#668),#669,.F.);
#317=PRESENTATION_STYLE_ASSIGNMENT((#670));
#318=ADVANCED_FACE('',(#671),#672,.F.);
#319=PRESENTATION_STYLE_ASSIGNMENT((#673));
#320=ADVANCED_FACE('',(#674),#675,.T.);
#321=PRESENTATION_STYLE_ASSIGNMENT((#676));
#322=ADVANCED_FACE('',(#677),#678,.F.);
#323=PRESENTATION_STYLE_ASSIGNMENT((#679));
#324=ADVANCED_FACE('',(#680),#681,.F.);
#325=PRESENTATION_STYLE_ASSIGNMENT((#682));
#326=ADVANCED_FACE('',(#683),#684,.F.);
#327=PRESENTATION_STYLE_ASSIGNMENT((#685));
#328=ADVANCED_FACE('',(#686),#687,.F.);
#329=PRESENTATION_STYLE_ASSIGNMENT((#688));
#330=ADVANCED_FACE('',(#689),#690,.T.);
#331=PRESENTATION_STYLE_ASSIGNMENT((#691));
#332=ADVANCED_FACE('',(#692),#693,.T.);
#333=PRESENTATION_STYLE_ASSIGNMENT((#694));
#334=ADVANCED_FACE('',(#695),#696,.T.);
#335=PRESENTATION_STYLE_ASSIGNMENT((#697));
#336=ADVANCED_FACE('',(#698),#699,.T.);
#337=PRESENTATION_STYLE_ASSIGNMENT((#700));
#338=ADVANCED_FACE('',(#701),#702,.F.);
#339=PRESENTATION_STYLE_ASSIGNMENT((#703));
#340=ADVANCED_FACE('',(#704),#705,.T.);
#341=PRESENTATION_STYLE_ASSIGNMENT((#706));
#342=ADVANCED_FACE('',(#707),#708,.T.);
#343=PRESENTATION_STYLE_ASSIGNMENT((#709));
#344=ADVANCED_FACE('',(#710),#711,.F.);
#345=PRESENTATION_STYLE_ASSIGNMENT((#712));
#346=ADVANCED_FACE('',(#713),#714,.F.);
#347=PRESENTATION_STYLE_ASSIGNMENT((#715));
#348=ADVANCED_FACE('',(#716),#717,.F.);
#349=PRESENTATION_STYLE_ASSIGNMENT((#718));
#350=ADVANCED_FACE('',(#719),#720,.T.);
#351=PRESENTATION_STYLE_ASSIGNMENT((#721));
#352=ADVANCED_FACE('',(#722),#723,.F.);
#353=PRESENTATION_STYLE_ASSIGNMENT((#724));
#354=ADVANCED_FACE('',(#725),#726,.F.);
#355=PRESENTATION_STYLE_ASSIGNMENT((#727));
#356=ADVANCED_FACE('',(#728),#729,.T.);
#357=PRESENTATION_STYLE_ASSIGNMENT((#730));
#358=ADVANCED_FACE('',(#731),#732,.T.);
#359=PRESENTATION_STYLE_ASSIGNMENT((#733));
#360=ADVANCED_FACE('',(#734),#735,.T.);
#361=PRESENTATION_STYLE_ASSIGNMENT((#736));
#362=ADVANCED_FACE('',(#737,#738,#739,#740),#741,.T.);
#363=PRESENTATION_STYLE_ASSIGNMENT((#742));
#364=ADVANCED_FACE('',(#743),#744,.F.);
#365=PRESENTATION_STYLE_ASSIGNMENT((#745));
#366=ADVANCED_FACE('',(#746),#747,.F.);
#367=PRESENTATION_STYLE_ASSIGNMENT((#748));
#368=ADVANCED_FACE('',(#749),#750,.T.);
#369=PRESENTATION_STYLE_ASSIGNMENT((#751));
#370=ADVANCED_FACE('',(#752),#753,.F.);
#371=PRODUCT('toggle_switch_2ms1t1b1m1qes','toggle_switch_2ms1t1b1m1qes','PART-toggle_switch_2ms1t1b1m1qes-DESC',(#754));
#372=PRODUCT_DEFINITION('','NONE',#755,#2);
#373=MANIFOLD_SOLID_BREP('toggle_switch_2ms1t1b1m1qes',#756);
#374=AXIS2_PLACEMENT_3D('',#757,#758,#759);
#377=LENGTH_MEASURE_WITH_UNIT(LENGTH_MEASURE(1.0),#760);
#380=DIMENSIONAL_EXPONENTS(1.0,0.0,0.0,0.0,0.0,0.0,0.0);
#382=DIMENSIONAL_EXPONENTS(0.0,0.0,0.0,0.0,0.0,0.0,0.0);
#388=SURFACE_STYLE_USAGE(.BOTH.,#761);
#389=FACE_OUTER_BOUND('',#762,.T.);
#390=CYLINDRICAL_SURFACE('',#763,3.0);
#391=SURFACE_STYLE_USAGE(.BOTH.,#764);
#392=FACE_OUTER_BOUND('',#765,.T.);
#393=CYLINDRICAL_SURFACE('',#766,2.413);
#394=SURFACE_STYLE_USAGE(.BOTH.,#767);
#395=FACE_OUTER_BOUND('',#768,.T.);
#396=CYLINDRICAL_SURFACE('',#769,2.413);
#397=SURFACE_STYLE_USAGE(.BOTH.,#770);
#398=FACE_OUTER_BOUND('',#771,.T.);
#399=CONICAL_SURFACE('',#772,2.26979336875,0.785398163397448);
#400=SURFACE_STYLE_USAGE(.BOTH.,#773);
#401=FACE_OUTER_BOUND('',#774,.T.);
#402=CONICAL_SURFACE('',#775,2.26979336875,0.785398163397448);
#403=SURFACE_STYLE_USAGE(.BOTH.,#776);
#404=FACE_OUTER_BOUND('',#777,.T.);
#405=CYLINDRICAL_SURFACE('',#778,1.27);
#406=SURFACE_STYLE_USAGE(.BOTH.,#779);
#407=FACE_OUTER_BOUND('',#780,.T.);
#408=PLANE('',#781);
#409=SURFACE_STYLE_USAGE(.BOTH.,#782);
#410=FACE_OUTER_BOUND('',#783,.T.);
#411=PLANE('',#784);
#412=SURFACE_STYLE_USAGE(.BOTH.,#785);
#413=FACE_OUTER_BOUND('',#786,.T.);
#414=PLANE('',#787);
#415=SURFACE_STYLE_USAGE(.BOTH.,#788);
#416=FACE_OUTER_BOUND('',#789,.T.);
#417=PLANE('',#790);
#418=SURFACE_STYLE_USAGE(.BOTH.,#791);
#419=FACE_OUTER_BOUND('',#792,.T.);
#420=PLANE('',#793);
#421=SURFACE_STYLE_USAGE(.BOTH.,#794);
#422=FACE_OUTER_BOUND('',#795,.T.);
#423=PLANE('',#796);
#424=SURFACE_STYLE_USAGE(.BOTH.,#797);
#425=FACE_OUTER_BOUND('',#798,.T.);
#426=PLANE('',#799);
#427=SURFACE_STYLE_USAGE(.BOTH.,#800);
#428=FACE_OUTER_BOUND('',#801,.T.);
#429=PLANE('',#802);
#430=SURFACE_STYLE_USAGE(.BOTH.,#803);
#431=FACE_OUTER_BOUND('',#804,.T.);
#432=PLANE('',#805);
#433=SURFACE_STYLE_USAGE(.BOTH.,#806);
#434=FACE_OUTER_BOUND('',#807,.T.);
#435=PLANE('',#808);
#436=SURFACE_STYLE_USAGE(.BOTH.,#809);
#437=FACE_OUTER_BOUND('',#810,.T.);
#438=PLANE('',#811);
#439=SURFACE_STYLE_USAGE(.BOTH.,#812);
#440=FACE_OUTER_BOUND('',#813,.T.);
#441=PLANE('',#814);
#442=SURFACE_STYLE_USAGE(.BOTH.,#815);
#443=FACE_OUTER_BOUND('',#816,.T.);
#444=PLANE('',#817);
#445=SURFACE_STYLE_USAGE(.BOTH.,#818);
#446=FACE_OUTER_BOUND('',#819,.T.);
#447=PLANE('',#820);
#448=SURFACE_STYLE_USAGE(.BOTH.,#821);
#449=FACE_OUTER_BOUND('',#822,.T.);
#450=PLANE('',#823);
#451=SURFACE_STYLE_USAGE(.BOTH.,#824);
#452=FACE_OUTER_BOUND('',#825,.T.);
#453=PLANE('',#826);
#454=SURFACE_STYLE_USAGE(.BOTH.,#827);
#455=FACE_OUTER_BOUND('',#828,.T.);
#456=PLANE('',#829);
#457=SURFACE_STYLE_USAGE(.BOTH.,#830);
#458=FACE_OUTER_BOUND('',#831,.T.);
#459=FACE_BOUND('',#832,.T.);
#460=PLANE('',#833);
#461=SURFACE_STYLE_USAGE(.BOTH.,#834);
#462=FACE_OUTER_BOUND('',#835,.T.);
#463=PLANE('',#836);
#464=SURFACE_STYLE_USAGE(.BOTH.,#837);
#465=FACE_OUTER_BOUND('',#838,.T.);
#466=PLANE('',#839);
#467=SURFACE_STYLE_USAGE(.BOTH.,#840);
#468=FACE_OUTER_BOUND('',#841,.T.);
#469=FACE_BOUND('',#842,.T.);
#470=PLANE('',#843);
#471=SURFACE_STYLE_USAGE(.BOTH.,#844);
#472=FACE_OUTER_BOUND('',#845,.T.);
#473=PLANE('',#846);
#474=SURFACE_STYLE_USAGE(.BOTH.,#847);
#475=FACE_OUTER_BOUND('',#848,.T.);
#476=PLANE('',#849);
#477=SURFACE_STYLE_USAGE(.BOTH.,#850);
#478=FACE_OUTER_BOUND('',#851,.T.);
#479=PLANE('',#852);
#480=SURFACE_STYLE_USAGE(.BOTH.,#853);
#481=FACE_OUTER_BOUND('',#854,.T.);
#482=PLANE('',#855);
#483=SURFACE_STYLE_USAGE(.BOTH.,#856);
#484=FACE_OUTER_BOUND('',#857,.T.);
#485=PLANE('',#858);
#486=SURFACE_STYLE_USAGE(.BOTH.,#859);
#487=FACE_OUTER_BOUND('',#860,.T.);
#488=CYLINDRICAL_SURFACE('',#861,1.27);
#489=SURFACE_STYLE_USAGE(.BOTH.,#862);
#490=FACE_OUTER_BOUND('',#863,.T.);
#491=SPHERICAL_SURFACE('',#864,1.27);
#492=SURFACE_STYLE_USAGE(.BOTH.,#865);
#493=FACE_OUTER_BOUND('',#866,.T.);
#494=CYLINDRICAL_SURFACE('',#867,1.2065);
#495=SURFACE_STYLE_USAGE(.BOTH.,#868);
#496=FACE_OUTER_BOUND('',#869,.T.);
#497=PLANE('',#870);
#498=SURFACE_STYLE_USAGE(.BOTH.,#871);
#499=FACE_BOUND('',#872,.T.);
#500=FACE_OUTER_BOUND('',#873,.T.);
#501=PLANE('',#874);
#502=SURFACE_STYLE_USAGE(.BOTH.,#875);
#503=FACE_OUTER_BOUND('',#876,.T.);
#504=CONICAL_SURFACE('',#877,2.26979336875,0.785398163397448);
#505=SURFACE_STYLE_USAGE(.BOTH.,#878);
#506=FACE_OUTER_BOUND('',#879,.T.);
#507=CYLINDRICAL_SURFACE('',#880,2.413);
#508=SURFACE_STYLE_USAGE(.BOTH.,#881);
#509=FACE_OUTER_BOUND('',#882,.T.);
#510=CYLINDRICAL_SURFACE('',#883,3.0);
#511=SURFACE_STYLE_USAGE(.BOTH.,#884);
#512=FACE_BOUND('',#885,.T.);
#513=FACE_OUTER_BOUND('',#886,.T.);
#514=PLANE('',#887);
#515=SURFACE_STYLE_USAGE(.BOTH.,#888);
#516=FACE_OUTER_BOUND('',#889,.T.);
#517=PLANE('',#890);
#518=SURFACE_STYLE_USAGE(.BOTH.,#891);
#519=FACE_OUTER_BOUND('',#892,.T.);
#520=PLANE('',#893);
#521=SURFACE_STYLE_USAGE(.BOTH.,#894);
#522=FACE_OUTER_BOUND('',#895,.T.);
#523=PLANE('',#896);
#524=SURFACE_STYLE_USAGE(.BOTH.,#897);
#525=FACE_OUTER_BOUND('',#898,.T.);
#526=PLANE('',#899);
#527=SURFACE_STYLE_USAGE(.BOTH.,#900);
#528=FACE_BOUND('',#901,.T.);
#529=FACE_OUTER_BOUND('',#902,.T.);
#530=PLANE('',#903);
#531=SURFACE_STYLE_USAGE(.BOTH.,#904);
#532=FACE_OUTER_BOUND('',#905,.T.);
#533=PLANE('',#906);
#534=SURFACE_STYLE_USAGE(.BOTH.,#907);
#535=FACE_OUTER_BOUND('',#908,.T.);
#536=FACE_BOUND('',#909,.T.);
#537=PLANE('',#910);
#538=SURFACE_STYLE_USAGE(.BOTH.,#911);
#539=FACE_OUTER_BOUND('',#912,.T.);
#540=FACE_BOUND('',#913,.T.);
#541=PLANE('',#914);
#542=SURFACE_STYLE_USAGE(.BOTH.,#915);
#543=FACE_OUTER_BOUND('',#916,.T.);
#544=PLANE('',#917);
#545=SURFACE_STYLE_USAGE(.BOTH.,#918);
#546=FACE_OUTER_BOUND('',#919,.T.);
#547=PLANE('',#920);
#548=SURFACE_STYLE_USAGE(.BOTH.,#921);
#549=FACE_OUTER_BOUND('',#922,.T.);
#550=CYLINDRICAL_SURFACE('',#923,0.76);
#551=SURFACE_STYLE_USAGE(.BOTH.,#924);
#552=FACE_OUTER_BOUND('',#925,.T.);
#553=PLANE('',#926);
#554=SURFACE_STYLE_USAGE(.BOTH.,#927);
#555=FACE_OUTER_BOUND('',#928,.T.);
#556=CYLINDRICAL_SURFACE('',#929,0.76);
#557=SURFACE_STYLE_USAGE(.BOTH.,#930);
#558=FACE_OUTER_BOUND('',#931,.T.);
#559=PLANE('',#932);
#560=SURFACE_STYLE_USAGE(.BOTH.,#933);
#561=FACE_OUTER_BOUND('',#934,.T.);
#562=PLANE('',#935);
#563=SURFACE_STYLE_USAGE(.BOTH.,#936);
#564=FACE_OUTER_BOUND('',#937,.T.);
#565=PLANE('',#938);
#566=SURFACE_STYLE_USAGE(.BOTH.,#939);
#567=FACE_OUTER_BOUND('',#940,.T.);
#568=PLANE('',#941);
#569=SURFACE_STYLE_USAGE(.BOTH.,#942);
#570=FACE_OUTER_BOUND('',#943,.T.);
#571=FACE_BOUND('',#944,.T.);
#572=PLANE('',#945);
#573=SURFACE_STYLE_USAGE(.BOTH.,#946);
#574=FACE_OUTER_BOUND('',#947,.T.);
#575=FACE_BOUND('',#948,.T.);
#576=PLANE('',#949);
#577=SURFACE_STYLE_USAGE(.BOTH.,#950);
#578=FACE_OUTER_BOUND('',#951,.T.);
#579=PLANE('',#952);
#580=SURFACE_STYLE_USAGE(.BOTH.,#953);
#581=FACE_OUTER_BOUND('',#954,.T.);
#582=PLANE('',#955);
#583=SURFACE_STYLE_USAGE(.BOTH.,#956);
#584=FACE_OUTER_BOUND('',#957,.T.);
#585=CYLINDRICAL_SURFACE('',#958,0.76);
#586=SURFACE_STYLE_USAGE(.BOTH.,#959);
#587=FACE_OUTER_BOUND('',#960,.T.);
#588=PLANE('',#961);
#589=SURFACE_STYLE_USAGE(.BOTH.,#962);
#590=FACE_OUTER_BOUND('',#963,.T.);
#591=CYLINDRICAL_SURFACE('',#964,0.76);
#592=SURFACE_STYLE_USAGE(.BOTH.,#965);
#593=FACE_OUTER_BOUND('',#966,.T.);
#594=PLANE('',#967);
#595=SURFACE_STYLE_USAGE(.BOTH.,#968);
#596=FACE_OUTER_BOUND('',#969,.T.);
#597=PLANE('',#970);
#598=SURFACE_STYLE_USAGE(.BOTH.,#971);
#599=FACE_OUTER_BOUND('',#972,.T.);
#600=PLANE('',#973);
#601=SURFACE_STYLE_USAGE(.BOTH.,#974);
#602=FACE_OUTER_BOUND('',#975,.T.);
#603=PLANE('',#976);
#604=SURFACE_STYLE_USAGE(.BOTH.,#977);
#605=FACE_OUTER_BOUND('',#978,.T.);
#606=FACE_BOUND('',#979,.T.);
#607=PLANE('',#980);
#608=SURFACE_STYLE_USAGE(.BOTH.,#981);
#609=FACE_OUTER_BOUND('',#982,.T.);
#610=FACE_BOUND('',#983,.T.);
#611=PLANE('',#984);
#612=SURFACE_STYLE_USAGE(.BOTH.,#985);
#613=FACE_OUTER_BOUND('',#986,.T.);
#614=PLANE('',#987);
#615=SURFACE_STYLE_USAGE(.BOTH.,#988);
#616=FACE_OUTER_BOUND('',#989,.T.);
#617=PLANE('',#990);
#618=SURFACE_STYLE_USAGE(.BOTH.,#991);
#619=FACE_OUTER_BOUND('',#992,.T.);
#620=CYLINDRICAL_SURFACE('',#993,0.76);
#621=SURFACE_STYLE_USAGE(.BOTH.,#994);
#622=FACE_OUTER_BOUND('',#995,.T.);
#623=PLANE('',#996);
#624=SURFACE_STYLE_USAGE(.BOTH.,#997);
#625=FACE_OUTER_BOUND('',#998,.T.);
#626=CYLINDRICAL_SURFACE('',#999,0.76);
#627=SURFACE_STYLE_USAGE(.BOTH.,#1000);
#628=FACE_OUTER_BOUND('',#1001,.T.);
#629=PLANE('',#1002);
#630=SURFACE_STYLE_USAGE(.BOTH.,#1003);
#631=FACE_OUTER_BOUND('',#1004,.T.);
#632=PLANE('',#1005);
#633=SURFACE_STYLE_USAGE(.BOTH.,#1006);
#634=FACE_OUTER_BOUND('',#1007,.T.);
#635=PLANE('',#1008);
#636=SURFACE_STYLE_USAGE(.BOTH.,#1009);
#637=FACE_OUTER_BOUND('',#1010,.T.);
#638=PLANE('',#1011);
#639=SURFACE_STYLE_USAGE(.BOTH.,#1012);
#640=FACE_OUTER_BOUND('',#1013,.T.);
#641=FACE_BOUND('',#1014,.T.);
#642=PLANE('',#1015);
#643=SURFACE_STYLE_USAGE(.BOTH.,#1016);
#644=FACE_BOUND('',#1017,.T.);
#645=FACE_OUTER_BOUND('',#1018,.T.);
#646=TOROIDAL_SURFACE('',#1019,-1.125,1.875);
#647=SURFACE_STYLE_USAGE(.BOTH.,#1020);
#648=FACE_BOUND('',#1021,.T.);
#649=FACE_OUTER_BOUND('',#1022,.T.);
#650=TOROIDAL_SURFACE('',#1023,-1.125,1.875);
#651=SURFACE_STYLE_USAGE(.BOTH.,#1024);
#652=FACE_BOUND('',#1025,.T.);
#653=FACE_OUTER_BOUND('',#1026,.T.);
#654=TOROIDAL_SURFACE('',#1027,-1.125,1.875);
#655=SURFACE_STYLE_USAGE(.BOTH.,#1028);
#656=FACE_OUTER_BOUND('',#1029,.T.);
#657=PLANE('',#1030);
#658=SURFACE_STYLE_USAGE(.BOTH.,#1031);
#659=FACE_OUTER_BOUND('',#1032,.T.);
#660=PLANE('',#1033);
#661=SURFACE_STYLE_USAGE(.BOTH.,#1034);
#662=FACE_OUTER_BOUND('',#1035,.T.);
#663=PLANE('',#1036);
#664=SURFACE_STYLE_USAGE(.BOTH.,#1037);
#665=FACE_OUTER_BOUND('',#1038,.T.);
#666=PLANE('',#1039);
#667=SURFACE_STYLE_USAGE(.BOTH.,#1040);
#668=FACE_OUTER_BOUND('',#1041,.T.);
#669=PLANE('',#1042);
#670=SURFACE_STYLE_USAGE(.BOTH.,#1043);
#671=FACE_OUTER_BOUND('',#1044,.T.);
#672=PLANE('',#1045);
#673=SURFACE_STYLE_USAGE(.BOTH.,#1046);
#674=FACE_OUTER_BOUND('',#1047,.T.);
#675=PLANE('',#1048);
#676=SURFACE_STYLE_USAGE(.BOTH.,#1049);
#677=FACE_OUTER_BOUND('',#1050,.T.);
#678=PLANE('',#1051);
#679=SURFACE_STYLE_USAGE(.BOTH.,#1052);
#680=FACE_OUTER_BOUND('',#1053,.T.);
#681=PLANE('',#1054);
#682=SURFACE_STYLE_USAGE(.BOTH.,#1055);
#683=FACE_OUTER_BOUND('',#1056,.T.);
#684=PLANE('',#1057);
#685=SURFACE_STYLE_USAGE(.BOTH.,#1058);
#686=FACE_OUTER_BOUND('',#1059,.T.);
#687=PLANE('',#1060);
#688=SURFACE_STYLE_USAGE(.BOTH.,#1061);
#689=FACE_OUTER_BOUND('',#1062,.T.);
#690=PLANE('',#1063);
#691=SURFACE_STYLE_USAGE(.BOTH.,#1064);
#692=FACE_OUTER_BOUND('',#1065,.T.);
#693=PLANE('',#1066);
#694=SURFACE_STYLE_USAGE(.BOTH.,#1067);
#695=FACE_OUTER_BOUND('',#1068,.T.);
#696=PLANE('',#1069);
#697=SURFACE_STYLE_USAGE(.BOTH.,#1070);
#698=FACE_OUTER_BOUND('',#1071,.T.);
#699=PLANE('',#1072);
#700=SURFACE_STYLE_USAGE(.BOTH.,#1073);
#701=FACE_OUTER_BOUND('',#1074,.T.);
#702=PLANE('',#1075);
#703=SURFACE_STYLE_USAGE(.BOTH.,#1076);
#704=FACE_OUTER_BOUND('',#1077,.T.);
#705=PLANE('',#1078);
#706=SURFACE_STYLE_USAGE(.BOTH.,#1079);
#707=FACE_OUTER_BOUND('',#1080,.T.);
#708=PLANE('',#1081);
#709=SURFACE_STYLE_USAGE(.BOTH.,#1082);
#710=FACE_OUTER_BOUND('',#1083,.T.);
#711=PLANE('',#1084);
#712=SURFACE_STYLE_USAGE(.BOTH.,#1085);
#713=FACE_OUTER_BOUND('',#1086,.T.);
#714=PLANE('',#1087);
#715=SURFACE_STYLE_USAGE(.BOTH.,#1088);
#716=FACE_OUTER_BOUND('',#1089,.T.);
#717=PLANE('',#1090);
#718=SURFACE_STYLE_USAGE(.BOTH.,#1091);
#719=FACE_OUTER_BOUND('',#1092,.T.);
#720=PLANE('',#1093);
#721=SURFACE_STYLE_USAGE(.BOTH.,#1094);
#722=FACE_OUTER_BOUND('',#1095,.T.);
#723=PLANE('',#1096);
#724=SURFACE_STYLE_USAGE(.BOTH.,#1097);
#725=FACE_OUTER_BOUND('',#1098,.T.);
#726=PLANE('',#1099);
#727=SURFACE_STYLE_USAGE(.BOTH.,#1100);
#728=FACE_OUTER_BOUND('',#1101,.T.);
#729=PLANE('',#1102);
#730=SURFACE_STYLE_USAGE(.BOTH.,#1103);
#731=FACE_OUTER_BOUND('',#1104,.T.);
#732=PLANE('',#1105);
#733=SURFACE_STYLE_USAGE(.BOTH.,#1106);
#734=FACE_OUTER_BOUND('',#1107,.T.);
#735=PLANE('',#1108);
#736=SURFACE_STYLE_USAGE(.BOTH.,#1109);
#737=FACE_BOUND('',#1110,.T.);
#738=FACE_BOUND('',#1111,.T.);
#739=FACE_BOUND('',#1112,.T.);
#740=FACE_OUTER_BOUND('',#1113,.T.);
#741=PLANE('',#1114);
#742=SURFACE_STYLE_USAGE(.BOTH.,#1115);
#743=FACE_OUTER_BOUND('',#1116,.T.);
#744=PLANE('',#1117);
#745=SURFACE_STYLE_USAGE(.BOTH.,#1118);
#746=FACE_OUTER_BOUND('',#1119,.T.);
#747=PLANE('',#1120);
#748=SURFACE_STYLE_USAGE(.BOTH.,#1121);
#749=FACE_OUTER_BOUND('',#1122,.T.);
#750=PLANE('',#1123);
#751=SURFACE_STYLE_USAGE(.BOTH.,#1124);
#752=FACE_OUTER_BOUND('',#1125,.T.);
#753=PLANE('',#1126);
#754=PRODUCT_CONTEXT('',#126,'mechanical');
#755=PRODUCT_DEFINITION_FORMATION_WITH_SPECIFIED_SOURCE(' ','NONE',#371,.NOT_KNOWN.);
#756=CLOSED_SHELL('',(#140,#142,#144,#146,#148,#150,#152,#154,#156,#158,#160,#162,#164,#166,#168,#170,#172,#174,#176,#178,#180,#182,#184,#186,#188,#190,#192,#194,#196,#198,#200,#202,#204,#206,#208,#210,#212,#214,#216,#218,#220,#222,#224,#226,#228,#230,#232,#234,#236,#238,#240,#242,#244,#246,#248,#250,#252,#254,#256,#258,#260,#262,#264,#266,#268,#270,#272,#274,#276,#278,#280,#282,#284,#286,#288,#290,#292,#294,#296,#298,#300,#302,#304,#306,#308,#310,#312,#314,#316,#318,#320,#322,#324,#326,#328,#330,#332,#334,#336,#338,#340,#342,#344,#346,#348,#350,#352,#354,#356,#358,#360,#362,#364,#366,#368,#370));
#757=CARTESIAN_POINT('',(0.0,0.0,0.0));
#758=DIRECTION('',(0.0,0.0,1.0));
#759=DIRECTION('',(1.0,0.0,0.0));
#760= (NAMED_UNIT(#380)LENGTH_UNIT()SI_UNIT(.MILLI.,.METRE.));
#761=SURFACE_SIDE_STYLE('',(#1128));
#762=EDGE_LOOP('',(#1129,#1130,#1131,#1132,#1133,#1134));
#763=AXIS2_PLACEMENT_3D('',#1135,#1136,#1137);
#764=SURFACE_SIDE_STYLE('',(#1138));
#765=EDGE_LOOP('',(#1139,#1140,#1141,#1142));
#766=AXIS2_PLACEMENT_3D('',#1143,#1144,#1145);
#767=SURFACE_SIDE_STYLE('',(#1146));
#768=EDGE_LOOP('',(#1147,#1148,#1149,#1150));
#769=AXIS2_PLACEMENT_3D('',#1151,#1152,#1153);
#770=SURFACE_SIDE_STYLE('',(#1154));
#771=EDGE_LOOP('',(#1155,#1156,#1157,#1158));
#772=AXIS2_PLACEMENT_3D('',#1159,#1160,#1161);
#773=SURFACE_SIDE_STYLE('',(#1162));
#774=EDGE_LOOP('',(#1163,#1164,#1165,#1166));
#775=AXIS2_PLACEMENT_3D('',#1167,#1168,#1169);
#776=SURFACE_SIDE_STYLE('',(#1170));
#777=EDGE_LOOP('',(#1171,#1172,#1173,#1174,#1175,#1176,#1177));
#778=AXIS2_PLACEMENT_3D('',#1178,#1179,#1180);
#779=SURFACE_SIDE_STYLE('',(#1181));
#780=EDGE_LOOP('',(#1182,#1183,#1184,#1185));
#781=AXIS2_PLACEMENT_3D('',#1186,#1187,#1188);
#782=SURFACE_SIDE_STYLE('',(#1189));
#783=EDGE_LOOP('',(#1190,#1191,#1192,#1193));
#784=AXIS2_PLACEMENT_3D('',#1194,#1195,#1196);
#785=SURFACE_SIDE_STYLE('',(#1197));
#786=EDGE_LOOP('',(#1198,#1199,#1200,#1201));
#787=AXIS2_PLACEMENT_3D('',#1202,#1203,#1204);
#788=SURFACE_SIDE_STYLE('',(#1205));
#789=EDGE_LOOP('',(#1206,#1207,#1208,#1209));
#790=AXIS2_PLACEMENT_3D('',#1210,#1211,#1212);
#791=SURFACE_SIDE_STYLE('',(#1213));
#792=EDGE_LOOP('',(#1214,#1215,#1216,#1217));
#793=AXIS2_PLACEMENT_3D('',#1218,#1219,#1220);
#794=SURFACE_SIDE_STYLE('',(#1221));
#795=EDGE_LOOP('',(#1222,#1223,#1224,#1225));
#796=AXIS2_PLACEMENT_3D('',#1226,#1227,#1228);
#797=SURFACE_SIDE_STYLE('',(#1229));
#798=EDGE_LOOP('',(#1230,#1231,#1232,#1233));
#799=AXIS2_PLACEMENT_3D('',#1234,#1235,#1236);
#800=SURFACE_SIDE_STYLE('',(#1237));
#801=EDGE_LOOP('',(#1238,#1239,#1240,#1241));
#802=AXIS2_PLACEMENT_3D('',#1242,#1243,#1244);
#803=SURFACE_SIDE_STYLE('',(#1245));
#804=EDGE_LOOP('',(#1246,#1247,#1248,#1249));
#805=AXIS2_PLACEMENT_3D('',#1250,#1251,#1252);
#806=SURFACE_SIDE_STYLE('',(#1253));
#807=EDGE_LOOP('',(#1254,#1255,#1256,#1257));
#808=AXIS2_PLACEMENT_3D('',#1258,#1259,#1260);
#809=SURFACE_SIDE_STYLE('',(#1261));
#810=EDGE_LOOP('',(#1262,#1263,#1264,#1265));
#811=AXIS2_PLACEMENT_3D('',#1266,#1267,#1268);
#812=SURFACE_SIDE_STYLE('',(#1269));
#813=EDGE_LOOP('',(#1270,#1271,#1272,#1273));
#814=AXIS2_PLACEMENT_3D('',#1274,#1275,#1276);
#815=SURFACE_SIDE_STYLE('',(#1277));
#816=EDGE_LOOP('',(#1278,#1279,#1280,#1281));
#817=AXIS2_PLACEMENT_3D('',#1282,#1283,#1284);
#818=SURFACE_SIDE_STYLE('',(#1285));
#819=EDGE_LOOP('',(#1286,#1287,#1288,#1289,#1290,#1291,#1292,#1293));
#820=AXIS2_PLACEMENT_3D('',#1294,#1295,#1296);
#821=SURFACE_SIDE_STYLE('',(#1297));
#822=EDGE_LOOP('',(#1298,#1299,#1300,#1301,#1302,#1303,#1304,#1305));
#823=AXIS2_PLACEMENT_3D('',#1306,#1307,#1308);
#824=SURFACE_SIDE_STYLE('',(#1309));
#825=EDGE_LOOP('',(#1310,#1311,#1312,#1313));
#826=AXIS2_PLACEMENT_3D('',#1314,#1315,#1316);
#827=SURFACE_SIDE_STYLE('',(#1317));
#828=EDGE_LOOP('',(#1318,#1319,#1320,#1321));
#829=AXIS2_PLACEMENT_3D('',#1322,#1323,#1324);
#830=SURFACE_SIDE_STYLE('',(#1325));
#831=EDGE_LOOP('',(#1326,#1327,#1328,#1329));
#832=EDGE_LOOP('',(#1330,#1331,#1332,#1333));
#833=AXIS2_PLACEMENT_3D('',#1334,#1335,#1336);
#834=SURFACE_SIDE_STYLE('',(#1337));
#835=EDGE_LOOP('',(#1338,#1339,#1340,#1341));
#836=AXIS2_PLACEMENT_3D('',#1342,#1343,#1344);
#837=SURFACE_SIDE_STYLE('',(#1345));
#838=EDGE_LOOP('',(#1346,#1347,#1348,#1349));
#839=AXIS2_PLACEMENT_3D('',#1350,#1351,#1352);
#840=SURFACE_SIDE_STYLE('',(#1353));
#841=EDGE_LOOP('',(#1354,#1355,#1356,#1357));
#842=EDGE_LOOP('',(#1358,#1359,#1360,#1361));
#843=AXIS2_PLACEMENT_3D('',#1362,#1363,#1364);
#844=SURFACE_SIDE_STYLE('',(#1365));
#845=EDGE_LOOP('',(#1366,#1367,#1368,#1369));
#846=AXIS2_PLACEMENT_3D('',#1370,#1371,#1372);
#847=SURFACE_SIDE_STYLE('',(#1373));
#848=EDGE_LOOP('',(#1374,#1375,#1376,#1377,#1378,#1379,#1380,#1381,#1382,#1383));
#849=AXIS2_PLACEMENT_3D('',#1384,#1385,#1386);
#850=SURFACE_SIDE_STYLE('',(#1387));
#851=EDGE_LOOP('',(#1388,#1389,#1390,#1391,#1392,#1393,#1394,#1395,#1396,#1397));
#852=AXIS2_PLACEMENT_3D('',#1398,#1399,#1400);
#853=SURFACE_SIDE_STYLE('',(#1401));
#854=EDGE_LOOP('',(#1402,#1403,#1404));
#855=AXIS2_PLACEMENT_3D('',#1405,#1406,#1407);
#856=SURFACE_SIDE_STYLE('',(#1408));
#857=EDGE_LOOP('',(#1409,#1410,#1411));
#858=AXIS2_PLACEMENT_3D('',#1412,#1413,#1414);
#859=SURFACE_SIDE_STYLE('',(#1415));
#860=EDGE_LOOP('',(#1416,#1417,#1418,#1419,#1420));
#861=AXIS2_PLACEMENT_3D('',#1421,#1422,#1423);
#862=SURFACE_SIDE_STYLE('',(#1424));
#863=EDGE_LOOP('',(#1425,#1426,#1427,#1428));
#864=AXIS2_PLACEMENT_3D('',#1429,#1430,#1431);
#865=SURFACE_SIDE_STYLE('',(#1432));
#866=EDGE_LOOP('',(#1433,#1434));
#867=AXIS2_PLACEMENT_3D('',#1435,#1436,#1437);
#868=SURFACE_SIDE_STYLE('',(#1438));
#869=EDGE_LOOP('',(#1439,#1440,#1441,#1442,#1443,#1444));
#870=AXIS2_PLACEMENT_3D('',#1445,#1446,#1447);
#871=SURFACE_SIDE_STYLE('',(#1448));
#872=EDGE_LOOP('',(#1449,#1450,#1451,#1452));
#873=EDGE_LOOP('',(#1453,#1454,#1455,#1456));
#874=AXIS2_PLACEMENT_3D('',#1457,#1458,#1459);
#875=SURFACE_SIDE_STYLE('',(#1460));
#876=EDGE_LOOP('',(#1461,#1462,#1463,#1464));
#877=AXIS2_PLACEMENT_3D('',#1465,#1466,#1467);
#878=SURFACE_SIDE_STYLE('',(#1468));
#879=EDGE_LOOP('',(#1469,#1470,#1471,#1472));
#880=AXIS2_PLACEMENT_3D('',#1473,#1474,#1475);
#881=SURFACE_SIDE_STYLE('',(#1476));
#882=EDGE_LOOP('',(#1477,#1478,#1479,#1480,#1481,#1482));
#883=AXIS2_PLACEMENT_3D('',#1483,#1484,#1485);
#884=SURFACE_SIDE_STYLE('',(#1486));
#885=EDGE_LOOP('',(#1487,#1488,#1489,#1490));
#886=EDGE_LOOP('',(#1491,#1492));
#887=AXIS2_PLACEMENT_3D('',#1493,#1494,#1495);
#888=SURFACE_SIDE_STYLE('',(#1496));
#889=EDGE_LOOP('',(#1497,#1498,#1499,#1500,#1501,#1502));
#890=AXIS2_PLACEMENT_3D('',#1503,#1504,#1505);
#891=SURFACE_SIDE_STYLE('',(#1506));
#892=EDGE_LOOP('',(#1507,#1508,#1509,#1510,#1511,#1512));
#893=AXIS2_PLACEMENT_3D('',#1513,#1514,#1515);
#894=SURFACE_SIDE_STYLE('',(#1516));
#895=EDGE_LOOP('',(#1517,#1518,#1519,#1520,#1521,#1522,#1523,#1524));
#896=AXIS2_PLACEMENT_3D('',#1525,#1526,#1527);
#897=SURFACE_SIDE_STYLE('',(#1528));
#898=EDGE_LOOP('',(#1529,#1530,#1531,#1532,#1533,#1534,#1535,#1536));
#899=AXIS2_PLACEMENT_3D('',#1537,#1538,#1539);
#900=SURFACE_SIDE_STYLE('',(#1540));
#901=EDGE_LOOP('',(#1541,#1542,#1543,#1544));
#902=EDGE_LOOP('',(#1545,#1546,#1547,#1548));
#903=AXIS2_PLACEMENT_3D('',#1549,#1550,#1551);
#904=SURFACE_SIDE_STYLE('',(#1552));
#905=EDGE_LOOP('',(#1553,#1554,#1555,#1556,#1557,#1558,#1559,#1560));
#906=AXIS2_PLACEMENT_3D('',#1561,#1562,#1563);
#907=SURFACE_SIDE_STYLE('',(#1564));
#908=EDGE_LOOP('',(#1565,#1566,#1567,#1568));
#909=EDGE_LOOP('',(#1569,#1570,#1571,#1572));
#910=AXIS2_PLACEMENT_3D('',#1573,#1574,#1575);
#911=SURFACE_SIDE_STYLE('',(#1576));
#912=EDGE_LOOP('',(#1577,#1578,#1579,#1580,#1581,#1582));
#913=EDGE_LOOP('',(#1583,#1584,#1585,#1586));
#914=AXIS2_PLACEMENT_3D('',#1587,#1588,#1589);
#915=SURFACE_SIDE_STYLE('',(#1590));
#916=EDGE_LOOP('',(#1591,#1592,#1593,#1594));
#917=AXIS2_PLACEMENT_3D('',#1595,#1596,#1597);
#918=SURFACE_SIDE_STYLE('',(#1598));
#919=EDGE_LOOP('',(#1599,#1600,#1601,#1602));
#920=AXIS2_PLACEMENT_3D('',#1603,#1604,#1605);
#921=SURFACE_SIDE_STYLE('',(#1606));
#922=EDGE_LOOP('',(#1607,#1608,#1609,#1610));
#923=AXIS2_PLACEMENT_3D('',#1611,#1612,#1613);
#924=SURFACE_SIDE_STYLE('',(#1614));
#925=EDGE_LOOP('',(#1615,#1616,#1617,#1618));
#926=AXIS2_PLACEMENT_3D('',#1619,#1620,#1621);
#927=SURFACE_SIDE_STYLE('',(#1622));
#928=EDGE_LOOP('',(#1623,#1624,#1625,#1626));
#929=AXIS2_PLACEMENT_3D('',#1627,#1628,#1629);
#930=SURFACE_SIDE_STYLE('',(#1630));
#931=EDGE_LOOP('',(#1631,#1632,#1633,#1634));
#932=AXIS2_PLACEMENT_3D('',#1635,#1636,#1637);
#933=SURFACE_SIDE_STYLE('',(#1638));
#934=EDGE_LOOP('',(#1639,#1640,#1641,#1642));
#935=AXIS2_PLACEMENT_3D('',#1643,#1644,#1645);
#936=SURFACE_SIDE_STYLE('',(#1646));
#937=EDGE_LOOP('',(#1647,#1648,#1649,#1650));
#938=AXIS2_PLACEMENT_3D('',#1651,#1652,#1653);
#939=SURFACE_SIDE_STYLE('',(#1654));
#940=EDGE_LOOP('',(#1655,#1656,#1657,#1658));
#941=AXIS2_PLACEMENT_3D('',#1659,#1660,#1661);
#942=SURFACE_SIDE_STYLE('',(#1662));
#943=EDGE_LOOP('',(#1663,#1664,#1665,#1666,#1667,#1668));
#944=EDGE_LOOP('',(#1669,#1670,#1671,#1672));
#945=AXIS2_PLACEMENT_3D('',#1673,#1674,#1675);
#946=SURFACE_SIDE_STYLE('',(#1676));
#947=EDGE_LOOP('',(#1677,#1678,#1679,#1680,#1681,#1682));
#948=EDGE_LOOP('',(#1683,#1684,#1685,#1686));
#949=AXIS2_PLACEMENT_3D('',#1687,#1688,#1689);
#950=SURFACE_SIDE_STYLE('',(#1690));
#951=EDGE_LOOP('',(#1691,#1692,#1693,#1694));
#952=AXIS2_PLACEMENT_3D('',#1695,#1696,#1697);
#953=SURFACE_SIDE_STYLE('',(#1698));
#954=EDGE_LOOP('',(#1699,#1700,#1701,#1702));
#955=AXIS2_PLACEMENT_3D('',#1703,#1704,#1705);
#956=SURFACE_SIDE_STYLE('',(#1706));
#957=EDGE_LOOP('',(#1707,#1708,#1709,#1710));
#958=AXIS2_PLACEMENT_3D('',#1711,#1712,#1713);
#959=SURFACE_SIDE_STYLE('',(#1714));
#960=EDGE_LOOP('',(#1715,#1716,#1717,#1718));
#961=AXIS2_PLACEMENT_3D('',#1719,#1720,#1721);
#962=SURFACE_SIDE_STYLE('',(#1722));
#963=EDGE_LOOP('',(#1723,#1724,#1725,#1726));
#964=AXIS2_PLACEMENT_3D('',#1727,#1728,#1729);
#965=SURFACE_SIDE_STYLE('',(#1730));
#966=EDGE_LOOP('',(#1731,#1732,#1733,#1734));
#967=AXIS2_PLACEMENT_3D('',#1735,#1736,#1737);
#968=SURFACE_SIDE_STYLE('',(#1738));
#969=EDGE_LOOP('',(#1739,#1740,#1741,#1742));
#970=AXIS2_PLACEMENT_3D('',#1743,#1744,#1745);
#971=SURFACE_SIDE_STYLE('',(#1746));
#972=EDGE_LOOP('',(#1747,#1748,#1749,#1750));
#973=AXIS2_PLACEMENT_3D('',#1751,#1752,#1753);
#974=SURFACE_SIDE_STYLE('',(#1754));
#975=EDGE_LOOP('',(#1755,#1756,#1757,#1758));
#976=AXIS2_PLACEMENT_3D('',#1759,#1760,#1761);
#977=SURFACE_SIDE_STYLE('',(#1762));
#978=EDGE_LOOP('',(#1763,#1764,#1765,#1766,#1767,#1768));
#979=EDGE_LOOP('',(#1769,#1770,#1771,#1772));
#980=AXIS2_PLACEMENT_3D('',#1773,#1774,#1775);
#981=SURFACE_SIDE_STYLE('',(#1776));
#982=EDGE_LOOP('',(#1777,#1778,#1779,#1780,#1781,#1782));
#983=EDGE_LOOP('',(#1783,#1784,#1785,#1786));
#984=AXIS2_PLACEMENT_3D('',#1787,#1788,#1789);
#985=SURFACE_SIDE_STYLE('',(#1790));
#986=EDGE_LOOP('',(#1791,#1792,#1793,#1794));
#987=AXIS2_PLACEMENT_3D('',#1795,#1796,#1797);
#988=SURFACE_SIDE_STYLE('',(#1798));
#989=EDGE_LOOP('',(#1799,#1800,#1801,#1802));
#990=AXIS2_PLACEMENT_3D('',#1803,#1804,#1805);
#991=SURFACE_SIDE_STYLE('',(#1806));
#992=EDGE_LOOP('',(#1807,#1808,#1809,#1810));
#993=AXIS2_PLACEMENT_3D('',#1811,#1812,#1813);
#994=SURFACE_SIDE_STYLE('',(#1814));
#995=EDGE_LOOP('',(#1815,#1816,#1817,#1818));
#996=AXIS2_PLACEMENT_3D('',#1819,#1820,#1821);
#997=SURFACE_SIDE_STYLE('',(#1822));
#998=EDGE_LOOP('',(#1823,#1824,#1825,#1826));
#999=AXIS2_PLACEMENT_3D('',#1827,#1828,#1829);
#1000=SURFACE_SIDE_STYLE('',(#1830));
#1001=EDGE_LOOP('',(#1831,#1832,#1833,#1834));
#1002=AXIS2_PLACEMENT_3D('',#1835,#1836,#1837);
#1003=SURFACE_SIDE_STYLE('',(#1838));
#1004=EDGE_LOOP('',(#1839,#1840,#1841,#1842));
#1005=AXIS2_PLACEMENT_3D('',#1843,#1844,#1845);
#1006=SURFACE_SIDE_STYLE('',(#1846));
#1007=EDGE_LOOP('',(#1847,#1848,#1849,#1850));
#1008=AXIS2_PLACEMENT_3D('',#1851,#1852,#1853);
#1009=SURFACE_SIDE_STYLE('',(#1854));
#1010=EDGE_LOOP('',(#1855,#1856,#1857,#1858));
#1011=AXIS2_PLACEMENT_3D('',#1859,#1860,#1861);
#1012=SURFACE_SIDE_STYLE('',(#1862));
#1013=EDGE_LOOP('',(#1863,#1864,#1865,#1866,#1867,#1868));
#1014=EDGE_LOOP('',(#1869,#1870,#1871,#1872));
#1015=AXIS2_PLACEMENT_3D('',#1873,#1874,#1875);
#1016=SURFACE_SIDE_STYLE('',(#1876));
#1017=EDGE_LOOP('',(#1877,#1878,#1879,#1880));
#1018=EDGE_LOOP('',(#1881,#1882));
#1019=AXIS2_PLACEMENT_3D('',#1883,#1884,#1885);
#1020=SURFACE_SIDE_STYLE('',(#1886));
#1021=EDGE_LOOP('',(#1887,#1888,#1889,#1890));
#1022=EDGE_LOOP('',(#1891,#1892));
#1023=AXIS2_PLACEMENT_3D('',#1893,#1894,#1895);
#1024=SURFACE_SIDE_STYLE('',(#1896));
#1025=EDGE_LOOP('',(#1897,#1898,#1899,#1900));
#1026=EDGE_LOOP('',(#1901,#1902));
#1027=AXIS2_PLACEMENT_3D('',#1903,#1904,#1905);
#1028=SURFACE_SIDE_STYLE('',(#1906));
#1029=EDGE_LOOP('',(#1907,#1908,#1909,#1910));
#1030=AXIS2_PLACEMENT_3D('',#1911,#1912,#1913);
#1031=SURFACE_SIDE_STYLE('',(#1914));
#1032=EDGE_LOOP('',(#1915,#1916,#1917,#1918));
#1033=AXIS2_PLACEMENT_3D('',#1919,#1920,#1921);
#1034=SURFACE_SIDE_STYLE('',(#1922));
#1035=EDGE_LOOP('',(#1923,#1924,#1925,#1926));
#1036=AXIS2_PLACEMENT_3D('',#1927,#1928,#1929);
#1037=SURFACE_SIDE_STYLE('',(#1930));
#1038=EDGE_LOOP('',(#1931,#1932,#1933,#1934));
#1039=AXIS2_PLACEMENT_3D('',#1935,#1936,#1937);
#1040=SURFACE_SIDE_STYLE('',(#1938));
#1041=EDGE_LOOP('',(#1939,#1940,#1941,#1942));
#1042=AXIS2_PLACEMENT_3D('',#1943,#1944,#1945);
#1043=SURFACE_SIDE_STYLE('',(#1946));
#1044=EDGE_LOOP('',(#1947,#1948,#1949,#1950));
#1045=AXIS2_PLACEMENT_3D('',#1951,#1952,#1953);
#1046=SURFACE_SIDE_STYLE('',(#1954));
#1047=EDGE_LOOP('',(#1955,#1956,#1957,#1958));
#1048=AXIS2_PLACEMENT_3D('',#1959,#1960,#1961);
#1049=SURFACE_SIDE_STYLE('',(#1962));
#1050=EDGE_LOOP('',(#1963,#1964,#1965,#1966));
#1051=AXIS2_PLACEMENT_3D('',#1967,#1968,#1969);
#1052=SURFACE_SIDE_STYLE('',(#1970));
#1053=EDGE_LOOP('',(#1971,#1972,#1973,#1974));
#1054=AXIS2_PLACEMENT_3D('',#1975,#1976,#1977);
#1055=SURFACE_SIDE_STYLE('',(#1978));
#1056=EDGE_LOOP('',(#1979,#1980,#1981,#1982));
#1057=AXIS2_PLACEMENT_3D('',#1983,#1984,#1985);
#1058=SURFACE_SIDE_STYLE('',(#1986));
#1059=EDGE_LOOP('',(#1987,#1988,#1989,#1990,#1991,#1992));
#1060=AXIS2_PLACEMENT_3D('',#1993,#1994,#1995);
#1061=SURFACE_SIDE_STYLE('',(#1996));
#1062=EDGE_LOOP('',(#1997,#1998,#1999,#2000));
#1063=AXIS2_PLACEMENT_3D('',#2001,#2002,#2003);
#1064=SURFACE_SIDE_STYLE('',(#2004));
#1065=EDGE_LOOP('',(#2005,#2006,#2007,#2008,#2009,#2010,#2011,#2012));
#1066=AXIS2_PLACEMENT_3D('',#2013,#2014,#2015);
#1067=SURFACE_SIDE_STYLE('',(#2016));
#1068=EDGE_LOOP('',(#2017,#2018,#2019,#2020,#2021,#2022));
#1069=AXIS2_PLACEMENT_3D('',#2023,#2024,#2025);
#1070=SURFACE_SIDE_STYLE('',(#2026));
#1071=EDGE_LOOP('',(#2027,#2028,#2029,#2030));
#1072=AXIS2_PLACEMENT_3D('',#2031,#2032,#2033);
#1073=SURFACE_SIDE_STYLE('',(#2034));
#1074=EDGE_LOOP('',(#2035,#2036,#2037,#2038));
#1075=AXIS2_PLACEMENT_3D('',#2039,#2040,#2041);
#1076=SURFACE_SIDE_STYLE('',(#2042));
#1077=EDGE_LOOP('',(#2043,#2044,#2045,#2046));
#1078=AXIS2_PLACEMENT_3D('',#2047,#2048,#2049);
#1079=SURFACE_SIDE_STYLE('',(#2050));
#1080=EDGE_LOOP('',(#2051,#2052,#2053,#2054));
#1081=AXIS2_PLACEMENT_3D('',#2055,#2056,#2057);
#1082=SURFACE_SIDE_STYLE('',(#2058));
#1083=EDGE_LOOP('',(#2059,#2060,#2061,#2062));
#1084=AXIS2_PLACEMENT_3D('',#2063,#2064,#2065);
#1085=SURFACE_SIDE_STYLE('',(#2066));
#1086=EDGE_LOOP('',(#2067,#2068,#2069,#2070,#2071,#2072,#2073,#2074,#2075,#2076,#2077,#2078));
#1087=AXIS2_PLACEMENT_3D('',#2079,#2080,#2081);
#1088=SURFACE_SIDE_STYLE('',(#2082));
#1089=EDGE_LOOP('',(#2083,#2084,#2085,#2086));
#1090=AXIS2_PLACEMENT_3D('',#2087,#2088,#2089);
#1091=SURFACE_SIDE_STYLE('',(#2090));
#1092=EDGE_LOOP('',(#2091,#2092,#2093,#2094));
#1093=AXIS2_PLACEMENT_3D('',#2095,#2096,#2097);
#1094=SURFACE_SIDE_STYLE('',(#2098));
#1095=EDGE_LOOP('',(#2099,#2100,#2101,#2102));
#1096=AXIS2_PLACEMENT_3D('',#2103,#2104,#2105);
#1097=SURFACE_SIDE_STYLE('',(#2106));
#1098=EDGE_LOOP('',(#2107,#2108,#2109,#2110));
#1099=AXIS2_PLACEMENT_3D('',#2111,#2112,#2113);
#1100=SURFACE_SIDE_STYLE('',(#2114));
#1101=EDGE_LOOP('',(#2115,#2116,#2117,#2118));
#1102=AXIS2_PLACEMENT_3D('',#2119,#2120,#2121);
#1103=SURFACE_SIDE_STYLE('',(#2122));
#1104=EDGE_LOOP('',(#2123,#2124,#2125,#2126));
#1105=AXIS2_PLACEMENT_3D('',#2127,#2128,#2129);
#1106=SURFACE_SIDE_STYLE('',(#2130));
#1107=EDGE_LOOP('',(#2131,#2132,#2133,#2134));
#1108=AXIS2_PLACEMENT_3D('',#2135,#2136,#2137);
#1109=SURFACE_SIDE_STYLE('',(#2138));
#1110=EDGE_LOOP('',(#2139,#2140));
#1111=EDGE_LOOP('',(#2141,#2142));
#1112=EDGE_LOOP('',(#2143,#2144));
#1113=EDGE_LOOP('',(#2145,#2146,#2147,#2148,#2149,#2150,#2151,#2152,#2153,#2154,#2155,#2156));
#1114=AXIS2_PLACEMENT_3D('',#2157,#2158,#2159);
#1115=SURFACE_SIDE_STYLE('',(#2160));
#1116=EDGE_LOOP('',(#2161,#2162,#2163,#2164,#2165,#2166,#2167,#2168));
#1117=AXIS2_PLACEMENT_3D('',#2169,#2170,#2171);
#1118=SURFACE_SIDE_STYLE('',(#2172));
#1119=EDGE_LOOP('',(#2173,#2174,#2175,#2176));
#1120=AXIS2_PLACEMENT_3D('',#2177,#2178,#2179);
#1121=SURFACE_SIDE_STYLE('',(#2180));
#1122=EDGE_LOOP('',(#2181,#2182,#2183,#2184,#2185,#2186,#2187,#2188));
#1123=AXIS2_PLACEMENT_3D('',#2189,#2190,#2191);
#1124=SURFACE_SIDE_STYLE('',(#2192));
#1125=EDGE_LOOP('',(#2193,#2194,#2195,#2196,#2197,#2198,#2199,#2200,#2201,#2202,#2203,#2204));
#1126=AXIS2_PLACEMENT_3D('',#2205,#2206,#2207);
#1128=SURFACE_STYLE_FILL_AREA(#2208);
#1129=ORIENTED_EDGE('',*,*,#2209,.F.);
#1130=ORIENTED_EDGE('',*,*,#2210,.F.);
#1131=ORIENTED_EDGE('',*,*,#2211,.F.);
#1132=ORIENTED_EDGE('',*,*,#2212,.F.);
#1133=ORIENTED_EDGE('',*,*,#2213,.F.);
#1134=ORIENTED_EDGE('',*,*,#2214,.F.);
#1135=CARTESIAN_POINT('',(0.0,8.385,0.0));
#1136=DIRECTION('',(-0.0,1.0,0.0));
#1137=DIRECTION('',(1.0,0.0,0.0));
#1138=SURFACE_STYLE_FILL_AREA(#2215);
#1139=ORIENTED_EDGE('',*,*,#2216,.T.);
#1140=ORIENTED_EDGE('',*,*,#2217,.F.);
#1141=ORIENTED_EDGE('',*,*,#2218,.T.);
#1142=ORIENTED_EDGE('',*,*,#2219,.F.);
#1143=CARTESIAN_POINT('',(1.89813984842468E-16,11.13,0.0));
#1144=DIRECTION('',(6.12303176911189E-17,1.0,0.0));
#1145=DIRECTION('',(-1.0,6.12303176911189E-17,0.0));
#1146=SURFACE_STYLE_FILL_AREA(#2220);
#1147=ORIENTED_EDGE('',*,*,#2221,.F.);
#1148=ORIENTED_EDGE('',*,*,#2222,.F.);
#1149=ORIENTED_EDGE('',*,*,#2216,.F.);
#1150=ORIENTED_EDGE('',*,*,#2223,.F.);
#1151=CARTESIAN_POINT('',(1.89813984842468E-16,11.13,0.0));
#1152=DIRECTION('',(6.12303176911189E-17,1.0,0.0));
#1153=DIRECTION('',(-1.0,6.12303176911189E-17,0.0));
#1154=SURFACE_STYLE_FILL_AREA(#2224);
#1155=ORIENTED_EDGE('',*,*,#2225,.T.);
#1156=ORIENTED_EDGE('',*,*,#2219,.T.);
#1157=ORIENTED_EDGE('',*,*,#2226,.T.);
#1158=ORIENTED_EDGE('',*,*,#2227,.F.);
#1159=CARTESIAN_POINT('',(3.70859382158024E-16,14.08679336875,0.0));
#1160=DIRECTION('',(-6.12303176911189E-17,-1.0,-0.0));
#1161=DIRECTION('',(-1.0,6.12303176911189E-17,0.0));
#1162=SURFACE_STYLE_FILL_AREA(#2228);
#1163=ORIENTED_EDGE('',*,*,#2229,.F.);
#1164=ORIENTED_EDGE('',*,*,#2223,.T.);
#1165=ORIENTED_EDGE('',*,*,#2225,.F.);
#1166=ORIENTED_EDGE('',*,*,#2230,.F.);
#1167=CARTESIAN_POINT('',(3.70859382158024E-16,14.08679336875,0.0));
#1168=DIRECTION('',(-6.12303176911189E-17,-1.0,-0.0));
#1169=DIRECTION('',(-1.0,6.12303176911189E-17,0.0));
#1170=SURFACE_STYLE_FILL_AREA(#2231);
#1171=ORIENTED_EDGE('',*,*,#2232,.F.);
#1172=ORIENTED_EDGE('',*,*,#2233,.F.);
#1173=ORIENTED_EDGE('',*,*,#2234,.F.);
#1174=ORIENTED_EDGE('',*,*,#2235,.F.);
#1175=ORIENTED_EDGE('',*,*,#2236,.F.);
#1176=ORIENTED_EDGE('',*,*,#2237,.F.);
#1177=ORIENTED_EDGE('',*,*,#2238,.F.);
#1178=CARTESIAN_POINT('',(0.0,17.2287972748168,0.714123332908654));
#1179=DIRECTION('',(-0.0,0.987688340595138,0.156434465040231));
#1180=DIRECTION('',(1.0,0.0,0.0));
#1181=SURFACE_STYLE_FILL_AREA(#2239);
#1182=ORIENTED_EDGE('',*,*,#2240,.F.);
#1183=ORIENTED_EDGE('',*,*,#2241,.F.);
#1184=ORIENTED_EDGE('',*,*,#2242,.F.);
#1185=ORIENTED_EDGE('',*,*,#2243,.F.);
#1186=CARTESIAN_POINT('',(0.0,2.5,-2.0));
#1187=DIRECTION('',(0.0,0.0,1.0));
#1188=DIRECTION('',(1.0,0.0,0.0));
#1189=SURFACE_STYLE_FILL_AREA(#2244);
#1190=ORIENTED_EDGE('',*,*,#2245,.F.);
#1191=ORIENTED_EDGE('',*,*,#2246,.T.);
#1192=ORIENTED_EDGE('',*,*,#2247,.F.);
#1193=ORIENTED_EDGE('',*,*,#2241,.T.);
#1194=CARTESIAN_POINT('',(0.0,2.0,0.0));
#1195=DIRECTION('',(0.0,1.0,0.0));
#1196=DIRECTION('',(0.0,0.0,1.0));
#1197=SURFACE_STYLE_FILL_AREA(#2248);
#1198=ORIENTED_EDGE('',*,*,#2249,.F.);
#1199=ORIENTED_EDGE('',*,*,#2243,.T.);
#1200=ORIENTED_EDGE('',*,*,#2250,.F.);
#1201=ORIENTED_EDGE('',*,*,#2251,.T.);
#1202=CARTESIAN_POINT('',(0.0,3.0,0.0));
#1203=DIRECTION('',(0.0,-1.0,0.0));
#1204=DIRECTION('',(0.0,0.0,-1.0));
#1205=SURFACE_STYLE_FILL_AREA(#2252);
#1206=ORIENTED_EDGE('',*,*,#2253,.F.);
#1207=ORIENTED_EDGE('',*,*,#2254,.T.);
#1208=ORIENTED_EDGE('',*,*,#2255,.F.);
#1209=ORIENTED_EDGE('',*,*,#2256,.T.);
#1210=CARTESIAN_POINT('',(0.0,3.0,0.0));
#1211=DIRECTION('',(0.0,-1.0,0.0));
#1212=DIRECTION('',(0.0,0.0,-1.0));
#1213=SURFACE_STYLE_FILL_AREA(#2257);
#1214=ORIENTED_EDGE('',*,*,#2258,.F.);
#1215=ORIENTED_EDGE('',*,*,#2251,.F.);
#1216=ORIENTED_EDGE('',*,*,#2259,.F.);
#1217=ORIENTED_EDGE('',*,*,#2246,.F.);
#1218=CARTESIAN_POINT('',(0.0,2.5,2.0));
#1219=DIRECTION('',(0.0,0.0,1.0));
#1220=DIRECTION('',(1.0,0.0,0.0));
#1221=SURFACE_STYLE_FILL_AREA(#2260);
#1222=ORIENTED_EDGE('',*,*,#2261,.F.);
#1223=ORIENTED_EDGE('',*,*,#2262,.F.);
#1224=ORIENTED_EDGE('',*,*,#2263,.F.);
#1225=ORIENTED_EDGE('',*,*,#2254,.F.);
#1226=CARTESIAN_POINT('',(0.0,2.5,2.0));
#1227=DIRECTION('',(0.0,0.0,1.0));
#1228=DIRECTION('',(1.0,0.0,0.0));
#1229=SURFACE_STYLE_FILL_AREA(#2264);
#1230=ORIENTED_EDGE('',*,*,#2265,.F.);
#1231=ORIENTED_EDGE('',*,*,#2266,.F.);
#1232=ORIENTED_EDGE('',*,*,#2267,.T.);
#1233=ORIENTED_EDGE('',*,*,#2268,.T.);
#1234=CARTESIAN_POINT('',(0.0,4.565,3.555));
#1235=DIRECTION('',(0.0,0.0,1.0));
#1236=DIRECTION('',(1.0,0.0,0.0));
#1237=SURFACE_STYLE_FILL_AREA(#2269);
#1238=ORIENTED_EDGE('',*,*,#2270,.F.);
#1239=ORIENTED_EDGE('',*,*,#2271,.T.);
#1240=ORIENTED_EDGE('',*,*,#2272,.T.);
#1241=ORIENTED_EDGE('',*,*,#2273,.F.);
#1242=CARTESIAN_POINT('',(0.0,4.565,3.555));
#1243=DIRECTION('',(0.0,0.0,1.0));
#1244=DIRECTION('',(1.0,0.0,0.0));
#1245=SURFACE_STYLE_FILL_AREA(#2274);
#1246=ORIENTED_EDGE('',*,*,#2275,.F.);
#1247=ORIENTED_EDGE('',*,*,#2276,.T.);
#1248=ORIENTED_EDGE('',*,*,#2277,.T.);
#1249=ORIENTED_EDGE('',*,*,#2278,.T.);
#1250=CARTESIAN_POINT('',(0.0,7.92,-4.055));
#1251=DIRECTION('',(0.0,0.0,1.0));
#1252=DIRECTION('',(1.0,0.0,0.0));
#1253=SURFACE_STYLE_FILL_AREA(#2279);
#1254=ORIENTED_EDGE('',*,*,#2280,.F.);
#1255=ORIENTED_EDGE('',*,*,#2268,.F.);
#1256=ORIENTED_EDGE('',*,*,#2281,.T.);
#1257=ORIENTED_EDGE('',*,*,#2282,.F.);
#1258=CARTESIAN_POINT('',(0.0,1.01,0.0));
#1259=DIRECTION('',(0.0,1.0,0.0));
#1260=DIRECTION('',(0.0,0.0,1.0));
#1261=SURFACE_STYLE_FILL_AREA(#2283);
#1262=ORIENTED_EDGE('',*,*,#2284,.F.);
#1263=ORIENTED_EDGE('',*,*,#2285,.F.);
#1264=ORIENTED_EDGE('',*,*,#2286,.F.);
#1265=ORIENTED_EDGE('',*,*,#2271,.F.);
#1266=CARTESIAN_POINT('',(0.0,1.01,0.0));
#1267=DIRECTION('',(0.0,1.0,0.0));
#1268=DIRECTION('',(0.0,0.0,1.0));
#1269=SURFACE_STYLE_FILL_AREA(#2287);
#1270=ORIENTED_EDGE('',*,*,#2288,.F.);
#1271=ORIENTED_EDGE('',*,*,#2282,.T.);
#1272=ORIENTED_EDGE('',*,*,#2289,.T.);
#1273=ORIENTED_EDGE('',*,*,#2290,.F.);
#1274=CARTESIAN_POINT('',(0.0,4.565,-3.555));
#1275=DIRECTION('',(0.0,0.0,1.0));
#1276=DIRECTION('',(1.0,0.0,0.0));
#1277=SURFACE_STYLE_FILL_AREA(#2291);
#1278=ORIENTED_EDGE('',*,*,#2292,.F.);
#1279=ORIENTED_EDGE('',*,*,#2293,.F.);
#1280=ORIENTED_EDGE('',*,*,#2294,.T.);
#1281=ORIENTED_EDGE('',*,*,#2285,.T.);
#1282=CARTESIAN_POINT('',(0.0,4.565,-3.555));
#1283=DIRECTION('',(0.0,0.0,1.0));
#1284=DIRECTION('',(1.0,0.0,0.0));
#1285=SURFACE_STYLE_FILL_AREA(#2295);
#1286=ORIENTED_EDGE('',*,*,#2296,.F.);
#1287=ORIENTED_EDGE('',*,*,#2297,.T.);
#1288=ORIENTED_EDGE('',*,*,#2298,.F.);
#1289=ORIENTED_EDGE('',*,*,#2299,.F.);
#1290=ORIENTED_EDGE('',*,*,#2290,.T.);
#1291=ORIENTED_EDGE('',*,*,#2300,.T.);
#1292=ORIENTED_EDGE('',*,*,#2266,.T.);
#1293=ORIENTED_EDGE('',*,*,#2301,.F.);
#1294=CARTESIAN_POINT('',(0.0,7.71,0.0));
#1295=DIRECTION('',(0.0,1.0,0.0));
#1296=DIRECTION('',(0.0,0.0,1.0));
#1297=SURFACE_STYLE_FILL_AREA(#2302);
#1298=ORIENTED_EDGE('',*,*,#2303,.F.);
#1299=ORIENTED_EDGE('',*,*,#2304,.F.);
#1300=ORIENTED_EDGE('',*,*,#2273,.T.);
#1301=ORIENTED_EDGE('',*,*,#2305,.T.);
#1302=ORIENTED_EDGE('',*,*,#2293,.T.);
#1303=ORIENTED_EDGE('',*,*,#2306,.F.);
#1304=ORIENTED_EDGE('',*,*,#2307,.F.);
#1305=ORIENTED_EDGE('',*,*,#2308,.F.);
#1306=CARTESIAN_POINT('',(0.0,7.71,0.0));
#1307=DIRECTION('',(0.0,1.0,0.0));
#1308=DIRECTION('',(0.0,0.0,1.0));
#1309=SURFACE_STYLE_FILL_AREA(#2309);
#1310=ORIENTED_EDGE('',*,*,#2211,.T.);
#1311=ORIENTED_EDGE('',*,*,#2310,.T.);
#1312=ORIENTED_EDGE('',*,*,#2277,.F.);
#1313=ORIENTED_EDGE('',*,*,#2311,.F.);
#1314=CARTESIAN_POINT('',(0.0,8.13,0.0));
#1315=DIRECTION('',(0.0,-1.0,0.0));
#1316=DIRECTION('',(0.0,0.0,-1.0));
#1317=SURFACE_STYLE_FILL_AREA(#2312);
#1318=ORIENTED_EDGE('',*,*,#2313,.T.);
#1319=ORIENTED_EDGE('',*,*,#2314,.F.);
#1320=ORIENTED_EDGE('',*,*,#2315,.F.);
#1321=ORIENTED_EDGE('',*,*,#2316,.T.);
#1322=CARTESIAN_POINT('',(0.0,8.13,0.0));
#1323=DIRECTION('',(0.0,-1.0,0.0));
#1324=DIRECTION('',(0.0,0.0,-1.0));
#1325=SURFACE_STYLE_FILL_AREA(#2317);
#1326=ORIENTED_EDGE('',*,*,#2300,.F.);
#1327=ORIENTED_EDGE('',*,*,#2289,.F.);
#1328=ORIENTED_EDGE('',*,*,#2281,.F.);
#1329=ORIENTED_EDGE('',*,*,#2267,.F.);
#1330=ORIENTED_EDGE('',*,*,#2318,.T.);
#1331=ORIENTED_EDGE('',*,*,#2255,.T.);
#1332=ORIENTED_EDGE('',*,*,#2263,.T.);
#1333=ORIENTED_EDGE('',*,*,#2319,.T.);
#1334=CARTESIAN_POINT('',(-2.52,4.565,0.0));
#1335=DIRECTION('',(1.0,0.0,0.0));
#1336=DIRECTION('',(0.0,0.0,-1.0));
#1337=SURFACE_STYLE_FILL_AREA(#2320);
#1338=ORIENTED_EDGE('',*,*,#2321,.F.);
#1339=ORIENTED_EDGE('',*,*,#2322,.T.);
#1340=ORIENTED_EDGE('',*,*,#2319,.F.);
#1341=ORIENTED_EDGE('',*,*,#2262,.T.);
#1342=CARTESIAN_POINT('',(0.0,2.0,0.0));
#1343=DIRECTION('',(0.0,1.0,0.0));
#1344=DIRECTION('',(0.0,0.0,1.0));
#1345=SURFACE_STYLE_FILL_AREA(#2323);
#1346=ORIENTED_EDGE('',*,*,#2324,.F.);
#1347=ORIENTED_EDGE('',*,*,#2256,.F.);
#1348=ORIENTED_EDGE('',*,*,#2318,.F.);
#1349=ORIENTED_EDGE('',*,*,#2322,.F.);
#1350=CARTESIAN_POINT('',(0.0,2.5,-2.0));
#1351=DIRECTION('',(0.0,0.0,1.0));
#1352=DIRECTION('',(1.0,0.0,0.0));
#1353=SURFACE_STYLE_FILL_AREA(#2325);
#1354=ORIENTED_EDGE('',*,*,#2305,.F.);
#1355=ORIENTED_EDGE('',*,*,#2272,.F.);
#1356=ORIENTED_EDGE('',*,*,#2286,.T.);
#1357=ORIENTED_EDGE('',*,*,#2294,.F.);
#1358=ORIENTED_EDGE('',*,*,#2242,.T.);
#1359=ORIENTED_EDGE('',*,*,#2247,.T.);
#1360=ORIENTED_EDGE('',*,*,#2259,.T.);
#1361=ORIENTED_EDGE('',*,*,#2250,.T.);
#1362=CARTESIAN_POINT('',(2.52,4.565,0.0));
#1363=DIRECTION('',(-1.0,0.0,0.0));
#1364=DIRECTION('',(0.0,0.0,1.0));
#1365=SURFACE_STYLE_FILL_AREA(#2326);
#1366=ORIENTED_EDGE('',*,*,#2327,.F.);
#1367=ORIENTED_EDGE('',*,*,#2328,.T.);
#1368=ORIENTED_EDGE('',*,*,#2315,.T.);
#1369=ORIENTED_EDGE('',*,*,#2329,.T.);
#1370=CARTESIAN_POINT('',(0.0,7.92,4.055));
#1371=DIRECTION('',(0.0,0.0,1.0));
#1372=DIRECTION('',(1.0,0.0,0.0));
#1373=SURFACE_STYLE_FILL_AREA(#2330);
#1374=ORIENTED_EDGE('',*,*,#2331,.F.);
#1375=ORIENTED_EDGE('',*,*,#2329,.F.);
#1376=ORIENTED_EDGE('',*,*,#2314,.T.);
#1377=ORIENTED_EDGE('',*,*,#2332,.F.);
#1378=ORIENTED_EDGE('',*,*,#2311,.T.);
#1379=ORIENTED_EDGE('',*,*,#2276,.F.);
#1380=ORIENTED_EDGE('',*,*,#2333,.F.);
#1381=ORIENTED_EDGE('',*,*,#2334,.F.);
#1382=ORIENTED_EDGE('',*,*,#2297,.F.);
#1383=ORIENTED_EDGE('',*,*,#2335,.F.);
#1384=CARTESIAN_POINT('',(-2.53,7.92,0.0));
#1385=DIRECTION('',(1.0,0.0,0.0));
#1386=DIRECTION('',(0.0,0.0,-1.0));
#1387=SURFACE_STYLE_FILL_AREA(#2336);
#1388=ORIENTED_EDGE('',*,*,#2337,.F.);
#1389=ORIENTED_EDGE('',*,*,#2308,.T.);
#1390=ORIENTED_EDGE('',*,*,#2338,.F.);
#1391=ORIENTED_EDGE('',*,*,#2339,.F.);
#1392=ORIENTED_EDGE('',*,*,#2278,.F.);
#1393=ORIENTED_EDGE('',*,*,#2310,.F.);
#1394=ORIENTED_EDGE('',*,*,#2340,.F.);
#1395=ORIENTED_EDGE('',*,*,#2316,.F.);
#1396=ORIENTED_EDGE('',*,*,#2328,.F.);
#1397=ORIENTED_EDGE('',*,*,#2341,.F.);
#1398=CARTESIAN_POINT('',(2.53,7.92,0.0));
#1399=DIRECTION('',(-1.0,0.0,0.0));
#1400=DIRECTION('',(0.0,0.0,1.0));
#1401=SURFACE_STYLE_FILL_AREA(#2342);
#1402=ORIENTED_EDGE('',*,*,#2332,.T.);
#1403=ORIENTED_EDGE('',*,*,#2343,.T.);
#1404=ORIENTED_EDGE('',*,*,#2212,.T.);
#1405=CARTESIAN_POINT('',(0.0,8.13,0.0));
#1406=DIRECTION('',(0.0,-1.0,0.0));
#1407=DIRECTION('',(-1.0,0.0,0.0));
#1408=SURFACE_STYLE_FILL_AREA(#2344);
#1409=ORIENTED_EDGE('',*,*,#2340,.T.);
#1410=ORIENTED_EDGE('',*,*,#2210,.T.);
#1411=ORIENTED_EDGE('',*,*,#2345,.T.);
#1412=CARTESIAN_POINT('',(0.0,8.13,0.0));
#1413=DIRECTION('',(0.0,-1.0,0.0));
#1414=DIRECTION('',(-1.0,0.0,0.0));
#1415=SURFACE_STYLE_FILL_AREA(#2346);
#1416=ORIENTED_EDGE('',*,*,#2232,.T.);
#1417=ORIENTED_EDGE('',*,*,#2347,.F.);
#1418=ORIENTED_EDGE('',*,*,#2348,.F.);
#1419=ORIENTED_EDGE('',*,*,#2236,.T.);
#1420=ORIENTED_EDGE('',*,*,#2349,.F.);
#1421=CARTESIAN_POINT('',(0.0,17.2287972748168,0.714123332908654));
#1422=DIRECTION('',(-0.0,0.987688340595138,0.156434465040231));
#1423=DIRECTION('',(1.0,0.0,0.0));
#1424=SURFACE_STYLE_FILL_AREA(#2350);
#1425=ORIENTED_EDGE('',*,*,#2238,.T.);
#1426=ORIENTED_EDGE('',*,*,#2237,.T.);
#1427=ORIENTED_EDGE('',*,*,#2348,.T.);
#1428=ORIENTED_EDGE('',*,*,#2347,.T.);
#1429=CARTESIAN_POINT('',(0.0,21.7375945496336,1.42824666581731));
#1430=DIRECTION('',(0.0,-0.156434465040231,0.987688340595138));
#1431=DIRECTION('',(1.0,0.0,0.0));
#1432=SURFACE_STYLE_FILL_AREA(#2351);
#1433=ORIENTED_EDGE('',*,*,#2234,.T.);
#1434=ORIENTED_EDGE('',*,*,#2352,.F.);
#1435=CARTESIAN_POINT('',(0.0,13.97,0.0));
#1436=DIRECTION('',(-0.0,1.0,0.0));
#1437=DIRECTION('',(1.0,0.0,0.0));
#1438=SURFACE_STYLE_FILL_AREA(#2353);
#1439=ORIENTED_EDGE('',*,*,#2354,.F.);
#1440=ORIENTED_EDGE('',*,*,#2355,.F.);
#1441=ORIENTED_EDGE('',*,*,#2356,.F.);
#1442=ORIENTED_EDGE('',*,*,#2357,.F.);
#1443=ORIENTED_EDGE('',*,*,#2226,.F.);
#1444=ORIENTED_EDGE('',*,*,#2218,.F.);
#1445=CARTESIAN_POINT('',(0.0,7.365,-1.977));
#1446=DIRECTION('',(0.0,0.0,1.0));
#1447=DIRECTION('',(1.0,0.0,0.0));
#1448=SURFACE_STYLE_FILL_AREA(#2358);
#1449=ORIENTED_EDGE('',*,*,#2233,.T.);
#1450=ORIENTED_EDGE('',*,*,#2349,.T.);
#1451=ORIENTED_EDGE('',*,*,#2235,.T.);
#1452=ORIENTED_EDGE('',*,*,#2352,.T.);
#1453=ORIENTED_EDGE('',*,*,#2357,.T.);
#1454=ORIENTED_EDGE('',*,*,#2359,.T.);
#1455=ORIENTED_EDGE('',*,*,#2230,.T.);
#1456=ORIENTED_EDGE('',*,*,#2227,.T.);
#1457=CARTESIAN_POINT('',(-1.06329336875,14.23,0.0));
#1458=DIRECTION('',(6.12303176911189E-17,1.0,0.0));
#1459=DIRECTION('',(-1.0,6.12303176911189E-17,0.0));
#1460=SURFACE_STYLE_FILL_AREA(#2360);
#1461=ORIENTED_EDGE('',*,*,#2229,.T.);
#1462=ORIENTED_EDGE('',*,*,#2359,.F.);
#1463=ORIENTED_EDGE('',*,*,#2356,.T.);
#1464=ORIENTED_EDGE('',*,*,#2361,.T.);
#1465=CARTESIAN_POINT('',(3.70859382158024E-16,14.08679336875,0.0));
#1466=DIRECTION('',(-6.12303176911189E-17,-1.0,-0.0));
#1467=DIRECTION('',(-1.0,6.12303176911189E-17,0.0));
#1468=SURFACE_STYLE_FILL_AREA(#2362);
#1469=ORIENTED_EDGE('',*,*,#2221,.T.);
#1470=ORIENTED_EDGE('',*,*,#2361,.F.);
#1471=ORIENTED_EDGE('',*,*,#2355,.T.);
#1472=ORIENTED_EDGE('',*,*,#2363,.F.);
#1473=CARTESIAN_POINT('',(1.89813984842468E-16,11.13,0.0));
#1474=DIRECTION('',(6.12303176911189E-17,1.0,0.0));
#1475=DIRECTION('',(-1.0,6.12303176911189E-17,0.0));
#1476=SURFACE_STYLE_FILL_AREA(#2364);
#1477=ORIENTED_EDGE('',*,*,#2209,.T.);
#1478=ORIENTED_EDGE('',*,*,#2365,.F.);
#1479=ORIENTED_EDGE('',*,*,#2213,.T.);
#1480=ORIENTED_EDGE('',*,*,#2343,.F.);
#1481=ORIENTED_EDGE('',*,*,#2313,.F.);
#1482=ORIENTED_EDGE('',*,*,#2345,.F.);
#1483=CARTESIAN_POINT('',(0.0,8.385,0.0));
#1484=DIRECTION('',(-0.0,1.0,0.0));
#1485=DIRECTION('',(1.0,0.0,0.0));
#1486=SURFACE_STYLE_FILL_AREA(#2366);
#1487=ORIENTED_EDGE('',*,*,#2354,.T.);
#1488=ORIENTED_EDGE('',*,*,#2217,.T.);
#1489=ORIENTED_EDGE('',*,*,#2222,.T.);
#1490=ORIENTED_EDGE('',*,*,#2363,.T.);
#1491=ORIENTED_EDGE('',*,*,#2214,.T.);
#1492=ORIENTED_EDGE('',*,*,#2365,.T.);
#1493=CARTESIAN_POINT('',(0.0,8.64,0.0));
#1494=DIRECTION('',(-0.0,1.0,0.0));
#1495=DIRECTION('',(1.0,0.0,0.0));
#1496=SURFACE_STYLE_FILL_AREA(#2367);
#1497=ORIENTED_EDGE('',*,*,#2303,.T.);
#1498=ORIENTED_EDGE('',*,*,#2337,.T.);
#1499=ORIENTED_EDGE('',*,*,#2368,.F.);
#1500=ORIENTED_EDGE('',*,*,#2369,.F.);
#1501=ORIENTED_EDGE('',*,*,#2370,.F.);
#1502=ORIENTED_EDGE('',*,*,#2371,.F.);
#1503=CARTESIAN_POINT('',(2.94,6.065,3.565));
#1504=DIRECTION('',(0.0,0.0,1.0));
#1505=DIRECTION('',(1.0,0.0,0.0));
#1506=SURFACE_STYLE_FILL_AREA(#2372);
#1507=ORIENTED_EDGE('',*,*,#2335,.T.);
#1508=ORIENTED_EDGE('',*,*,#2296,.T.);
#1509=ORIENTED_EDGE('',*,*,#2373,.F.);
#1510=ORIENTED_EDGE('',*,*,#2374,.F.);
#1511=ORIENTED_EDGE('',*,*,#2375,.F.);
#1512=ORIENTED_EDGE('',*,*,#2376,.F.);
#1513=CARTESIAN_POINT('',(-2.94,6.065,3.565));
#1514=DIRECTION('',(1.22460635382238E-16,0.0,-1.0));
#1515=DIRECTION('',(-1.0,0.0,-1.22460635382238E-16));
#1516=SURFACE_STYLE_FILL_AREA(#2377);
#1517=ORIENTED_EDGE('',*,*,#2339,.T.);
#1518=ORIENTED_EDGE('',*,*,#2378,.T.);
#1519=ORIENTED_EDGE('',*,*,#2379,.T.);
#1520=ORIENTED_EDGE('',*,*,#2380,.F.);
#1521=ORIENTED_EDGE('',*,*,#2381,.F.);
#1522=ORIENTED_EDGE('',*,*,#2382,.T.);
#1523=ORIENTED_EDGE('',*,*,#2333,.T.);
#1524=ORIENTED_EDGE('',*,*,#2275,.T.);
#1525=CARTESIAN_POINT('',(0.0,7.72,0.0));
#1526=DIRECTION('',(0.0,-1.0,0.0));
#1527=DIRECTION('',(0.0,0.0,-1.0));
#1528=SURFACE_STYLE_FILL_AREA(#2383);
#1529=ORIENTED_EDGE('',*,*,#2341,.T.);
#1530=ORIENTED_EDGE('',*,*,#2327,.T.);
#1531=ORIENTED_EDGE('',*,*,#2331,.T.);
#1532=ORIENTED_EDGE('',*,*,#2376,.T.);
#1533=ORIENTED_EDGE('',*,*,#2384,.F.);
#1534=ORIENTED_EDGE('',*,*,#2385,.F.);
#1535=ORIENTED_EDGE('',*,*,#2386,.T.);
#1536=ORIENTED_EDGE('',*,*,#2368,.T.);
#1537=CARTESIAN_POINT('',(0.0,7.72,0.0));
#1538=DIRECTION('',(0.0,-1.0,0.0));
#1539=DIRECTION('',(0.0,0.0,-1.0));
#1540=SURFACE_STYLE_FILL_AREA(#2387);
#1541=ORIENTED_EDGE('',*,*,#2388,.T.);
#1542=ORIENTED_EDGE('',*,*,#2389,.T.);
#1543=ORIENTED_EDGE('',*,*,#2390,.T.);
#1544=ORIENTED_EDGE('',*,*,#2391,.T.);
#1545=ORIENTED_EDGE('',*,*,#2261,.T.);
#1546=ORIENTED_EDGE('',*,*,#2253,.T.);
#1547=ORIENTED_EDGE('',*,*,#2324,.T.);
#1548=ORIENTED_EDGE('',*,*,#2321,.T.);
#1549=CARTESIAN_POINT('',(-2.44,6.065,-2.9880395033266E-16));
#1550=DIRECTION('',(-1.0,0.0,-1.22460635382238E-16));
#1551=DIRECTION('',(-1.22460635382238E-16,0.0,1.0));
#1552=SURFACE_STYLE_FILL_AREA(#2392);
#1553=ORIENTED_EDGE('',*,*,#2301,.T.);
#1554=ORIENTED_EDGE('',*,*,#2265,.T.);
#1555=ORIENTED_EDGE('',*,*,#2280,.T.);
#1556=ORIENTED_EDGE('',*,*,#2288,.T.);
#1557=ORIENTED_EDGE('',*,*,#2299,.T.);
#1558=ORIENTED_EDGE('',*,*,#2393,.T.);
#1559=ORIENTED_EDGE('',*,*,#2394,.T.);
#1560=ORIENTED_EDGE('',*,*,#2373,.T.);
#1561=CARTESIAN_POINT('',(-2.44,6.065,-2.9880395033266E-16));
#1562=DIRECTION('',(-1.0,0.0,-1.22460635382238E-16));
#1563=DIRECTION('',(-1.22460635382238E-16,0.0,1.0));
#1564=SURFACE_STYLE_FILL_AREA(#2395);
#1565=ORIENTED_EDGE('',*,*,#2258,.T.);
#1566=ORIENTED_EDGE('',*,*,#2245,.T.);
#1567=ORIENTED_EDGE('',*,*,#2240,.T.);
#1568=ORIENTED_EDGE('',*,*,#2249,.T.);
#1569=ORIENTED_EDGE('',*,*,#2396,.T.);
#1570=ORIENTED_EDGE('',*,*,#2397,.T.);
#1571=ORIENTED_EDGE('',*,*,#2398,.T.);
#1572=ORIENTED_EDGE('',*,*,#2399,.T.);
#1573=CARTESIAN_POINT('',(2.44,6.065,0.0));
#1574=DIRECTION('',(1.0,0.0,0.0));
#1575=DIRECTION('',(0.0,0.0,-1.0));
#1576=SURFACE_STYLE_FILL_AREA(#2400);
#1577=ORIENTED_EDGE('',*,*,#2401,.F.);
#1578=ORIENTED_EDGE('',*,*,#2402,.F.);
#1579=ORIENTED_EDGE('',*,*,#2403,.F.);
#1580=ORIENTED_EDGE('',*,*,#2404,.F.);
#1581=ORIENTED_EDGE('',*,*,#2405,.F.);
#1582=ORIENTED_EDGE('',*,*,#2406,.F.);
#1583=ORIENTED_EDGE('',*,*,#2407,.T.);
#1584=ORIENTED_EDGE('',*,*,#2408,.T.);
#1585=ORIENTED_EDGE('',*,*,#2409,.T.);
#1586=ORIENTED_EDGE('',*,*,#2410,.T.);
#1587=CARTESIAN_POINT('',(-5.20417042793042E-18,2.27551841761908,2.795));
#1588=DIRECTION('',(0.0,0.0,1.0));
#1589=DIRECTION('',(1.0,0.0,0.0));
#1590=SURFACE_STYLE_FILL_AREA(#2411);
#1591=ORIENTED_EDGE('',*,*,#2412,.F.);
#1592=ORIENTED_EDGE('',*,*,#2413,.T.);
#1593=ORIENTED_EDGE('',*,*,#2414,.T.);
#1594=ORIENTED_EDGE('',*,*,#2402,.T.);
#1595=CARTESIAN_POINT('',(-0.76,2.335,2.285));
#1596=DIRECTION('',(-1.0,0.0,0.0));
#1597=DIRECTION('',(0.0,-1.0,0.0));
#1598=SURFACE_STYLE_FILL_AREA(#2415);
#1599=ORIENTED_EDGE('',*,*,#2416,.F.);
#1600=ORIENTED_EDGE('',*,*,#2417,.T.);
#1601=ORIENTED_EDGE('',*,*,#2409,.F.);
#1602=ORIENTED_EDGE('',*,*,#2418,.F.);
#1603=CARTESIAN_POINT('',(-0.38,-1.39,1.775));
#1604=DIRECTION('',(-1.0,1.25556883309741E-16,0.0));
#1605=DIRECTION('',(-1.25556883309741E-16,-1.0,0.0));
#1606=SURFACE_STYLE_FILL_AREA(#2419);
#1607=ORIENTED_EDGE('',*,*,#2420,.F.);
#1608=ORIENTED_EDGE('',*,*,#2418,.T.);
#1609=ORIENTED_EDGE('',*,*,#2408,.F.);
#1610=ORIENTED_EDGE('',*,*,#2421,.F.);
#1611=CARTESIAN_POINT('',(2.56248879537332E-16,-1.395,1.775));
#1612=DIRECTION('',(0.0,0.0,1.0));
#1613=DIRECTION('',(1.0,0.0,0.0));
#1614=SURFACE_STYLE_FILL_AREA(#2422);
#1615=ORIENTED_EDGE('',*,*,#2423,.F.);
#1616=ORIENTED_EDGE('',*,*,#2421,.T.);
#1617=ORIENTED_EDGE('',*,*,#2407,.F.);
#1618=ORIENTED_EDGE('',*,*,#2424,.F.);
#1619=CARTESIAN_POINT('',(0.38,-1.39,1.775));
#1620=DIRECTION('',(1.0,-3.34818355492643E-16,0.0));
#1621=DIRECTION('',(3.34818355492643E-16,1.0,0.0));
#1622=SURFACE_STYLE_FILL_AREA(#2425);
#1623=ORIENTED_EDGE('',*,*,#2426,.F.);
#1624=ORIENTED_EDGE('',*,*,#2424,.T.);
#1625=ORIENTED_EDGE('',*,*,#2410,.F.);
#1626=ORIENTED_EDGE('',*,*,#2417,.F.);
#1627=CARTESIAN_POINT('',(2.56861182714244E-16,-1.385,1.775));
#1628=DIRECTION('',(0.0,0.0,1.0));
#1629=DIRECTION('',(1.0,0.0,0.0));
#1630=SURFACE_STYLE_FILL_AREA(#2427);
#1631=ORIENTED_EDGE('',*,*,#2428,.F.);
#1632=ORIENTED_EDGE('',*,*,#2406,.T.);
#1633=ORIENTED_EDGE('',*,*,#2429,.F.);
#1634=ORIENTED_EDGE('',*,*,#2430,.F.);
#1635=CARTESIAN_POINT('',(0.76,2.335,2.285));
#1636=DIRECTION('',(1.0,2.27738056333365E-17,0.0));
#1637=DIRECTION('',(-2.27738056333365E-17,1.0,0.0));
#1638=SURFACE_STYLE_FILL_AREA(#2431);
#1639=ORIENTED_EDGE('',*,*,#2405,.T.);
#1640=ORIENTED_EDGE('',*,*,#2432,.F.);
#1641=ORIENTED_EDGE('',*,*,#2433,.F.);
#1642=ORIENTED_EDGE('',*,*,#2429,.T.);
#1643=CARTESIAN_POINT('',(0.635,-2.665,2.285));
#1644=DIRECTION('',(0.707106781186549,-0.707106781186546,0.0));
#1645=DIRECTION('',(0.707106781186546,0.707106781186549,0.0));
#1646=SURFACE_STYLE_FILL_AREA(#2434);
#1647=ORIENTED_EDGE('',*,*,#2404,.T.);
#1648=ORIENTED_EDGE('',*,*,#2435,.F.);
#1649=ORIENTED_EDGE('',*,*,#2436,.T.);
#1650=ORIENTED_EDGE('',*,*,#2432,.T.);
#1651=CARTESIAN_POINT('',(0.0,-2.79,2.285));
#1652=DIRECTION('',(0.0,-1.0,0.0));
#1653=DIRECTION('',(1.0,0.0,0.0));
#1654=SURFACE_STYLE_FILL_AREA(#2437);
#1655=ORIENTED_EDGE('',*,*,#2403,.T.);
#1656=ORIENTED_EDGE('',*,*,#2414,.F.);
#1657=ORIENTED_EDGE('',*,*,#2438,.T.);
#1658=ORIENTED_EDGE('',*,*,#2435,.T.);
#1659=CARTESIAN_POINT('',(-0.635,-2.665,2.285));
#1660=DIRECTION('',(-0.707106781186548,-0.707106781186547,0.0));
#1661=DIRECTION('',(0.707106781186547,-0.707106781186548,0.0));
#1662=SURFACE_STYLE_FILL_AREA(#2439);
#1663=ORIENTED_EDGE('',*,*,#2440,.F.);
#1664=ORIENTED_EDGE('',*,*,#2430,.T.);
#1665=ORIENTED_EDGE('',*,*,#2433,.T.);
#1666=ORIENTED_EDGE('',*,*,#2436,.F.);
#1667=ORIENTED_EDGE('',*,*,#2438,.F.);
#1668=ORIENTED_EDGE('',*,*,#2413,.F.);
#1669=ORIENTED_EDGE('',*,*,#2423,.T.);
#1670=ORIENTED_EDGE('',*,*,#2426,.T.);
#1671=ORIENTED_EDGE('',*,*,#2416,.T.);
#1672=ORIENTED_EDGE('',*,*,#2420,.T.);
#1673=CARTESIAN_POINT('',(-5.20417042793042E-18,2.27551841761908,2.285));
#1674=DIRECTION('',(0.0,0.0,1.0));
#1675=DIRECTION('',(1.0,0.0,0.0));
#1676=SURFACE_STYLE_FILL_AREA(#2441);
#1677=ORIENTED_EDGE('',*,*,#2442,.F.);
#1678=ORIENTED_EDGE('',*,*,#2443,.F.);
#1679=ORIENTED_EDGE('',*,*,#2444,.F.);
#1680=ORIENTED_EDGE('',*,*,#2445,.F.);
#1681=ORIENTED_EDGE('',*,*,#2446,.F.);
#1682=ORIENTED_EDGE('',*,*,#2447,.F.);
#1683=ORIENTED_EDGE('',*,*,#2448,.T.);
#1684=ORIENTED_EDGE('',*,*,#2449,.T.);
#1685=ORIENTED_EDGE('',*,*,#2450,.T.);
#1686=ORIENTED_EDGE('',*,*,#2451,.T.);
#1687=CARTESIAN_POINT('',(-5.20417042793042E-18,2.27551841761908,-2.285));
#1688=DIRECTION('',(0.0,0.0,1.0));
#1689=DIRECTION('',(1.0,0.0,0.0));
#1690=SURFACE_STYLE_FILL_AREA(#2452);
#1691=ORIENTED_EDGE('',*,*,#2453,.F.);
#1692=ORIENTED_EDGE('',*,*,#2454,.T.);
#1693=ORIENTED_EDGE('',*,*,#2455,.T.);
#1694=ORIENTED_EDGE('',*,*,#2443,.T.);
#1695=CARTESIAN_POINT('',(-0.76,2.335,-2.795));
#1696=DIRECTION('',(-1.0,0.0,0.0));
#1697=DIRECTION('',(0.0,-1.0,0.0));
#1698=SURFACE_STYLE_FILL_AREA(#2456);
#1699=ORIENTED_EDGE('',*,*,#2457,.F.);
#1700=ORIENTED_EDGE('',*,*,#2458,.T.);
#1701=ORIENTED_EDGE('',*,*,#2450,.F.);
#1702=ORIENTED_EDGE('',*,*,#2459,.F.);
#1703=CARTESIAN_POINT('',(-0.38,-1.39,-3.305));
#1704=DIRECTION('',(-1.0,1.25556883309741E-16,0.0));
#1705=DIRECTION('',(-1.25556883309741E-16,-1.0,0.0));
#1706=SURFACE_STYLE_FILL_AREA(#2460);
#1707=ORIENTED_EDGE('',*,*,#2461,.F.);
#1708=ORIENTED_EDGE('',*,*,#2459,.T.);
#1709=ORIENTED_EDGE('',*,*,#2449,.F.);
#1710=ORIENTED_EDGE('',*,*,#2462,.F.);
#1711=CARTESIAN_POINT('',(2.56248879537332E-16,-1.395,-3.305));
#1712=DIRECTION('',(0.0,0.0,1.0));
#1713=DIRECTION('',(1.0,0.0,0.0));
#1714=SURFACE_STYLE_FILL_AREA(#2463);
#1715=ORIENTED_EDGE('',*,*,#2464,.F.);
#1716=ORIENTED_EDGE('',*,*,#2462,.T.);
#1717=ORIENTED_EDGE('',*,*,#2448,.F.);
#1718=ORIENTED_EDGE('',*,*,#2465,.F.);
#1719=CARTESIAN_POINT('',(0.38,-1.39,-3.305));
#1720=DIRECTION('',(1.0,-3.34818355492643E-16,0.0));
#1721=DIRECTION('',(3.34818355492643E-16,1.0,0.0));
#1722=SURFACE_STYLE_FILL_AREA(#2466);
#1723=ORIENTED_EDGE('',*,*,#2467,.F.);
#1724=ORIENTED_EDGE('',*,*,#2465,.T.);
#1725=ORIENTED_EDGE('',*,*,#2451,.F.);
#1726=ORIENTED_EDGE('',*,*,#2458,.F.);
#1727=CARTESIAN_POINT('',(2.56861182714244E-16,-1.385,-3.305));
#1728=DIRECTION('',(0.0,0.0,1.0));
#1729=DIRECTION('',(1.0,0.0,0.0));
#1730=SURFACE_STYLE_FILL_AREA(#2468);
#1731=ORIENTED_EDGE('',*,*,#2469,.F.);
#1732=ORIENTED_EDGE('',*,*,#2447,.T.);
#1733=ORIENTED_EDGE('',*,*,#2470,.F.);
#1734=ORIENTED_EDGE('',*,*,#2471,.F.);
#1735=CARTESIAN_POINT('',(0.76,2.335,-2.795));
#1736=DIRECTION('',(1.0,2.27738056333365E-17,0.0));
#1737=DIRECTION('',(-2.27738056333365E-17,1.0,0.0));
#1738=SURFACE_STYLE_FILL_AREA(#2472);
#1739=ORIENTED_EDGE('',*,*,#2446,.T.);
#1740=ORIENTED_EDGE('',*,*,#2473,.F.);
#1741=ORIENTED_EDGE('',*,*,#2474,.F.);
#1742=ORIENTED_EDGE('',*,*,#2470,.T.);
#1743=CARTESIAN_POINT('',(0.635,-2.665,-2.795));
#1744=DIRECTION('',(0.707106781186549,-0.707106781186546,0.0));
#1745=DIRECTION('',(0.707106781186546,0.707106781186549,0.0));
#1746=SURFACE_STYLE_FILL_AREA(#2475);
#1747=ORIENTED_EDGE('',*,*,#2445,.T.);
#1748=ORIENTED_EDGE('',*,*,#2476,.F.);
#1749=ORIENTED_EDGE('',*,*,#2477,.T.);
#1750=ORIENTED_EDGE('',*,*,#2473,.T.);
#1751=CARTESIAN_POINT('',(0.0,-2.79,-2.795));
#1752=DIRECTION('',(0.0,-1.0,0.0));
#1753=DIRECTION('',(1.0,0.0,0.0));
#1754=SURFACE_STYLE_FILL_AREA(#2478);
#1755=ORIENTED_EDGE('',*,*,#2444,.T.);
#1756=ORIENTED_EDGE('',*,*,#2455,.F.);
#1757=ORIENTED_EDGE('',*,*,#2479,.T.);
#1758=ORIENTED_EDGE('',*,*,#2476,.T.);
#1759=CARTESIAN_POINT('',(-0.635,-2.665,-2.795));
#1760=DIRECTION('',(-0.707106781186548,-0.707106781186547,0.0));
#1761=DIRECTION('',(0.707106781186547,-0.707106781186548,0.0));
#1762=SURFACE_STYLE_FILL_AREA(#2480);
#1763=ORIENTED_EDGE('',*,*,#2481,.F.);
#1764=ORIENTED_EDGE('',*,*,#2471,.T.);
#1765=ORIENTED_EDGE('',*,*,#2474,.T.);
#1766=ORIENTED_EDGE('',*,*,#2477,.F.);
#1767=ORIENTED_EDGE('',*,*,#2479,.F.);
#1768=ORIENTED_EDGE('',*,*,#2454,.F.);
#1769=ORIENTED_EDGE('',*,*,#2464,.T.);
#1770=ORIENTED_EDGE('',*,*,#2467,.T.);
#1771=ORIENTED_EDGE('',*,*,#2457,.T.);
#1772=ORIENTED_EDGE('',*,*,#2461,.T.);
#1773=CARTESIAN_POINT('',(-5.20417042793042E-18,2.27551841761908,-2.795));
#1774=DIRECTION('',(0.0,0.0,1.0));
#1775=DIRECTION('',(1.0,0.0,0.0));
#1776=SURFACE_STYLE_FILL_AREA(#2482);
#1777=ORIENTED_EDGE('',*,*,#2483,.F.);
#1778=ORIENTED_EDGE('',*,*,#2484,.F.);
#1779=ORIENTED_EDGE('',*,*,#2485,.F.);
#1780=ORIENTED_EDGE('',*,*,#2486,.F.);
#1781=ORIENTED_EDGE('',*,*,#2487,.F.);
#1782=ORIENTED_EDGE('',*,*,#2488,.F.);
#1783=ORIENTED_EDGE('',*,*,#2489,.T.);
#1784=ORIENTED_EDGE('',*,*,#2490,.T.);
#1785=ORIENTED_EDGE('',*,*,#2491,.T.);
#1786=ORIENTED_EDGE('',*,*,#2492,.T.);
#1787=CARTESIAN_POINT('',(-5.20417042793042E-18,1.00551841761908,0.255));
#1788=DIRECTION('',(0.0,0.0,1.0));
#1789=DIRECTION('',(1.0,0.0,0.0));
#1790=SURFACE_STYLE_FILL_AREA(#2493);
#1791=ORIENTED_EDGE('',*,*,#2494,.F.);
#1792=ORIENTED_EDGE('',*,*,#2495,.T.);
#1793=ORIENTED_EDGE('',*,*,#2496,.T.);
#1794=ORIENTED_EDGE('',*,*,#2484,.T.);
#1795=CARTESIAN_POINT('',(-0.76,1.065,-0.255));
#1796=DIRECTION('',(-1.0,0.0,0.0));
#1797=DIRECTION('',(0.0,-1.0,0.0));
#1798=SURFACE_STYLE_FILL_AREA(#2497);
#1799=ORIENTED_EDGE('',*,*,#2498,.F.);
#1800=ORIENTED_EDGE('',*,*,#2499,.T.);
#1801=ORIENTED_EDGE('',*,*,#2491,.F.);
#1802=ORIENTED_EDGE('',*,*,#2500,.F.);
#1803=CARTESIAN_POINT('',(-0.38,-2.66,-0.765));
#1804=DIRECTION('',(-1.0,1.25556883309741E-16,0.0));
#1805=DIRECTION('',(-1.25556883309741E-16,-1.0,0.0));
#1806=SURFACE_STYLE_FILL_AREA(#2501);
#1807=ORIENTED_EDGE('',*,*,#2502,.F.);
#1808=ORIENTED_EDGE('',*,*,#2500,.T.);
#1809=ORIENTED_EDGE('',*,*,#2490,.F.);
#1810=ORIENTED_EDGE('',*,*,#2503,.F.);
#1811=CARTESIAN_POINT('',(2.56248879537332E-16,-2.665,-0.765));
#1812=DIRECTION('',(0.0,0.0,1.0));
#1813=DIRECTION('',(1.0,0.0,0.0));
#1814=SURFACE_STYLE_FILL_AREA(#2504);
#1815=ORIENTED_EDGE('',*,*,#2505,.F.);
#1816=ORIENTED_EDGE('',*,*,#2503,.T.);
#1817=ORIENTED_EDGE('',*,*,#2489,.F.);
#1818=ORIENTED_EDGE('',*,*,#2506,.F.);
#1819=CARTESIAN_POINT('',(0.38,-2.66,-0.765));
#1820=DIRECTION('',(1.0,-3.34818355492643E-16,0.0));
#1821=DIRECTION('',(3.34818355492643E-16,1.0,0.0));
#1822=SURFACE_STYLE_FILL_AREA(#2507);
#1823=ORIENTED_EDGE('',*,*,#2508,.F.);
#1824=ORIENTED_EDGE('',*,*,#2506,.T.);
#1825=ORIENTED_EDGE('',*,*,#2492,.F.);
#1826=ORIENTED_EDGE('',*,*,#2499,.F.);
#1827=CARTESIAN_POINT('',(2.56861182714244E-16,-2.655,-0.765));
#1828=DIRECTION('',(0.0,0.0,1.0));
#1829=DIRECTION('',(1.0,0.0,0.0));
#1830=SURFACE_STYLE_FILL_AREA(#2509);
#1831=ORIENTED_EDGE('',*,*,#2510,.F.);
#1832=ORIENTED_EDGE('',*,*,#2488,.T.);
#1833=ORIENTED_EDGE('',*,*,#2511,.F.);
#1834=ORIENTED_EDGE('',*,*,#2512,.F.);
#1835=CARTESIAN_POINT('',(0.76,1.065,-0.255));
#1836=DIRECTION('',(1.0,2.27738056333365E-17,0.0));
#1837=DIRECTION('',(-2.27738056333365E-17,1.0,0.0));
#1838=SURFACE_STYLE_FILL_AREA(#2513);
#1839=ORIENTED_EDGE('',*,*,#2487,.T.);
#1840=ORIENTED_EDGE('',*,*,#2514,.F.);
#1841=ORIENTED_EDGE('',*,*,#2515,.F.);
#1842=ORIENTED_EDGE('',*,*,#2511,.T.);
#1843=CARTESIAN_POINT('',(0.635,-3.935,-0.255));
#1844=DIRECTION('',(0.707106781186549,-0.707106781186546,0.0));
#1845=DIRECTION('',(0.707106781186546,0.707106781186549,0.0));
#1846=SURFACE_STYLE_FILL_AREA(#2516);
#1847=ORIENTED_EDGE('',*,*,#2486,.T.);
#1848=ORIENTED_EDGE('',*,*,#2517,.F.);
#1849=ORIENTED_EDGE('',*,*,#2518,.T.);
#1850=ORIENTED_EDGE('',*,*,#2514,.T.);
#1851=CARTESIAN_POINT('',(0.0,-4.06,-0.255));
#1852=DIRECTION('',(0.0,-1.0,0.0));
#1853=DIRECTION('',(1.0,0.0,0.0));
#1854=SURFACE_STYLE_FILL_AREA(#2519);
#1855=ORIENTED_EDGE('',*,*,#2485,.T.);
#1856=ORIENTED_EDGE('',*,*,#2496,.F.);
#1857=ORIENTED_EDGE('',*,*,#2520,.T.);
#1858=ORIENTED_EDGE('',*,*,#2517,.T.);
#1859=CARTESIAN_POINT('',(-0.635,-3.935,-0.255));
#1860=DIRECTION('',(-0.707106781186548,-0.707106781186547,0.0));
#1861=DIRECTION('',(0.707106781186547,-0.707106781186548,0.0));
#1862=SURFACE_STYLE_FILL_AREA(#2521);
#1863=ORIENTED_EDGE('',*,*,#2522,.F.);
#1864=ORIENTED_EDGE('',*,*,#2512,.T.);
#1865=ORIENTED_EDGE('',*,*,#2515,.T.);
#1866=ORIENTED_EDGE('',*,*,#2518,.F.);
#1867=ORIENTED_EDGE('',*,*,#2520,.F.);
#1868=ORIENTED_EDGE('',*,*,#2495,.F.);
#1869=ORIENTED_EDGE('',*,*,#2505,.T.);
#1870=ORIENTED_EDGE('',*,*,#2508,.T.);
#1871=ORIENTED_EDGE('',*,*,#2498,.T.);
#1872=ORIENTED_EDGE('',*,*,#2502,.T.);
#1873=CARTESIAN_POINT('',(-5.20417042793042E-18,1.00551841761908,-0.255));
#1874=DIRECTION('',(0.0,0.0,1.0));
#1875=DIRECTION('',(1.0,0.0,0.0));
#1876=SURFACE_STYLE_FILL_AREA(#2523);
#1877=ORIENTED_EDGE('',*,*,#2412,.T.);
#1878=ORIENTED_EDGE('',*,*,#2401,.T.);
#1879=ORIENTED_EDGE('',*,*,#2428,.T.);
#1880=ORIENTED_EDGE('',*,*,#2440,.T.);
#1881=ORIENTED_EDGE('',*,*,#2524,.F.);
#1882=ORIENTED_EDGE('',*,*,#2525,.F.);
#1883=CARTESIAN_POINT('',(1.11022302462516E-16,0.75,2.54));
#1884=DIRECTION('',(1.0,0.0,0.0));
#1885=DIRECTION('',(0.0,0.0,-1.0));
#1886=SURFACE_STYLE_FILL_AREA(#2526);
#1887=ORIENTED_EDGE('',*,*,#2494,.T.);
#1888=ORIENTED_EDGE('',*,*,#2483,.T.);
#1889=ORIENTED_EDGE('',*,*,#2510,.T.);
#1890=ORIENTED_EDGE('',*,*,#2522,.T.);
#1891=ORIENTED_EDGE('',*,*,#2527,.F.);
#1892=ORIENTED_EDGE('',*,*,#2528,.F.);
#1893=CARTESIAN_POINT('',(1.11022302462516E-16,0.75,0.0));
#1894=DIRECTION('',(1.0,0.0,0.0));
#1895=DIRECTION('',(0.0,0.0,-1.0));
#1896=SURFACE_STYLE_FILL_AREA(#2529);
#1897=ORIENTED_EDGE('',*,*,#2453,.T.);
#1898=ORIENTED_EDGE('',*,*,#2442,.T.);
#1899=ORIENTED_EDGE('',*,*,#2469,.T.);
#1900=ORIENTED_EDGE('',*,*,#2481,.T.);
#1901=ORIENTED_EDGE('',*,*,#2530,.F.);
#1902=ORIENTED_EDGE('',*,*,#2531,.F.);
#1903=CARTESIAN_POINT('',(1.11022302462516E-16,0.75,-2.54));
#1904=DIRECTION('',(1.0,0.0,0.0));
#1905=DIRECTION('',(0.0,0.0,-1.0));
#1906=SURFACE_STYLE_FILL_AREA(#2532);
#1907=ORIENTED_EDGE('',*,*,#2398,.F.);
#1908=ORIENTED_EDGE('',*,*,#2533,.T.);
#1909=ORIENTED_EDGE('',*,*,#2534,.T.);
#1910=ORIENTED_EDGE('',*,*,#2535,.T.);
#1911=CARTESIAN_POINT('',(0.0,2.5,1.99));
#1912=DIRECTION('',(0.0,0.0,1.0));
#1913=DIRECTION('',(1.0,0.0,0.0));
#1914=SURFACE_STYLE_FILL_AREA(#2536);
#1915=ORIENTED_EDGE('',*,*,#2397,.F.);
#1916=ORIENTED_EDGE('',*,*,#2537,.F.);
#1917=ORIENTED_EDGE('',*,*,#2538,.F.);
#1918=ORIENTED_EDGE('',*,*,#2533,.F.);
#1919=CARTESIAN_POINT('',(0.0,2.01,0.0));
#1920=DIRECTION('',(0.0,1.0,0.0));
#1921=DIRECTION('',(0.0,0.0,1.0));
#1922=SURFACE_STYLE_FILL_AREA(#2539);
#1923=ORIENTED_EDGE('',*,*,#2399,.F.);
#1924=ORIENTED_EDGE('',*,*,#2535,.F.);
#1925=ORIENTED_EDGE('',*,*,#2540,.T.);
#1926=ORIENTED_EDGE('',*,*,#2541,.F.);
#1927=CARTESIAN_POINT('',(0.0,2.99,0.0));
#1928=DIRECTION('',(0.0,-1.0,0.0));
#1929=DIRECTION('',(0.0,0.0,-1.0));
#1930=SURFACE_STYLE_FILL_AREA(#2542);
#1931=ORIENTED_EDGE('',*,*,#2389,.F.);
#1932=ORIENTED_EDGE('',*,*,#2543,.F.);
#1933=ORIENTED_EDGE('',*,*,#2544,.F.);
#1934=ORIENTED_EDGE('',*,*,#2545,.F.);
#1935=CARTESIAN_POINT('',(0.0,2.99,0.0));
#1936=DIRECTION('',(0.0,-1.0,0.0));
#1937=DIRECTION('',(0.0,0.0,-1.0));
#1938=SURFACE_STYLE_FILL_AREA(#2546);
#1939=ORIENTED_EDGE('',*,*,#2396,.F.);
#1940=ORIENTED_EDGE('',*,*,#2541,.T.);
#1941=ORIENTED_EDGE('',*,*,#2547,.T.);
#1942=ORIENTED_EDGE('',*,*,#2537,.T.);
#1943=CARTESIAN_POINT('',(0.0,2.5,-1.99));
#1944=DIRECTION('',(0.0,0.0,1.0));
#1945=DIRECTION('',(1.0,0.0,0.0));
#1946=SURFACE_STYLE_FILL_AREA(#2548);
#1947=ORIENTED_EDGE('',*,*,#2388,.F.);
#1948=ORIENTED_EDGE('',*,*,#2549,.T.);
#1949=ORIENTED_EDGE('',*,*,#2550,.T.);
#1950=ORIENTED_EDGE('',*,*,#2543,.T.);
#1951=CARTESIAN_POINT('',(0.0,2.5,-1.99));
#1952=DIRECTION('',(0.0,0.0,1.0));
#1953=DIRECTION('',(1.0,0.0,0.0));
#1954=SURFACE_STYLE_FILL_AREA(#2551);
#1955=ORIENTED_EDGE('',*,*,#2390,.F.);
#1956=ORIENTED_EDGE('',*,*,#2545,.T.);
#1957=ORIENTED_EDGE('',*,*,#2552,.T.);
#1958=ORIENTED_EDGE('',*,*,#2553,.T.);
#1959=CARTESIAN_POINT('',(0.0,2.5,1.99));
#1960=DIRECTION('',(0.0,0.0,1.0));
#1961=DIRECTION('',(1.0,0.0,0.0));
#1962=SURFACE_STYLE_FILL_AREA(#2554);
#1963=ORIENTED_EDGE('',*,*,#2391,.F.);
#1964=ORIENTED_EDGE('',*,*,#2553,.F.);
#1965=ORIENTED_EDGE('',*,*,#2555,.T.);
#1966=ORIENTED_EDGE('',*,*,#2549,.F.);
#1967=CARTESIAN_POINT('',(0.0,2.01,0.0));
#1968=DIRECTION('',(0.0,1.0,0.0));
#1969=DIRECTION('',(0.0,0.0,1.0));
#1970=SURFACE_STYLE_FILL_AREA(#2556);
#1971=ORIENTED_EDGE('',*,*,#2544,.T.);
#1972=ORIENTED_EDGE('',*,*,#2550,.F.);
#1973=ORIENTED_EDGE('',*,*,#2555,.F.);
#1974=ORIENTED_EDGE('',*,*,#2552,.F.);
#1975=CARTESIAN_POINT('',(-2.54,2.5,0.0));
#1976=DIRECTION('',(1.0,0.0,0.0));
#1977=DIRECTION('',(0.0,0.0,-1.0));
#1978=SURFACE_STYLE_FILL_AREA(#2557);
#1979=ORIENTED_EDGE('',*,*,#2538,.T.);
#1980=ORIENTED_EDGE('',*,*,#2547,.F.);
#1981=ORIENTED_EDGE('',*,*,#2540,.F.);
#1982=ORIENTED_EDGE('',*,*,#2534,.F.);
#1983=CARTESIAN_POINT('',(2.54,2.5,0.0));
#1984=DIRECTION('',(-1.0,0.0,0.0));
#1985=DIRECTION('',(0.0,0.0,1.0));
#1986=SURFACE_STYLE_FILL_AREA(#2558);
#1987=ORIENTED_EDGE('',*,*,#2334,.T.);
#1988=ORIENTED_EDGE('',*,*,#2382,.F.);
#1989=ORIENTED_EDGE('',*,*,#2559,.F.);
#1990=ORIENTED_EDGE('',*,*,#2560,.F.);
#1991=ORIENTED_EDGE('',*,*,#2393,.F.);
#1992=ORIENTED_EDGE('',*,*,#2298,.T.);
#1993=CARTESIAN_POINT('',(-2.94,6.065,-3.565));
#1994=DIRECTION('',(1.22460635382238E-16,0.0,-1.0));
#1995=DIRECTION('',(-1.0,0.0,-1.22460635382238E-16));
#1996=SURFACE_STYLE_FILL_AREA(#2561);
#1997=ORIENTED_EDGE('',*,*,#2562,.F.);
#1998=ORIENTED_EDGE('',*,*,#2374,.T.);
#1999=ORIENTED_EDGE('',*,*,#2394,.F.);
#2000=ORIENTED_EDGE('',*,*,#2560,.T.);
#2001=CARTESIAN_POINT('',(-2.94,1.0,-3.60034268023779E-16));
#2002=DIRECTION('',(0.0,1.0,0.0));
#2003=DIRECTION('',(1.22460635382238E-16,0.0,-1.0));
#2004=SURFACE_STYLE_FILL_AREA(#2563);
#2005=ORIENTED_EDGE('',*,*,#2304,.T.);
#2006=ORIENTED_EDGE('',*,*,#2371,.T.);
#2007=ORIENTED_EDGE('',*,*,#2564,.T.);
#2008=ORIENTED_EDGE('',*,*,#2565,.T.);
#2009=ORIENTED_EDGE('',*,*,#2306,.T.);
#2010=ORIENTED_EDGE('',*,*,#2292,.T.);
#2011=ORIENTED_EDGE('',*,*,#2284,.T.);
#2012=ORIENTED_EDGE('',*,*,#2270,.T.);
#2013=CARTESIAN_POINT('',(2.44,6.065,0.0));
#2014=DIRECTION('',(1.0,0.0,0.0));
#2015=DIRECTION('',(0.0,0.0,-1.0));
#2016=SURFACE_STYLE_FILL_AREA(#2566);
#2017=ORIENTED_EDGE('',*,*,#2307,.T.);
#2018=ORIENTED_EDGE('',*,*,#2565,.F.);
#2019=ORIENTED_EDGE('',*,*,#2567,.F.);
#2020=ORIENTED_EDGE('',*,*,#2568,.F.);
#2021=ORIENTED_EDGE('',*,*,#2378,.F.);
#2022=ORIENTED_EDGE('',*,*,#2338,.T.);
#2023=CARTESIAN_POINT('',(2.94,6.065,-3.565));
#2024=DIRECTION('',(0.0,0.0,1.0));
#2025=DIRECTION('',(1.0,0.0,0.0));
#2026=SURFACE_STYLE_FILL_AREA(#2569);
#2027=ORIENTED_EDGE('',*,*,#2570,.F.);
#2028=ORIENTED_EDGE('',*,*,#2567,.T.);
#2029=ORIENTED_EDGE('',*,*,#2564,.F.);
#2030=ORIENTED_EDGE('',*,*,#2370,.T.);
#2031=CARTESIAN_POINT('',(2.94,1.0,0.0));
#2032=DIRECTION('',(0.0,1.0,0.0));
#2033=DIRECTION('',(0.0,0.0,1.0));
#2034=SURFACE_STYLE_FILL_AREA(#2571);
#2035=ORIENTED_EDGE('',*,*,#2572,.F.);
#2036=ORIENTED_EDGE('',*,*,#2573,.F.);
#2037=ORIENTED_EDGE('',*,*,#2574,.F.);
#2038=ORIENTED_EDGE('',*,*,#2575,.F.);
#2039=CARTESIAN_POINT('',(0.0,-0.25,3.565));
#2040=DIRECTION('',(0.0,0.0,1.0));
#2041=DIRECTION('',(1.0,0.0,0.0));
#2042=SURFACE_STYLE_FILL_AREA(#2576);
#2043=ORIENTED_EDGE('',*,*,#2577,.F.);
#2044=ORIENTED_EDGE('',*,*,#2578,.F.);
#2045=ORIENTED_EDGE('',*,*,#2579,.F.);
#2046=ORIENTED_EDGE('',*,*,#2580,.F.);
#2047=CARTESIAN_POINT('',(0.0,-0.25,-3.565));
#2048=DIRECTION('',(0.0,0.0,1.0));
#2049=DIRECTION('',(1.0,0.0,0.0));
#2050=SURFACE_STYLE_FILL_AREA(#2581);
#2051=ORIENTED_EDGE('',*,*,#2582,.F.);
#2052=ORIENTED_EDGE('',*,*,#2583,.F.);
#2053=ORIENTED_EDGE('',*,*,#2584,.F.);
#2054=ORIENTED_EDGE('',*,*,#2585,.F.);
#2055=CARTESIAN_POINT('',(0.0,-0.25,-3.565));
#2056=DIRECTION('',(0.0,0.0,1.0));
#2057=DIRECTION('',(1.0,0.0,0.0));
#2058=SURFACE_STYLE_FILL_AREA(#2586);
#2059=ORIENTED_EDGE('',*,*,#2587,.F.);
#2060=ORIENTED_EDGE('',*,*,#2588,.F.);
#2061=ORIENTED_EDGE('',*,*,#2589,.F.);
#2062=ORIENTED_EDGE('',*,*,#2590,.F.);
#2063=CARTESIAN_POINT('',(0.0,-0.25,3.565));
#2064=DIRECTION('',(0.0,0.0,1.0));
#2065=DIRECTION('',(1.0,0.0,0.0));
#2066=SURFACE_STYLE_FILL_AREA(#2591);
#2067=ORIENTED_EDGE('',*,*,#2369,.T.);
#2068=ORIENTED_EDGE('',*,*,#2386,.F.);
#2069=ORIENTED_EDGE('',*,*,#2592,.F.);
#2070=ORIENTED_EDGE('',*,*,#2593,.T.);
#2071=ORIENTED_EDGE('',*,*,#2587,.T.);
#2072=ORIENTED_EDGE('',*,*,#2594,.T.);
#2073=ORIENTED_EDGE('',*,*,#2582,.T.);
#2074=ORIENTED_EDGE('',*,*,#2595,.T.);
#2075=ORIENTED_EDGE('',*,*,#2596,.F.);
#2076=ORIENTED_EDGE('',*,*,#2379,.F.);
#2077=ORIENTED_EDGE('',*,*,#2568,.T.);
#2078=ORIENTED_EDGE('',*,*,#2570,.T.);
#2079=CARTESIAN_POINT('',(2.54,3.86,0.0));
#2080=DIRECTION('',(-1.0,0.0,0.0));
#2081=DIRECTION('',(0.0,0.0,1.0));
#2082=SURFACE_STYLE_FILL_AREA(#2597);
#2083=ORIENTED_EDGE('',*,*,#2585,.T.);
#2084=ORIENTED_EDGE('',*,*,#2598,.T.);
#2085=ORIENTED_EDGE('',*,*,#2599,.F.);
#2086=ORIENTED_EDGE('',*,*,#2595,.F.);
#2087=CARTESIAN_POINT('',(0.0,0.0,0.0));
#2088=DIRECTION('',(0.0,1.0,0.0));
#2089=DIRECTION('',(0.0,0.0,1.0));
#2090=SURFACE_STYLE_FILL_AREA(#2600);
#2091=ORIENTED_EDGE('',*,*,#2584,.T.);
#2092=ORIENTED_EDGE('',*,*,#2601,.T.);
#2093=ORIENTED_EDGE('',*,*,#2602,.F.);
#2094=ORIENTED_EDGE('',*,*,#2598,.F.);
#2095=CARTESIAN_POINT('',(2.04,-0.25,0.0));
#2096=DIRECTION('',(-1.0,0.0,0.0));
#2097=DIRECTION('',(0.0,0.0,1.0));
#2098=SURFACE_STYLE_FILL_AREA(#2603);
#2099=ORIENTED_EDGE('',*,*,#2578,.T.);
#2100=ORIENTED_EDGE('',*,*,#2604,.T.);
#2101=ORIENTED_EDGE('',*,*,#2605,.F.);
#2102=ORIENTED_EDGE('',*,*,#2606,.T.);
#2103=CARTESIAN_POINT('',(0.0,0.0,0.0));
#2104=DIRECTION('',(0.0,1.0,0.0));
#2105=DIRECTION('',(0.0,0.0,1.0));
#2106=SURFACE_STYLE_FILL_AREA(#2607);
#2107=ORIENTED_EDGE('',*,*,#2575,.T.);
#2108=ORIENTED_EDGE('',*,*,#2608,.T.);
#2109=ORIENTED_EDGE('',*,*,#2609,.F.);
#2110=ORIENTED_EDGE('',*,*,#2610,.T.);
#2111=CARTESIAN_POINT('',(0.0,0.0,0.0));
#2112=DIRECTION('',(0.0,1.0,0.0));
#2113=DIRECTION('',(0.0,0.0,1.0));
#2114=SURFACE_STYLE_FILL_AREA(#2611);
#2115=ORIENTED_EDGE('',*,*,#2579,.T.);
#2116=ORIENTED_EDGE('',*,*,#2606,.F.);
#2117=ORIENTED_EDGE('',*,*,#2612,.F.);
#2118=ORIENTED_EDGE('',*,*,#2613,.F.);
#2119=CARTESIAN_POINT('',(-2.04,-0.25,0.0));
#2120=DIRECTION('',(1.0,0.0,0.0));
#2121=DIRECTION('',(0.0,0.0,-1.0));
#2122=SURFACE_STYLE_FILL_AREA(#2614);
#2123=ORIENTED_EDGE('',*,*,#2574,.T.);
#2124=ORIENTED_EDGE('',*,*,#2615,.F.);
#2125=ORIENTED_EDGE('',*,*,#2616,.F.);
#2126=ORIENTED_EDGE('',*,*,#2608,.F.);
#2127=CARTESIAN_POINT('',(-2.04,-0.25,0.0));
#2128=DIRECTION('',(1.0,0.0,0.0));
#2129=DIRECTION('',(0.0,0.0,-1.0));
#2130=SURFACE_STYLE_FILL_AREA(#2617);
#2131=ORIENTED_EDGE('',*,*,#2589,.T.);
#2132=ORIENTED_EDGE('',*,*,#2618,.F.);
#2133=ORIENTED_EDGE('',*,*,#2619,.F.);
#2134=ORIENTED_EDGE('',*,*,#2620,.T.);
#2135=CARTESIAN_POINT('',(2.04,-0.25,0.0));
#2136=DIRECTION('',(-1.0,0.0,0.0));
#2137=DIRECTION('',(0.0,0.0,1.0));
#2138=SURFACE_STYLE_FILL_AREA(#2621);
#2139=ORIENTED_EDGE('',*,*,#2524,.T.);
#2140=ORIENTED_EDGE('',*,*,#2525,.T.);
#2141=ORIENTED_EDGE('',*,*,#2527,.T.);
#2142=ORIENTED_EDGE('',*,*,#2528,.T.);
#2143=ORIENTED_EDGE('',*,*,#2530,.T.);
#2144=ORIENTED_EDGE('',*,*,#2531,.T.);
#2145=ORIENTED_EDGE('',*,*,#2615,.T.);
#2146=ORIENTED_EDGE('',*,*,#2573,.T.);
#2147=ORIENTED_EDGE('',*,*,#2622,.F.);
#2148=ORIENTED_EDGE('',*,*,#2580,.T.);
#2149=ORIENTED_EDGE('',*,*,#2613,.T.);
#2150=ORIENTED_EDGE('',*,*,#2623,.F.);
#2151=ORIENTED_EDGE('',*,*,#2601,.F.);
#2152=ORIENTED_EDGE('',*,*,#2583,.T.);
#2153=ORIENTED_EDGE('',*,*,#2594,.F.);
#2154=ORIENTED_EDGE('',*,*,#2590,.T.);
#2155=ORIENTED_EDGE('',*,*,#2620,.F.);
#2156=ORIENTED_EDGE('',*,*,#2624,.F.);
#2157=CARTESIAN_POINT('',(0.0,0.5,0.0));
#2158=DIRECTION('',(0.0,-1.0,0.0));
#2159=DIRECTION('',(0.0,0.0,-1.0));
#2160=SURFACE_STYLE_FILL_AREA(#2625);
#2161=ORIENTED_EDGE('',*,*,#2602,.T.);
#2162=ORIENTED_EDGE('',*,*,#2623,.T.);
#2163=ORIENTED_EDGE('',*,*,#2612,.T.);
#2164=ORIENTED_EDGE('',*,*,#2605,.T.);
#2165=ORIENTED_EDGE('',*,*,#2626,.T.);
#2166=ORIENTED_EDGE('',*,*,#2380,.T.);
#2167=ORIENTED_EDGE('',*,*,#2596,.T.);
#2168=ORIENTED_EDGE('',*,*,#2599,.T.);
#2169=CARTESIAN_POINT('',(0.0,3.86,-4.065));
#2170=DIRECTION('',(0.0,0.0,1.0));
#2171=DIRECTION('',(1.0,0.0,0.0));
#2172=SURFACE_STYLE_FILL_AREA(#2627);
#2173=ORIENTED_EDGE('',*,*,#2588,.T.);
#2174=ORIENTED_EDGE('',*,*,#2593,.F.);
#2175=ORIENTED_EDGE('',*,*,#2628,.F.);
#2176=ORIENTED_EDGE('',*,*,#2618,.T.);
#2177=CARTESIAN_POINT('',(0.0,0.0,0.0));
#2178=DIRECTION('',(0.0,1.0,0.0));
#2179=DIRECTION('',(0.0,0.0,1.0));
#2180=SURFACE_STYLE_FILL_AREA(#2629);
#2181=ORIENTED_EDGE('',*,*,#2619,.T.);
#2182=ORIENTED_EDGE('',*,*,#2628,.T.);
#2183=ORIENTED_EDGE('',*,*,#2592,.T.);
#2184=ORIENTED_EDGE('',*,*,#2385,.T.);
#2185=ORIENTED_EDGE('',*,*,#2630,.T.);
#2186=ORIENTED_EDGE('',*,*,#2609,.T.);
#2187=ORIENTED_EDGE('',*,*,#2616,.T.);
#2188=ORIENTED_EDGE('',*,*,#2624,.T.);
#2189=CARTESIAN_POINT('',(0.0,3.86,4.065));
#2190=DIRECTION('',(0.0,0.0,1.0));
#2191=DIRECTION('',(1.0,0.0,0.0));
#2192=SURFACE_STYLE_FILL_AREA(#2631);
#2193=ORIENTED_EDGE('',*,*,#2559,.T.);
#2194=ORIENTED_EDGE('',*,*,#2381,.T.);
#2195=ORIENTED_EDGE('',*,*,#2626,.F.);
#2196=ORIENTED_EDGE('',*,*,#2604,.F.);
#2197=ORIENTED_EDGE('',*,*,#2577,.T.);
#2198=ORIENTED_EDGE('',*,*,#2622,.T.);
#2199=ORIENTED_EDGE('',*,*,#2572,.T.);
#2200=ORIENTED_EDGE('',*,*,#2610,.F.);
#2201=ORIENTED_EDGE('',*,*,#2630,.F.);
#2202=ORIENTED_EDGE('',*,*,#2384,.T.);
#2203=ORIENTED_EDGE('',*,*,#2375,.T.);
#2204=ORIENTED_EDGE('',*,*,#2562,.T.);
#2205=CARTESIAN_POINT('',(-2.54,3.86,0.0));
#2206=DIRECTION('',(1.0,0.0,0.0));
#2207=DIRECTION('',(0.0,0.0,-1.0));
#2208=FILL_AREA_STYLE('',(#2632));
#2209=EDGE_CURVE('',#2633,#2634,#2635,.T.);
#2210=EDGE_CURVE('',#2636,#2633,#2637,.T.);
#2211=EDGE_CURVE('',#2638,#2636,#2639,.T.);
#2212=EDGE_CURVE('',#2640,#2638,#2641,.T.);
#2213=EDGE_CURVE('',#2642,#2640,#2643,.T.);
#2214=EDGE_CURVE('',#2634,#2642,#2644,.T.);
#2215=FILL_AREA_STYLE('',(#2645));
#2216=EDGE_CURVE('',#2646,#2647,#2648,.T.);
#2217=EDGE_CURVE('',#2649,#2647,#2650,.T.);
#2218=EDGE_CURVE('',#2649,#2651,#2652,.T.);
#2219=EDGE_CURVE('',#2646,#2651,#2653,.T.);
#2220=FILL_AREA_STYLE('',(#2654));
#2221=EDGE_CURVE('',#2655,#2656,#2657,.T.);
#2222=EDGE_CURVE('',#2647,#2655,#2658,.T.);
#2223=EDGE_CURVE('',#2656,#2646,#2659,.T.);
#2224=FILL_AREA_STYLE('',(#2660));
#2225=EDGE_CURVE('',#2661,#2646,#2662,.T.);
#2226=EDGE_CURVE('',#2651,#2663,#2664,.T.);
#2227=EDGE_CURVE('',#2661,#2663,#2665,.T.);
#2228=FILL_AREA_STYLE('',(#2666));
#2229=EDGE_CURVE('',#2656,#2667,#2668,.T.);
#2230=EDGE_CURVE('',#2667,#2661,#2669,.T.);
#2231=FILL_AREA_STYLE('',(#2670));
#2232=EDGE_CURVE('',#2671,#2672,#2673,.T.);
#2233=EDGE_CURVE('',#2674,#2671,#2675,.T.);
#2234=EDGE_CURVE('',#2676,#2674,#2677,.T.);
#2235=EDGE_CURVE('',#2678,#2676,#2679,.T.);
#2236=EDGE_CURVE('',#2680,#2678,#2681,.T.);
#2237=EDGE_CURVE('',#2682,#2680,#2683,.T.);
#2238=EDGE_CURVE('',#2672,#2682,#2684,.T.);
#2239=FILL_AREA_STYLE('',(#2685));
#2240=EDGE_CURVE('',#2686,#2687,#2688,.T.);
#2241=EDGE_CURVE('',#2689,#2686,#2690,.T.);
#2242=EDGE_CURVE('',#2691,#2689,#2692,.T.);
#2243=EDGE_CURVE('',#2687,#2691,#2693,.T.);
#2244=FILL_AREA_STYLE('',(#2694));
#2245=EDGE_CURVE('',#2695,#2686,#2696,.T.);
#2246=EDGE_CURVE('',#2695,#2697,#2698,.T.);
#2247=EDGE_CURVE('',#2689,#2697,#2699,.T.);
#2248=FILL_AREA_STYLE('',(#2700));
#2249=EDGE_CURVE('',#2687,#2701,#2702,.T.);
#2250=EDGE_CURVE('',#2703,#2691,#2704,.T.);
#2251=EDGE_CURVE('',#2703,#2701,#2705,.T.);
#2252=FILL_AREA_STYLE('',(#2706));
#2253=EDGE_CURVE('',#2707,#2708,#2709,.T.);
#2254=EDGE_CURVE('',#2707,#2710,#2711,.T.);
#2255=EDGE_CURVE('',#2712,#2710,#2713,.T.);
#2256=EDGE_CURVE('',#2712,#2708,#2714,.T.);
#2257=FILL_AREA_STYLE('',(#2715));
#2258=EDGE_CURVE('',#2701,#2695,#2716,.T.);
#2259=EDGE_CURVE('',#2697,#2703,#2717,.T.);
#2260=FILL_AREA_STYLE('',(#2718));
#2261=EDGE_CURVE('',#2719,#2707,#2720,.T.);
#2262=EDGE_CURVE('',#2721,#2719,#2722,.T.);
#2263=EDGE_CURVE('',#2710,#2721,#2723,.T.);
#2264=FILL_AREA_STYLE('',(#2724));
#2265=EDGE_CURVE('',#2725,#2726,#2727,.T.);
#2266=EDGE_CURVE('',#2728,#2725,#2729,.T.);
#2267=EDGE_CURVE('',#2728,#2730,#2731,.T.);
#2268=EDGE_CURVE('',#2730,#2726,#2732,.T.);
#2269=FILL_AREA_STYLE('',(#2733));
#2270=EDGE_CURVE('',#2734,#2735,#2736,.T.);
#2271=EDGE_CURVE('',#2734,#2737,#2738,.T.);
#2272=EDGE_CURVE('',#2737,#2739,#2740,.T.);
#2273=EDGE_CURVE('',#2735,#2739,#2741,.T.);
#2274=FILL_AREA_STYLE('',(#2742));
#2275=EDGE_CURVE('',#2743,#2744,#2745,.T.);
#2276=EDGE_CURVE('',#2743,#2746,#2747,.T.);
#2277=EDGE_CURVE('',#2746,#2748,#2749,.T.);
#2278=EDGE_CURVE('',#2748,#2744,#2750,.T.);
#2279=FILL_AREA_STYLE('',(#2751));
#2280=EDGE_CURVE('',#2726,#2752,#2753,.T.);
#2281=EDGE_CURVE('',#2730,#2754,#2755,.T.);
#2282=EDGE_CURVE('',#2752,#2754,#2756,.T.);
#2283=FILL_AREA_STYLE('',(#2757));
#2284=EDGE_CURVE('',#2758,#2734,#2759,.T.);
#2285=EDGE_CURVE('',#2760,#2758,#2761,.T.);
#2286=EDGE_CURVE('',#2737,#2760,#2762,.T.);
#2287=FILL_AREA_STYLE('',(#2763));
#2288=EDGE_CURVE('',#2752,#2764,#2765,.T.);
#2289=EDGE_CURVE('',#2754,#2766,#2767,.T.);
#2290=EDGE_CURVE('',#2764,#2766,#2768,.T.);
#2291=FILL_AREA_STYLE('',(#2769));
#2292=EDGE_CURVE('',#2770,#2758,#2771,.T.);
#2293=EDGE_CURVE('',#2772,#2770,#2773,.T.);
#2294=EDGE_CURVE('',#2772,#2760,#2774,.T.);
#2295=FILL_AREA_STYLE('',(#2775));
#2296=EDGE_CURVE('',#2776,#2777,#2778,.T.);
#2297=EDGE_CURVE('',#2776,#2779,#2780,.T.);
#2298=EDGE_CURVE('',#2781,#2779,#2782,.T.);
#2299=EDGE_CURVE('',#2764,#2781,#2783,.T.);
#2300=EDGE_CURVE('',#2766,#2728,#2784,.T.);
#2301=EDGE_CURVE('',#2777,#2725,#2785,.T.);
#2302=FILL_AREA_STYLE('',(#2786));
#2303=EDGE_CURVE('',#2787,#2788,#2789,.T.);
#2304=EDGE_CURVE('',#2735,#2787,#2790,.T.);
#2305=EDGE_CURVE('',#2739,#2772,#2791,.T.);
#2306=EDGE_CURVE('',#2792,#2770,#2793,.T.);
#2307=EDGE_CURVE('',#2794,#2792,#2795,.T.);
#2308=EDGE_CURVE('',#2788,#2794,#2796,.T.);
#2309=FILL_AREA_STYLE('',(#2797));
#2310=EDGE_CURVE('',#2636,#2748,#2798,.T.);
#2311=EDGE_CURVE('',#2638,#2746,#2799,.T.);
#2312=FILL_AREA_STYLE('',(#2800));
#2313=EDGE_CURVE('',#2801,#2802,#2803,.T.);
#2314=EDGE_CURVE('',#2804,#2802,#2805,.T.);
#2315=EDGE_CURVE('',#2806,#2804,#2807,.T.);
#2316=EDGE_CURVE('',#2806,#2801,#2808,.T.);
#2317=FILL_AREA_STYLE('',(#2809));
#2318=EDGE_CURVE('',#2810,#2712,#2811,.T.);
#2319=EDGE_CURVE('',#2721,#2810,#2812,.T.);
#2320=FILL_AREA_STYLE('',(#2813));
#2321=EDGE_CURVE('',#2814,#2719,#2815,.T.);
#2322=EDGE_CURVE('',#2814,#2810,#2816,.T.);
#2323=FILL_AREA_STYLE('',(#2817));
#2324=EDGE_CURVE('',#2708,#2814,#2818,.T.);
#2325=FILL_AREA_STYLE('',(#2819));
#2326=FILL_AREA_STYLE('',(#2820));
#2327=EDGE_CURVE('',#2821,#2822,#2823,.T.);
#2328=EDGE_CURVE('',#2821,#2806,#2824,.T.);
#2329=EDGE_CURVE('',#2804,#2822,#2825,.T.);
#2330=FILL_AREA_STYLE('',(#2826));
#2331=EDGE_CURVE('',#2822,#2827,#2828,.T.);
#2332=EDGE_CURVE('',#2638,#2802,#2829,.T.);
#2333=EDGE_CURVE('',#2830,#2743,#2831,.T.);
#2334=EDGE_CURVE('',#2779,#2830,#2832,.T.);
#2335=EDGE_CURVE('',#2827,#2776,#2833,.T.);
#2336=FILL_AREA_STYLE('',(#2834));
#2337=EDGE_CURVE('',#2788,#2835,#2836,.T.);
#2338=EDGE_CURVE('',#2837,#2794,#2838,.T.);
#2339=EDGE_CURVE('',#2744,#2837,#2839,.T.);
#2340=EDGE_CURVE('',#2801,#2636,#2840,.T.);
#2341=EDGE_CURVE('',#2835,#2821,#2841,.T.);
#2342=FILL_AREA_STYLE('',(#2842));
#2343=EDGE_CURVE('',#2802,#2640,#2843,.T.);
#2344=FILL_AREA_STYLE('',(#2844));
#2345=EDGE_CURVE('',#2633,#2801,#2845,.T.);
#2346=FILL_AREA_STYLE('',(#2846));
#2347=EDGE_CURVE('',#2847,#2672,#2848,.T.);
#2348=EDGE_CURVE('',#2680,#2847,#2849,.T.);
#2349=EDGE_CURVE('',#2671,#2678,#2850,.T.);
#2350=FILL_AREA_STYLE('',(#2851));
#2351=FILL_AREA_STYLE('',(#2852));
#2352=EDGE_CURVE('',#2676,#2674,#2853,.T.);
#2353=FILL_AREA_STYLE('',(#2854));
#2354=EDGE_CURVE('',#2855,#2649,#2856,.T.);
#2355=EDGE_CURVE('',#2857,#2855,#2858,.T.);
#2356=EDGE_CURVE('',#2859,#2857,#2860,.T.);
#2357=EDGE_CURVE('',#2663,#2859,#2861,.T.);
#2358=FILL_AREA_STYLE('',(#2862));
#2359=EDGE_CURVE('',#2859,#2667,#2863,.T.);
#2360=FILL_AREA_STYLE('',(#2864));
#2361=EDGE_CURVE('',#2857,#2656,#2865,.T.);
#2362=FILL_AREA_STYLE('',(#2866));
#2363=EDGE_CURVE('',#2655,#2855,#2867,.T.);
#2364=FILL_AREA_STYLE('',(#2868));
#2365=EDGE_CURVE('',#2642,#2634,#2869,.T.);
#2366=FILL_AREA_STYLE('',(#2870));
#2367=FILL_AREA_STYLE('',(#2871));
#2368=EDGE_CURVE('',#2872,#2835,#2873,.T.);
#2369=EDGE_CURVE('',#2874,#2872,#2875,.T.);
#2370=EDGE_CURVE('',#2876,#2874,#2877,.T.);
#2371=EDGE_CURVE('',#2787,#2876,#2878,.T.);
#2372=FILL_AREA_STYLE('',(#2879));
#2373=EDGE_CURVE('',#2880,#2777,#2881,.T.);
#2374=EDGE_CURVE('',#2882,#2880,#2883,.T.);
#2375=EDGE_CURVE('',#2884,#2882,#2885,.T.);
#2376=EDGE_CURVE('',#2827,#2884,#2886,.T.);
#2377=FILL_AREA_STYLE('',(#2887));
#2378=EDGE_CURVE('',#2837,#2888,#2889,.T.);
#2379=EDGE_CURVE('',#2888,#2890,#2891,.T.);
#2380=EDGE_CURVE('',#2892,#2890,#2893,.T.);
#2381=EDGE_CURVE('',#2894,#2892,#2895,.T.);
#2382=EDGE_CURVE('',#2894,#2830,#2896,.T.);
#2383=FILL_AREA_STYLE('',(#2897));
#2384=EDGE_CURVE('',#2898,#2884,#2899,.T.);
#2385=EDGE_CURVE('',#2900,#2898,#2901,.T.);
#2386=EDGE_CURVE('',#2900,#2872,#2902,.T.);
#2387=FILL_AREA_STYLE('',(#2903));
#2388=EDGE_CURVE('',#2904,#2905,#2906,.T.);
#2389=EDGE_CURVE('',#2905,#2907,#2908,.T.);
#2390=EDGE_CURVE('',#2907,#2909,#2910,.T.);
#2391=EDGE_CURVE('',#2909,#2904,#2911,.T.);
#2392=FILL_AREA_STYLE('',(#2912));
#2393=EDGE_CURVE('',#2781,#2913,#2914,.T.);
#2394=EDGE_CURVE('',#2913,#2880,#2915,.T.);
#2395=FILL_AREA_STYLE('',(#2916));
#2396=EDGE_CURVE('',#2917,#2918,#2919,.T.);
#2397=EDGE_CURVE('',#2918,#2920,#2921,.T.);
#2398=EDGE_CURVE('',#2920,#2922,#2923,.T.);
#2399=EDGE_CURVE('',#2922,#2917,#2924,.T.);
#2400=FILL_AREA_STYLE('',(#2925));
#2401=EDGE_CURVE('',#2926,#2927,#2928,.T.);
#2402=EDGE_CURVE('',#2929,#2926,#2930,.T.);
#2403=EDGE_CURVE('',#2931,#2929,#2932,.T.);
#2404=EDGE_CURVE('',#2933,#2931,#2934,.T.);
#2405=EDGE_CURVE('',#2935,#2933,#2936,.T.);
#2406=EDGE_CURVE('',#2927,#2935,#2937,.T.);
#2407=EDGE_CURVE('',#2938,#2939,#2940,.T.);
#2408=EDGE_CURVE('',#2939,#2941,#2942,.T.);
#2409=EDGE_CURVE('',#2941,#2943,#2944,.T.);
#2410=EDGE_CURVE('',#2943,#2938,#2945,.T.);
#2411=FILL_AREA_STYLE('',(#2946));
#2412=EDGE_CURVE('',#2947,#2926,#2948,.T.);
#2413=EDGE_CURVE('',#2947,#2949,#2950,.T.);
#2414=EDGE_CURVE('',#2949,#2929,#2951,.T.);
#2415=FILL_AREA_STYLE('',(#2952));
#2416=EDGE_CURVE('',#2953,#2954,#2955,.T.);
#2417=EDGE_CURVE('',#2953,#2943,#2956,.T.);
#2418=EDGE_CURVE('',#2954,#2941,#2957,.T.);
#2419=FILL_AREA_STYLE('',(#2958));
#2420=EDGE_CURVE('',#2954,#2959,#2960,.T.);
#2421=EDGE_CURVE('',#2959,#2939,#2961,.T.);
#2422=FILL_AREA_STYLE('',(#2962));
#2423=EDGE_CURVE('',#2959,#2963,#2964,.T.);
#2424=EDGE_CURVE('',#2963,#2938,#2965,.T.);
#2425=FILL_AREA_STYLE('',(#2966));
#2426=EDGE_CURVE('',#2963,#2953,#2967,.T.);
#2427=FILL_AREA_STYLE('',(#2968));
#2428=EDGE_CURVE('',#2927,#2969,#2970,.T.);
#2429=EDGE_CURVE('',#2971,#2935,#2972,.T.);
#2430=EDGE_CURVE('',#2969,#2971,#2973,.T.);
#2431=FILL_AREA_STYLE('',(#2974));
#2432=EDGE_CURVE('',#2975,#2933,#2976,.T.);
#2433=EDGE_CURVE('',#2971,#2975,#2977,.T.);
#2434=FILL_AREA_STYLE('',(#2978));
#2435=EDGE_CURVE('',#2979,#2931,#2980,.T.);
#2436=EDGE_CURVE('',#2979,#2975,#2981,.T.);
#2437=FILL_AREA_STYLE('',(#2982));
#2438=EDGE_CURVE('',#2949,#2979,#2983,.T.);
#2439=FILL_AREA_STYLE('',(#2984));
#2440=EDGE_CURVE('',#2969,#2947,#2985,.T.);
#2441=FILL_AREA_STYLE('',(#2986));
#2442=EDGE_CURVE('',#2987,#2988,#2989,.T.);
#2443=EDGE_CURVE('',#2990,#2987,#2991,.T.);
#2444=EDGE_CURVE('',#2992,#2990,#2993,.T.);
#2445=EDGE_CURVE('',#2994,#2992,#2995,.T.);
#2446=EDGE_CURVE('',#2996,#2994,#2997,.T.);
#2447=EDGE_CURVE('',#2988,#2996,#2998,.T.);
#2448=EDGE_CURVE('',#2999,#3000,#3001,.T.);
#2449=EDGE_CURVE('',#3000,#3002,#3003,.T.);
#2450=EDGE_CURVE('',#3002,#3004,#3005,.T.);
#2451=EDGE_CURVE('',#3004,#2999,#3006,.T.);
#2452=FILL_AREA_STYLE('',(#3007));
#2453=EDGE_CURVE('',#3008,#2987,#3009,.T.);
#2454=EDGE_CURVE('',#3008,#3010,#3011,.T.);
#2455=EDGE_CURVE('',#3010,#2990,#3012,.T.);
#2456=FILL_AREA_STYLE('',(#3013));
#2457=EDGE_CURVE('',#3014,#3015,#3016,.T.);
#2458=EDGE_CURVE('',#3014,#3004,#3017,.T.);
#2459=EDGE_CURVE('',#3015,#3002,#3018,.T.);
#2460=FILL_AREA_STYLE('',(#3019));
#2461=EDGE_CURVE('',#3015,#3020,#3021,.T.);
#2462=EDGE_CURVE('',#3020,#3000,#3022,.T.);
#2463=FILL_AREA_STYLE('',(#3023));
#2464=EDGE_CURVE('',#3020,#3024,#3025,.T.);
#2465=EDGE_CURVE('',#3024,#2999,#3026,.T.);
#2466=FILL_AREA_STYLE('',(#3027));
#2467=EDGE_CURVE('',#3024,#3014,#3028,.T.);
#2468=FILL_AREA_STYLE('',(#3029));
#2469=EDGE_CURVE('',#2988,#3030,#3031,.T.);
#2470=EDGE_CURVE('',#3032,#2996,#3033,.T.);
#2471=EDGE_CURVE('',#3030,#3032,#3034,.T.);
#2472=FILL_AREA_STYLE('',(#3035));
#2473=EDGE_CURVE('',#3036,#2994,#3037,.T.);
#2474=EDGE_CURVE('',#3032,#3036,#3038,.T.);
#2475=FILL_AREA_STYLE('',(#3039));
#2476=EDGE_CURVE('',#3040,#2992,#3041,.T.);
#2477=EDGE_CURVE('',#3040,#3036,#3042,.T.);
#2478=FILL_AREA_STYLE('',(#3043));
#2479=EDGE_CURVE('',#3010,#3040,#3044,.T.);
#2480=FILL_AREA_STYLE('',(#3045));
#2481=EDGE_CURVE('',#3030,#3008,#3046,.T.);
#2482=FILL_AREA_STYLE('',(#3047));
#2483=EDGE_CURVE('',#3048,#3049,#3050,.T.);
#2484=EDGE_CURVE('',#3051,#3048,#3052,.T.);
#2485=EDGE_CURVE('',#3053,#3051,#3054,.T.);
#2486=EDGE_CURVE('',#3055,#3053,#3056,.T.);
#2487=EDGE_CURVE('',#3057,#3055,#3058,.T.);
#2488=EDGE_CURVE('',#3049,#3057,#3059,.T.);
#2489=EDGE_CURVE('',#3060,#3061,#3062,.T.);
#2490=EDGE_CURVE('',#3061,#3063,#3064,.T.);
#2491=EDGE_CURVE('',#3063,#3065,#3066,.T.);
#2492=EDGE_CURVE('',#3065,#3060,#3067,.T.);
#2493=FILL_AREA_STYLE('',(#3068));
#2494=EDGE_CURVE('',#3069,#3048,#3070,.T.);
#2495=EDGE_CURVE('',#3069,#3071,#3072,.T.);
#2496=EDGE_CURVE('',#3071,#3051,#3073,.T.);
#2497=FILL_AREA_STYLE('',(#3074));
#2498=EDGE_CURVE('',#3075,#3076,#3077,.T.);
#2499=EDGE_CURVE('',#3075,#3065,#3078,.T.);
#2500=EDGE_CURVE('',#3076,#3063,#3079,.T.);
#2501=FILL_AREA_STYLE('',(#3080));
#2502=EDGE_CURVE('',#3076,#3081,#3082,.T.);
#2503=EDGE_CURVE('',#3081,#3061,#3083,.T.);
#2504=FILL_AREA_STYLE('',(#3084));
#2505=EDGE_CURVE('',#3081,#3085,#3086,.T.);
#2506=EDGE_CURVE('',#3085,#3060,#3087,.T.);
#2507=FILL_AREA_STYLE('',(#3088));
#2508=EDGE_CURVE('',#3085,#3075,#3089,.T.);
#2509=FILL_AREA_STYLE('',(#3090));
#2510=EDGE_CURVE('',#3049,#3091,#3092,.T.);
#2511=EDGE_CURVE('',#3093,#3057,#3094,.T.);
#2512=EDGE_CURVE('',#3091,#3093,#3095,.T.);
#2513=FILL_AREA_STYLE('',(#3096));
#2514=EDGE_CURVE('',#3097,#3055,#3098,.T.);
#2515=EDGE_CURVE('',#3093,#3097,#3099,.T.);
#2516=FILL_AREA_STYLE('',(#3100));
#2517=EDGE_CURVE('',#3101,#3053,#3102,.T.);
#2518=EDGE_CURVE('',#3101,#3097,#3103,.T.);
#2519=FILL_AREA_STYLE('',(#3104));
#2520=EDGE_CURVE('',#3071,#3101,#3105,.T.);
#2521=FILL_AREA_STYLE('',(#3106));
#2522=EDGE_CURVE('',#3091,#3069,#3107,.T.);
#2523=FILL_AREA_STYLE('',(#3108));
#2524=EDGE_CURVE('',#3109,#3110,#3111,.T.);
#2525=EDGE_CURVE('',#3110,#3109,#3112,.T.);
#2526=FILL_AREA_STYLE('',(#3113));
#2527=EDGE_CURVE('',#3114,#3115,#3116,.T.);
#2528=EDGE_CURVE('',#3115,#3114,#3117,.T.);
#2529=FILL_AREA_STYLE('',(#3118));
#2530=EDGE_CURVE('',#3119,#3120,#3121,.T.);
#2531=EDGE_CURVE('',#3120,#3119,#3122,.T.);
#2532=FILL_AREA_STYLE('',(#3123));
#2533=EDGE_CURVE('',#2920,#3124,#3125,.T.);
#2534=EDGE_CURVE('',#3124,#3126,#3127,.T.);
#2535=EDGE_CURVE('',#3126,#2922,#3128,.T.);
#2536=FILL_AREA_STYLE('',(#3129));
#2537=EDGE_CURVE('',#3130,#2918,#3131,.T.);
#2538=EDGE_CURVE('',#3124,#3130,#3132,.T.);
#2539=FILL_AREA_STYLE('',(#3133));
#2540=EDGE_CURVE('',#3126,#3134,#3135,.T.);
#2541=EDGE_CURVE('',#2917,#3134,#3136,.T.);
#2542=FILL_AREA_STYLE('',(#3137));
#2543=EDGE_CURVE('',#3138,#2905,#3139,.T.);
#2544=EDGE_CURVE('',#3140,#3138,#3141,.T.);
#2545=EDGE_CURVE('',#2907,#3140,#3142,.T.);
#2546=FILL_AREA_STYLE('',(#3143));
#2547=EDGE_CURVE('',#3134,#3130,#3144,.T.);
#2548=FILL_AREA_STYLE('',(#3145));
#2549=EDGE_CURVE('',#2904,#3146,#3147,.T.);
#2550=EDGE_CURVE('',#3146,#3138,#3148,.T.);
#2551=FILL_AREA_STYLE('',(#3149));
#2552=EDGE_CURVE('',#3140,#3150,#3151,.T.);
#2553=EDGE_CURVE('',#3150,#2909,#3152,.T.);
#2554=FILL_AREA_STYLE('',(#3153));
#2555=EDGE_CURVE('',#3150,#3146,#3154,.T.);
#2556=FILL_AREA_STYLE('',(#3155));
#2557=FILL_AREA_STYLE('',(#3156));
#2558=FILL_AREA_STYLE('',(#3157));
#2559=EDGE_CURVE('',#3158,#2894,#3159,.T.);
#2560=EDGE_CURVE('',#2913,#3158,#3160,.T.);
#2561=FILL_AREA_STYLE('',(#3161));
#2562=EDGE_CURVE('',#2882,#3158,#3162,.T.);
#2563=FILL_AREA_STYLE('',(#3163));
#2564=EDGE_CURVE('',#2876,#3164,#3165,.T.);
#2565=EDGE_CURVE('',#3164,#2792,#3166,.T.);
#2566=FILL_AREA_STYLE('',(#3167));
#2567=EDGE_CURVE('',#3168,#3164,#3169,.T.);
#2568=EDGE_CURVE('',#2888,#3168,#3170,.T.);
#2569=FILL_AREA_STYLE('',(#3171));
#2570=EDGE_CURVE('',#3168,#2874,#3172,.T.);
#2571=FILL_AREA_STYLE('',(#3173));
#2572=EDGE_CURVE('',#3174,#3175,#3176,.T.);
#2573=EDGE_CURVE('',#3177,#3174,#3178,.T.);
#2574=EDGE_CURVE('',#3179,#3177,#3180,.T.);
#2575=EDGE_CURVE('',#3175,#3179,#3181,.T.);
#2576=FILL_AREA_STYLE('',(#3182));
#2577=EDGE_CURVE('',#3183,#3184,#3185,.T.);
#2578=EDGE_CURVE('',#3186,#3183,#3187,.T.);
#2579=EDGE_CURVE('',#3188,#3186,#3189,.T.);
#2580=EDGE_CURVE('',#3184,#3188,#3190,.T.);
#2581=FILL_AREA_STYLE('',(#3191));
#2582=EDGE_CURVE('',#3192,#3193,#3194,.T.);
#2583=EDGE_CURVE('',#3195,#3192,#3196,.T.);
#2584=EDGE_CURVE('',#3197,#3195,#3198,.T.);
#2585=EDGE_CURVE('',#3193,#3197,#3199,.T.);
#2586=FILL_AREA_STYLE('',(#3200));
#2587=EDGE_CURVE('',#3201,#3202,#3203,.T.);
#2588=EDGE_CURVE('',#3204,#3201,#3205,.T.);
#2589=EDGE_CURVE('',#3206,#3204,#3207,.T.);
#2590=EDGE_CURVE('',#3202,#3206,#3208,.T.);
#2591=FILL_AREA_STYLE('',(#3209));
#2592=EDGE_CURVE('',#3210,#2900,#3211,.T.);
#2593=EDGE_CURVE('',#3210,#3201,#3212,.T.);
#2594=EDGE_CURVE('',#3202,#3192,#3213,.T.);
#2595=EDGE_CURVE('',#3193,#3214,#3215,.T.);
#2596=EDGE_CURVE('',#2890,#3214,#3216,.T.);
#2597=FILL_AREA_STYLE('',(#3217));
#2598=EDGE_CURVE('',#3197,#3218,#3219,.T.);
#2599=EDGE_CURVE('',#3214,#3218,#3220,.T.);
#2600=FILL_AREA_STYLE('',(#3221));
#2601=EDGE_CURVE('',#3195,#3222,#3223,.T.);
#2602=EDGE_CURVE('',#3218,#3222,#3224,.T.);
#2603=FILL_AREA_STYLE('',(#3225));
#2604=EDGE_CURVE('',#3183,#3226,#3227,.T.);
#2605=EDGE_CURVE('',#3228,#3226,#3229,.T.);
#2606=EDGE_CURVE('',#3228,#3186,#3230,.T.);
#2607=FILL_AREA_STYLE('',(#3231));
#2608=EDGE_CURVE('',#3179,#3232,#3233,.T.);
#2609=EDGE_CURVE('',#3234,#3232,#3235,.T.);
#2610=EDGE_CURVE('',#3234,#3175,#3236,.T.);
#2611=FILL_AREA_STYLE('',(#3237));
#2612=EDGE_CURVE('',#3238,#3228,#3239,.T.);
#2613=EDGE_CURVE('',#3188,#3238,#3240,.T.);
#2614=FILL_AREA_STYLE('',(#3241));
#2615=EDGE_CURVE('',#3242,#3177,#3243,.T.);
#2616=EDGE_CURVE('',#3232,#3242,#3244,.T.);
#2617=FILL_AREA_STYLE('',(#3245));
#2618=EDGE_CURVE('',#3246,#3204,#3247,.T.);
#2619=EDGE_CURVE('',#3248,#3246,#3249,.T.);
#2620=EDGE_CURVE('',#3248,#3206,#3250,.T.);
#2621=FILL_AREA_STYLE('',(#3251));
#2622=EDGE_CURVE('',#3184,#3174,#3252,.T.);
#2623=EDGE_CURVE('',#3222,#3238,#3253,.T.);
#2624=EDGE_CURVE('',#3242,#3248,#3254,.T.);
#2625=FILL_AREA_STYLE('',(#3255));
#2626=EDGE_CURVE('',#3226,#2892,#3256,.T.);
#2627=FILL_AREA_STYLE('',(#3257));
#2628=EDGE_CURVE('',#3246,#3210,#3258,.T.);
#2629=FILL_AREA_STYLE('',(#3259));
#2630=EDGE_CURVE('',#2898,#3234,#3260,.T.);
#2631=FILL_AREA_STYLE('',(#3261));
#2632=FILL_AREA_STYLE_COLOUR('',#3262);
#2633=VERTEX_POINT('',#3263);
#2634=VERTEX_POINT('',#3264);
#2635=LINE('',#3265,#3266);
#2636=VERTEX_POINT('',#3267);
#2637=CIRCLE('',#3268,3.0);
#2638=VERTEX_POINT('',#3269);
#2639=CIRCLE('',#3270,3.0);
#2640=VERTEX_POINT('',#3271);
#2641=CIRCLE('',#3272,3.0);
#2642=VERTEX_POINT('',#3273);
#2643=LINE('',#3274,#3275);
#2644=CIRCLE('',#3276,3.0);
#2645=FILL_AREA_STYLE_COLOUR('',#3277);
#2646=VERTEX_POINT('',#3278);
#2647=VERTEX_POINT('',#3279);
#2648=LINE('',#3280,#3281);
#2649=VERTEX_POINT('',#3282);
#2650=CIRCLE('',#3283,2.413);
#2651=VERTEX_POINT('',#3284);
#2652=LINE('',#3285,#3286);
#2653=CIRCLE('',#3287,2.413);
#2654=FILL_AREA_STYLE_COLOUR('',#3288);
#2655=VERTEX_POINT('',#3289);
#2656=VERTEX_POINT('',#3290);
#2657=LINE('',#3291,#3292);
#2658=CIRCLE('',#3293,2.413);
#2659=CIRCLE('',#3294,2.413);
#2660=FILL_AREA_STYLE_COLOUR('',#3295);
#2661=VERTEX_POINT('',#3296);
#2662=LINE('',#3297,#3298);
#2663=VERTEX_POINT('',#3299);
#2664=(B_SPLINE_CURVE(2,(#3301,#3302,#3303),.UNSPECIFIED.,.F.,.F.)B_SPLINE_CURVE_WITH_KNOTS((3,3),(0.0,0.665442599591971),.UNSPECIFIED.)RATIONAL_B_SPLINE_CURVE((1.0,1.00885089236489,1.0))BOUNDED_CURVE()REPRESENTATION_ITEM('')GEOMETRIC_REPRESENTATION_ITEM()CURVE());
#2665=CIRCLE('',#3310,2.1265867375);
#2666=FILL_AREA_STYLE_COLOUR('',#3311);
#2667=VERTEX_POINT('',#3312);
#2668=LINE('',#3313,#3314);
#2669=CIRCLE('',#3315,2.1265867375);
#2670=FILL_AREA_STYLE_COLOUR('',#3316);
#2671=VERTEX_POINT('',#3317);
#2672=VERTEX_POINT('',#3318);
#2673=LINE('',#3319,#3320);
#2674=VERTEX_POINT('',#3321);
#2675=ELLIPSE('',#3322,1.28583070975076,1.27);
#2676=VERTEX_POINT('',#3323);
#2677=B_SPLINE_CURVE_WITH_KNOTS('',3,(#3324,#3325,#3326,#3327,#3328,#3329,#3330,#3331,#3332,#3333,#3334,#3335,#3336,#3337,#3338,#3339,#3340,#3341,#3342,#3343,#3344,#3345,#3346,#3347,#3348,#3349,#3350,#3351,#3352,#3353),.UNSPECIFIED.,.F.,.F.,(4,2,2,2,2,2,2,2,2,2,2,2,2,2,4),(0.917904994131793,1.37685749119769,1.60633373973064,1.83580998826359,2.06512301636409,2.29443604446459,2.68936826351625,3.0843004825679,3.47923270161956,3.87416492067122,4.10347794877172,4.33279097687222,4.56226722540517,4.79174347393812,5.25069597100402),.UNSPECIFIED.);
#2678=VERTEX_POINT('',#3354);
#2679=ELLIPSE('',#3355,1.28583070975076,1.27);
#2680=VERTEX_POINT('',#3356);
#2681=LINE('',#3357,#3358);
#2682=VERTEX_POINT('',#3359);
#2683=CIRCLE('',#3360,1.27);
#2684=CIRCLE('',#3361,1.27);
#2685=FILL_AREA_STYLE_COLOUR('',#3362);
#2686=VERTEX_POINT('',#3363);
#2687=VERTEX_POINT('',#3364);
#2688=LINE('',#3365,#3366);
#2689=VERTEX_POINT('',#3367);
#2690=LINE('',#3368,#3369);
#2691=VERTEX_POINT('',#3370);
#2692=LINE('',#3371,#3372);
#2693=LINE('',#3373,#3374);
#2694=FILL_AREA_STYLE_COLOUR('',#3375);
#2695=VERTEX_POINT('',#3376);
#2696=LINE('',#3377,#3378);
#2697=VERTEX_POINT('',#3379);
#2698=LINE('',#3380,#3381);
#2699=LINE('',#3382,#3383);
#2700=FILL_AREA_STYLE_COLOUR('',#3384);
#2701=VERTEX_POINT('',#3385);
#2702=LINE('',#3386,#3387);
#2703=VERTEX_POINT('',#3388);
#2704=LINE('',#3389,#3390);
#2705=LINE('',#3391,#3392);
#2706=FILL_AREA_STYLE_COLOUR('',#3393);
#2707=VERTEX_POINT('',#3394);
#2708=VERTEX_POINT('',#3395);
#2709=LINE('',#3396,#3397);
#2710=VERTEX_POINT('',#3398);
#2711=LINE('',#3399,#3400);
#2712=VERTEX_POINT('',#3401);
#2713=LINE('',#3402,#3403);
#2714=LINE('',#3404,#3405);
#2715=FILL_AREA_STYLE_COLOUR('',#3406);
#2716=LINE('',#3407,#3408);
#2717=LINE('',#3409,#3410);
#2718=FILL_AREA_STYLE_COLOUR('',#3411);
#2719=VERTEX_POINT('',#3412);
#2720=LINE('',#3413,#3414);
#2721=VERTEX_POINT('',#3415);
#2722=LINE('',#3416,#3417);
#2723=LINE('',#3418,#3419);
#2724=FILL_AREA_STYLE_COLOUR('',#3420);
#2725=VERTEX_POINT('',#3421);
#2726=VERTEX_POINT('',#3422);
#2727=LINE('',#3423,#3424);
#2728=VERTEX_POINT('',#3425);
#2729=LINE('',#3426,#3427);
#2730=VERTEX_POINT('',#3428);
#2731=LINE('',#3429,#3430);
#2732=LINE('',#3431,#3432);
#2733=FILL_AREA_STYLE_COLOUR('',#3433);
#2734=VERTEX_POINT('',#3434);
#2735=VERTEX_POINT('',#3435);
#2736=LINE('',#3436,#3437);
#2737=VERTEX_POINT('',#3438);
#2738=LINE('',#3439,#3440);
#2739=VERTEX_POINT('',#3441);
#2740=LINE('',#3442,#3443);
#2741=LINE('',#3444,#3445);
#2742=FILL_AREA_STYLE_COLOUR('',#3446);
#2743=VERTEX_POINT('',#3447);
#2744=VERTEX_POINT('',#3448);
#2745=LINE('',#3449,#3450);
#2746=VERTEX_POINT('',#3451);
#2747=LINE('',#3452,#3453);
#2748=VERTEX_POINT('',#3454);
#2749=LINE('',#3455,#3456);
#2750=LINE('',#3457,#3458);
#2751=FILL_AREA_STYLE_COLOUR('',#3459);
#2752=VERTEX_POINT('',#3460);
#2753=LINE('',#3461,#3462);
#2754=VERTEX_POINT('',#3463);
#2755=LINE('',#3464,#3465);
#2756=LINE('',#3466,#3467);
#2757=FILL_AREA_STYLE_COLOUR('',#3468);
#2758=VERTEX_POINT('',#3469);
#2759=LINE('',#3470,#3471);
#2760=VERTEX_POINT('',#3472);
#2761=LINE('',#3473,#3474);
#2762=LINE('',#3475,#3476);
#2763=FILL_AREA_STYLE_COLOUR('',#3477);
#2764=VERTEX_POINT('',#3478);
#2765=LINE('',#3479,#3480);
#2766=VERTEX_POINT('',#3481);
#2767=LINE('',#3482,#3483);
#2768=LINE('',#3484,#3485);
#2769=FILL_AREA_STYLE_COLOUR('',#3486);
#2770=VERTEX_POINT('',#3487);
#2771=LINE('',#3488,#3489);
#2772=VERTEX_POINT('',#3490);
#2773=LINE('',#3491,#3492);
#2774=LINE('',#3493,#3494);
#2775=FILL_AREA_STYLE_COLOUR('',#3495);
#2776=VERTEX_POINT('',#3496);
#2777=VERTEX_POINT('',#3497);
#2778=LINE('',#3498,#3499);
#2779=VERTEX_POINT('',#3500);
#2780=LINE('',#3501,#3502);
#2781=VERTEX_POINT('',#3503);
#2782=LINE('',#3504,#3505);
#2783=LINE('',#3506,#3507);
#2784=LINE('',#3508,#3509);
#2785=LINE('',#3510,#3511);
#2786=FILL_AREA_STYLE_COLOUR('',#3512);
#2787=VERTEX_POINT('',#3513);
#2788=VERTEX_POINT('',#3514);
#2789=LINE('',#3515,#3516);
#2790=LINE('',#3517,#3518);
#2791=LINE('',#3519,#3520);
#2792=VERTEX_POINT('',#3521);
#2793=LINE('',#3522,#3523);
#2794=VERTEX_POINT('',#3524);
#2795=LINE('',#3525,#3526);
#2796=LINE('',#3527,#3528);
#2797=FILL_AREA_STYLE_COLOUR('',#3529);
#2798=LINE('',#3530,#3531);
#2799=LINE('',#3532,#3533);
#2800=FILL_AREA_STYLE_COLOUR('',#3534);
#2801=VERTEX_POINT('',#3535);
#2802=VERTEX_POINT('',#3536);
#2803=CIRCLE('',#3537,3.0);
#2804=VERTEX_POINT('',#3538);
#2805=LINE('',#3539,#3540);
#2806=VERTEX_POINT('',#3541);
#2807=LINE('',#3542,#3543);
#2808=LINE('',#3544,#3545);
#2809=FILL_AREA_STYLE_COLOUR('',#3546);
#2810=VERTEX_POINT('',#3547);
#2811=LINE('',#3548,#3549);
#2812=LINE('',#3550,#3551);
#2813=FILL_AREA_STYLE_COLOUR('',#3552);
#2814=VERTEX_POINT('',#3553);
#2815=LINE('',#3554,#3555);
#2816=LINE('',#3556,#3557);
#2817=FILL_AREA_STYLE_COLOUR('',#3558);
#2818=LINE('',#3559,#3560);
#2819=FILL_AREA_STYLE_COLOUR('',#3561);
#2820=FILL_AREA_STYLE_COLOUR('',#3562);
#2821=VERTEX_POINT('',#3563);
#2822=VERTEX_POINT('',#3564);
#2823=LINE('',#3565,#3566);
#2824=LINE('',#3567,#3568);
#2825=LINE('',#3569,#3570);
#2826=FILL_AREA_STYLE_COLOUR('',#3571);
#2827=VERTEX_POINT('',#3572);
#2828=LINE('',#3573,#3574);
#2829=LINE('',#3575,#3576);
#2830=VERTEX_POINT('',#3577);
#2831=LINE('',#3578,#3579);
#2832=LINE('',#3580,#3581);
#2833=LINE('',#3582,#3583);
#2834=FILL_AREA_STYLE_COLOUR('',#3584);
#2835=VERTEX_POINT('',#3585);
#2836=LINE('',#3586,#3587);
#2837=VERTEX_POINT('',#3588);
#2838=LINE('',#3589,#3590);
#2839=LINE('',#3591,#3592);
#2840=LINE('',#3593,#3594);
#2841=LINE('',#3595,#3596);
#2842=FILL_AREA_STYLE_COLOUR('',#3597);
#2843=CIRCLE('',#3598,3.0);
#2844=FILL_AREA_STYLE_COLOUR('',#3599);
#2845=CIRCLE('',#3600,3.0);
#2846=FILL_AREA_STYLE_COLOUR('',#3601);
#2847=VERTEX_POINT('',#3602);
#2848=CIRCLE('',#3603,1.27);
#2849=CIRCLE('',#3604,1.27);
#2850=ELLIPSE('',#3605,1.28583070975076,1.27);
#2851=FILL_AREA_STYLE_COLOUR('',#3606);
#2852=FILL_AREA_STYLE_COLOUR('',#3607);
#2853=CIRCLE('',#3608,1.2065);
#2854=FILL_AREA_STYLE_COLOUR('',#3609);
#2855=VERTEX_POINT('',#3610);
#2856=LINE('',#3611,#3612);
#2857=VERTEX_POINT('',#3613);
#2858=LINE('',#3614,#3615);
#2859=VERTEX_POINT('',#3616);
#2860=(B_SPLINE_CURVE(2,(#3618,#3619,#3620),.UNSPECIFIED.,.F.,.F.)B_SPLINE_CURVE_WITH_KNOTS((3,3),(0.0,0.665442599591971),.UNSPECIFIED.)RATIONAL_B_SPLINE_CURVE((1.0,1.00885089236487,1.0))BOUNDED_CURVE()REPRESENTATION_ITEM('')GEOMETRIC_REPRESENTATION_ITEM()CURVE());
#2861=LINE('',#3627,#3628);
#2862=FILL_AREA_STYLE_COLOUR('',#3629);
#2863=CIRCLE('',#3630,2.1265867375);
#2864=FILL_AREA_STYLE_COLOUR('',#3631);
#2865=CIRCLE('',#3632,2.413);
#2866=FILL_AREA_STYLE_COLOUR('',#3633);
#2867=CIRCLE('',#3634,2.413);
#2868=FILL_AREA_STYLE_COLOUR('',#3635);
#2869=CIRCLE('',#3636,3.0);
#2870=FILL_AREA_STYLE_COLOUR('',#3637);
#2871=FILL_AREA_STYLE_COLOUR('',#3638);
#2872=VERTEX_POINT('',#3639);
#2873=LINE('',#3640,#3641);
#2874=VERTEX_POINT('',#3642);
#2875=LINE('',#3643,#3644);
#2876=VERTEX_POINT('',#3645);
#2877=LINE('',#3646,#3647);
#2878=LINE('',#3648,#3649);
#2879=FILL_AREA_STYLE_COLOUR('',#3650);
#2880=VERTEX_POINT('',#3651);
#2881=LINE('',#3652,#3653);
#2882=VERTEX_POINT('',#3654);
#2883=LINE('',#3655,#3656);
#2884=VERTEX_POINT('',#3657);
#2885=LINE('',#3658,#3659);
#2886=LINE('',#3660,#3661);
#2887=FILL_AREA_STYLE_COLOUR('',#3662);
#2888=VERTEX_POINT('',#3663);
#2889=LINE('',#3664,#3665);
#2890=VERTEX_POINT('',#3666);
#2891=LINE('',#3667,#3668);
#2892=VERTEX_POINT('',#3669);
#2893=LINE('',#3670,#3671);
#2894=VERTEX_POINT('',#3672);
#2895=LINE('',#3673,#3674);
#2896=LINE('',#3675,#3676);
#2897=FILL_AREA_STYLE_COLOUR('',#3677);
#2898=VERTEX_POINT('',#3678);
#2899=LINE('',#3679,#3680);
#2900=VERTEX_POINT('',#3681);
#2901=LINE('',#3682,#3683);
#2902=LINE('',#3684,#3685);
#2903=FILL_AREA_STYLE_COLOUR('',#3686);
#2904=VERTEX_POINT('',#3687);
#2905=VERTEX_POINT('',#3688);
#2906=LINE('',#3689,#3690);
#2907=VERTEX_POINT('',#3691);
#2908=LINE('',#3692,#3693);
#2909=VERTEX_POINT('',#3694);
#2910=LINE('',#3695,#3696);
#2911=LINE('',#3697,#3698);
#2912=FILL_AREA_STYLE_COLOUR('',#3699);
#2913=VERTEX_POINT('',#3700);
#2914=LINE('',#3701,#3702);
#2915=LINE('',#3703,#3704);
#2916=FILL_AREA_STYLE_COLOUR('',#3705);
#2917=VERTEX_POINT('',#3706);
#2918=VERTEX_POINT('',#3707);
#2919=LINE('',#3708,#3709);
#2920=VERTEX_POINT('',#3710);
#2921=LINE('',#3711,#3712);
#2922=VERTEX_POINT('',#3713);
#2923=LINE('',#3714,#3715);
#2924=LINE('',#3716,#3717);
#2925=FILL_AREA_STYLE_COLOUR('',#3718);
#2926=VERTEX_POINT('',#3719);
#2927=VERTEX_POINT('',#3720);
#2928=B_SPLINE_CURVE_WITH_KNOTS('',3,(#3721,#3722,#3723,#3724,#3725,#3726,#3727,#3728,#3729,#3730),.UNSPECIFIED.,.F.,.F.,(4,2,2,2,4),(0.707062672813428,1.08557300280641,1.4640833327994,1.84259366279238,2.22110399278536),.UNSPECIFIED.);
#2929=VERTEX_POINT('',#3731);
#2930=LINE('',#3732,#3733);
#2931=VERTEX_POINT('',#3734);
#2932=LINE('',#3735,#3736);
#2933=VERTEX_POINT('',#3737);
#2934=LINE('',#3738,#3739);
#2935=VERTEX_POINT('',#3740);
#2936=LINE('',#3741,#3742);
#2937=LINE('',#3743,#3744);
#2938=VERTEX_POINT('',#3745);
#2939=VERTEX_POINT('',#3746);
#2940=LINE('',#3747,#3748);
#2941=VERTEX_POINT('',#3749);
#2942=CIRCLE('',#3750,0.76);
#2943=VERTEX_POINT('',#3751);
#2944=LINE('',#3752,#3753);
#2945=CIRCLE('',#3754,0.76);
#2946=FILL_AREA_STYLE_COLOUR('',#3755);
#2947=VERTEX_POINT('',#3756);
#2948=CIRCLE('',#3757,0.589066801498704);
#2949=VERTEX_POINT('',#3758);
#2950=LINE('',#3759,#3760);
#2951=LINE('',#3761,#3762);
#2952=FILL_AREA_STYLE_COLOUR('',#3763);
#2953=VERTEX_POINT('',#3764);
#2954=VERTEX_POINT('',#3765);
#2955=LINE('',#3766,#3767);
#2956=LINE('',#3768,#3769);
#2957=LINE('',#3770,#3771);
#2958=FILL_AREA_STYLE_COLOUR('',#3772);
#2959=VERTEX_POINT('',#3773);
#2960=CIRCLE('',#3774,0.76);
#2961=LINE('',#3775,#3776);
#2962=FILL_AREA_STYLE_COLOUR('',#3777);
#2963=VERTEX_POINT('',#3778);
#2964=LINE('',#3779,#3780);
#2965=LINE('',#3781,#3782);
#2966=FILL_AREA_STYLE_COLOUR('',#3783);
#2967=CIRCLE('',#3784,0.76);
#2968=FILL_AREA_STYLE_COLOUR('',#3785);
#2969=VERTEX_POINT('',#3786);
#2970=CIRCLE('',#3787,0.589066801498705);
#2971=VERTEX_POINT('',#3788);
#2972=LINE('',#3789,#3790);
#2973=LINE('',#3791,#3792);
#2974=FILL_AREA_STYLE_COLOUR('',#3793);
#2975=VERTEX_POINT('',#3794);
#2976=LINE('',#3795,#3796);
#2977=LINE('',#3797,#3798);
#2978=FILL_AREA_STYLE_COLOUR('',#3799);
#2979=VERTEX_POINT('',#3800);
#2980=LINE('',#3801,#3802);
#2981=LINE('',#3803,#3804);
#2982=FILL_AREA_STYLE_COLOUR('',#3805);
#2983=LINE('',#3806,#3807);
#2984=FILL_AREA_STYLE_COLOUR('',#3808);
#2985=B_SPLINE_CURVE_WITH_KNOTS('',3,(#3809,#3810,#3811,#3812,#3813,#3814,#3815,#3816,#3817,#3818),.UNSPECIFIED.,.F.,.F.,(4,2,2,2,4),(3.63522933841222,4.0137396684052,4.39224999839819,4.77076032839117,5.14927065838416),.UNSPECIFIED.);
#2986=FILL_AREA_STYLE_COLOUR('',#3819);
#2987=VERTEX_POINT('',#3820);
#2988=VERTEX_POINT('',#3821);
#2989=B_SPLINE_CURVE_WITH_KNOTS('',3,(#3822,#3823,#3824,#3825,#3826,#3827,#3828,#3829,#3830,#3831),.UNSPECIFIED.,.F.,.F.,(4,2,2,2,4),(0.707062672813428,1.08557300280641,1.4640833327994,1.84259366279238,2.22110399278536),.UNSPECIFIED.);
#2990=VERTEX_POINT('',#3832);
#2991=LINE('',#3833,#3834);
#2992=VERTEX_POINT('',#3835);
#2993=LINE('',#3836,#3837);
#2994=VERTEX_POINT('',#3838);
#2995=LINE('',#3839,#3840);
#2996=VERTEX_POINT('',#3841);
#2997=LINE('',#3842,#3843);
#2998=LINE('',#3844,#3845);
#2999=VERTEX_POINT('',#3846);
#3000=VERTEX_POINT('',#3847);
#3001=LINE('',#3848,#3849);
#3002=VERTEX_POINT('',#3850);
#3003=CIRCLE('',#3851,0.76);
#3004=VERTEX_POINT('',#3852);
#3005=LINE('',#3853,#3854);
#3006=CIRCLE('',#3855,0.76);
#3007=FILL_AREA_STYLE_COLOUR('',#3856);
#3008=VERTEX_POINT('',#3857);
#3009=CIRCLE('',#3858,0.589066801498704);
#3010=VERTEX_POINT('',#3859);
#3011=LINE('',#3860,#3861);
#3012=LINE('',#3862,#3863);
#3013=FILL_AREA_STYLE_COLOUR('',#3864);
#3014=VERTEX_POINT('',#3865);
#3015=VERTEX_POINT('',#3866);
#3016=LINE('',#3867,#3868);
#3017=LINE('',#3869,#3870);
#3018=LINE('',#3871,#3872);
#3019=FILL_AREA_STYLE_COLOUR('',#3873);
#3020=VERTEX_POINT('',#3874);
#3021=CIRCLE('',#3875,0.76);
#3022=LINE('',#3876,#3877);
#3023=FILL_AREA_STYLE_COLOUR('',#3878);
#3024=VERTEX_POINT('',#3879);
#3025=LINE('',#3880,#3881);
#3026=LINE('',#3882,#3883);
#3027=FILL_AREA_STYLE_COLOUR('',#3884);
#3028=CIRCLE('',#3885,0.76);
#3029=FILL_AREA_STYLE_COLOUR('',#3886);
#3030=VERTEX_POINT('',#3887);
#3031=CIRCLE('',#3888,0.589066801498705);
#3032=VERTEX_POINT('',#3889);
#3033=LINE('',#3890,#3891);
#3034=LINE('',#3892,#3893);
#3035=FILL_AREA_STYLE_COLOUR('',#3894);
#3036=VERTEX_POINT('',#3895);
#3037=LINE('',#3896,#3897);
#3038=LINE('',#3898,#3899);
#3039=FILL_AREA_STYLE_COLOUR('',#3900);
#3040=VERTEX_POINT('',#3901);
#3041=LINE('',#3902,#3903);
#3042=LINE('',#3904,#3905);
#3043=FILL_AREA_STYLE_COLOUR('',#3906);
#3044=LINE('',#3907,#3908);
#3045=FILL_AREA_STYLE_COLOUR('',#3909);
#3046=B_SPLINE_CURVE_WITH_KNOTS('',3,(#3910,#3911,#3912,#3913,#3914,#3915,#3916,#3917,#3918,#3919),.UNSPECIFIED.,.F.,.F.,(4,2,2,2,4),(3.63522933841222,4.0137396684052,4.39224999839819,4.77076032839117,5.14927065838416),.UNSPECIFIED.);
#3047=FILL_AREA_STYLE_COLOUR('',#3920);
#3048=VERTEX_POINT('',#3921);
#3049=VERTEX_POINT('',#3922);
#3050=B_SPLINE_CURVE_WITH_KNOTS('',3,(#3923,#3924,#3925,#3926,#3927,#3928,#3929,#3930,#3931,#3932),.UNSPECIFIED.,.F.,.F.,(4,2,2,2,4),(0.707062672813428,1.08557300280641,1.4640833327994,1.84259366279238,2.22110399278536),.UNSPECIFIED.);
#3051=VERTEX_POINT('',#3933);
#3052=LINE('',#3934,#3935);
#3053=VERTEX_POINT('',#3936);
#3054=LINE('',#3937,#3938);
#3055=VERTEX_POINT('',#3939);
#3056=LINE('',#3940,#3941);
#3057=VERTEX_POINT('',#3942);
#3058=LINE('',#3943,#3944);
#3059=LINE('',#3945,#3946);
#3060=VERTEX_POINT('',#3947);
#3061=VERTEX_POINT('',#3948);
#3062=LINE('',#3949,#3950);
#3063=VERTEX_POINT('',#3951);
#3064=CIRCLE('',#3952,0.76);
#3065=VERTEX_POINT('',#3953);
#3066=LINE('',#3954,#3955);
#3067=CIRCLE('',#3956,0.76);
#3068=FILL_AREA_STYLE_COLOUR('',#3957);
#3069=VERTEX_POINT('',#3958);
#3070=CIRCLE('',#3959,0.589066801498704);
#3071=VERTEX_POINT('',#3960);
#3072=LINE('',#3961,#3962);
#3073=LINE('',#3963,#3964);
#3074=FILL_AREA_STYLE_COLOUR('',#3965);
#3075=VERTEX_POINT('',#3966);
#3076=VERTEX_POINT('',#3967);
#3077=LINE('',#3968,#3969);
#3078=LINE('',#3970,#3971);
#3079=LINE('',#3972,#3973);
#3080=FILL_AREA_STYLE_COLOUR('',#3974);
#3081=VERTEX_POINT('',#3975);
#3082=CIRCLE('',#3976,0.76);
#3083=LINE('',#3977,#3978);
#3084=FILL_AREA_STYLE_COLOUR('',#3979);
#3085=VERTEX_POINT('',#3980);
#3086=LINE('',#3981,#3982);
#3087=LINE('',#3983,#3984);
#3088=FILL_AREA_STYLE_COLOUR('',#3985);
#3089=CIRCLE('',#3986,0.76);
#3090=FILL_AREA_STYLE_COLOUR('',#3987);
#3091=VERTEX_POINT('',#3988);
#3092=CIRCLE('',#3989,0.589066801498705);
#3093=VERTEX_POINT('',#3990);
#3094=LINE('',#3991,#3992);
#3095=LINE('',#3993,#3994);
#3096=FILL_AREA_STYLE_COLOUR('',#3995);
#3097=VERTEX_POINT('',#3996);
#3098=LINE('',#3997,#3998);
#3099=LINE('',#3999,#4000);
#3100=FILL_AREA_STYLE_COLOUR('',#4001);
#3101=VERTEX_POINT('',#4002);
#3102=LINE('',#4003,#4004);
#3103=LINE('',#4005,#4006);
#3104=FILL_AREA_STYLE_COLOUR('',#4007);
#3105=LINE('',#4008,#4009);
#3106=FILL_AREA_STYLE_COLOUR('',#4010);
#3107=B_SPLINE_CURVE_WITH_KNOTS('',3,(#4011,#4012,#4013,#4014,#4015,#4016,#4017,#4018,#4019,#4020),.UNSPECIFIED.,.F.,.F.,(4,2,2,2,4),(3.63522933841222,4.0137396684052,4.39224999839819,4.77076032839117,5.14927065838416),.UNSPECIFIED.);
#3108=FILL_AREA_STYLE_COLOUR('',#4021);
#3109=VERTEX_POINT('',#4022);
#3110=VERTEX_POINT('',#4023);
#3111=B_SPLINE_CURVE_WITH_KNOTS('',3,(#4024,#4025,#4026,#4027,#4028,#4029,#4030,#4031,#4032,#4033,#4034,#4035,#4036,#4037,#4038,#4039,#4040,#4041,#4042,#4043,#4044,#4045,#4046,#4047,#4048,#4049,#4050,#4051,#4052,#4053,#4054,#4055,#4056,#4057),.UNSPECIFIED.,.F.,.F.,(4,2,2,2,2,2,2,2,2,2,2,2,2,2,2,2,4),(0.0,0.0656205745042184,0.131241149008437,0.207965116968444,0.362509488686801,0.535231786240267,0.707954083793734,1.08854670259224,1.46913932139076,1.84973194018927,2.23032455898778,2.40304685654124,2.57576915409471,2.73031352581307,2.80703749377307,2.87265806827729,2.93827864278151),.UNSPECIFIED.);
#3112=B_SPLINE_CURVE_WITH_KNOTS('',3,(#4058,#4059,#4060,#4061,#4062,#4063,#4064,#4065,#4066,#4067,#4068,#4069,#4070,#4071,#4072,#4073,#4074,#4075,#4076,#4077,#4078,#4079,#4080,#4081,#4082,#4083,#4084,#4085,#4086,#4087,#4088,#4089,#4090,#4091),.UNSPECIFIED.,.F.,.F.,(4,2,2,2,2,2,2,2,2,2,2,2,2,2,2,2,4),(2.93827864278151,3.00389921728573,3.06951979178995,3.14624375974995,3.30078813146831,3.47351042902178,3.64623272657524,4.02682534537376,4.40741796417227,4.78801058297078,5.16860320176929,5.34132549932275,5.51404779687622,5.66859216859458,5.74531613655458,5.8109367110588,5.87655728556302),.UNSPECIFIED.);
#3113=FILL_AREA_STYLE_COLOUR('',#4092);
#3114=VERTEX_POINT('',#4093);
#3115=VERTEX_POINT('',#4094);
#3116=B_SPLINE_CURVE_WITH_KNOTS('',3,(#4095,#4096,#4097,#4098,#4099,#4100,#4101,#4102,#4103,#4104,#4105,#4106,#4107,#4108,#4109,#4110,#4111,#4112,#4113,#4114,#4115,#4116,#4117,#4118,#4119,#4120,#4121,#4122,#4123,#4124,#4125,#4126,#4127,#4128),.UNSPECIFIED.,.F.,.F.,(4,2,2,2,2,2,2,2,2,2,2,2,2,2,2,2,4),(0.0,0.0656205745042184,0.131241149008437,0.207965116968444,0.3625094886868,0.535231786240267,0.707954083793734,1.08854670259224,1.46913932139075,1.84973194018927,2.23032455898778,2.40304685654124,2.57576915409471,2.73031352581307,2.80703749377307,2.87265806827729,2.93827864278151),.UNSPECIFIED.);
#3117=B_SPLINE_CURVE_WITH_KNOTS('',3,(#4129,#4130,#4131,#4132,#4133,#4134,#4135,#4136,#4137,#4138,#4139,#4140,#4141,#4142,#4143,#4144,#4145,#4146,#4147,#4148,#4149,#4150,#4151,#4152,#4153,#4154,#4155,#4156,#4157,#4158,#4159,#4160,#4161,#4162),.UNSPECIFIED.,.F.,.F.,(4,2,2,2,2,2,2,2,2,2,2,2,2,2,2,2,4),(2.93827864278151,3.00389921728573,3.06951979178995,3.14624375974995,3.30078813146831,3.47351042902178,3.64623272657524,4.02682534537375,4.40741796417226,4.78801058297078,5.16860320176929,5.34132549932275,5.51404779687622,5.66859216859458,5.74531613655458,5.8109367110588,5.87655728556302),.UNSPECIFIED.);
#3118=FILL_AREA_STYLE_COLOUR('',#4163);
#3119=VERTEX_POINT('',#4164);
#3120=VERTEX_POINT('',#4165);
#3121=B_SPLINE_CURVE_WITH_KNOTS('',3,(#4166,#4167,#4168,#4169,#4170,#4171,#4172,#4173,#4174,#4175,#4176,#4177,#4178,#4179,#4180,#4181,#4182,#4183,#4184,#4185,#4186,#4187,#4188,#4189,#4190,#4191,#4192,#4193,#4194,#4195,#4196,#4197,#4198,#4199),.UNSPECIFIED.,.F.,.F.,(4,2,2,2,2,2,2,2,2,2,2,2,2,2,2,2,4),(0.0,0.0656205745042184,0.131241149008437,0.207965116968444,0.362509488686801,0.535231786240267,0.707954083793734,1.08854670259224,1.46913932139076,1.84973194018927,2.23032455898778,2.40304685654124,2.57576915409471,2.73031352581307,2.80703749377307,2.87265806827729,2.93827864278151),.UNSPECIFIED.);
#3122=B_SPLINE_CURVE_WITH_KNOTS('',3,(#4200,#4201,#4202,#4203,#4204,#4205,#4206,#4207,#4208,#4209,#4210,#4211,#4212,#4213,#4214,#4215,#4216,#4217,#4218,#4219,#4220,#4221,#4222,#4223,#4224,#4225,#4226,#4227,#4228,#4229,#4230,#4231,#4232,#4233),.UNSPECIFIED.,.F.,.F.,(4,2,2,2,2,2,2,2,2,2,2,2,2,2,2,2,4),(2.93827864278151,3.00389921728573,3.06951979178995,3.14624375974995,3.30078813146831,3.47351042902178,3.64623272657524,4.02682534537376,4.40741796417227,4.78801058297078,5.16860320176929,5.34132549932275,5.51404779687622,5.66859216859458,5.74531613655458,5.8109367110588,5.87655728556302),.UNSPECIFIED.);
#3123=FILL_AREA_STYLE_COLOUR('',#4234);
#3124=VERTEX_POINT('',#4235);
#3125=LINE('',#4236,#4237);
#3126=VERTEX_POINT('',#4238);
#3127=LINE('',#4239,#4240);
#3128=LINE('',#4241,#4242);
#3129=FILL_AREA_STYLE_COLOUR('',#4243);
#3130=VERTEX_POINT('',#4244);
#3131=LINE('',#4245,#4246);
#3132=LINE('',#4247,#4248);
#3133=FILL_AREA_STYLE_COLOUR('',#4249);
#3134=VERTEX_POINT('',#4250);
#3135=LINE('',#4251,#4252);
#3136=LINE('',#4253,#4254);
#3137=FILL_AREA_STYLE_COLOUR('',#4255);
#3138=VERTEX_POINT('',#4256);
#3139=LINE('',#4257,#4258);
#3140=VERTEX_POINT('',#4259);
#3141=LINE('',#4260,#4261);
#3142=LINE('',#4262,#4263);
#3143=FILL_AREA_STYLE_COLOUR('',#4264);
#3144=LINE('',#4265,#4266);
#3145=FILL_AREA_STYLE_COLOUR('',#4267);
#3146=VERTEX_POINT('',#4268);
#3147=LINE('',#4269,#4270);
#3148=LINE('',#4271,#4272);
#3149=FILL_AREA_STYLE_COLOUR('',#4273);
#3150=VERTEX_POINT('',#4274);
#3151=LINE('',#4275,#4276);
#3152=LINE('',#4277,#4278);
#3153=FILL_AREA_STYLE_COLOUR('',#4279);
#3154=LINE('',#4280,#4281);
#3155=FILL_AREA_STYLE_COLOUR('',#4282);
#3156=FILL_AREA_STYLE_COLOUR('',#4283);
#3157=FILL_AREA_STYLE_COLOUR('',#4284);
#3158=VERTEX_POINT('',#4285);
#3159=LINE('',#4286,#4287);
#3160=LINE('',#4288,#4289);
#3161=FILL_AREA_STYLE_COLOUR('',#4290);
#3162=LINE('',#4291,#4292);
#3163=FILL_AREA_STYLE_COLOUR('',#4293);
#3164=VERTEX_POINT('',#4294);
#3165=LINE('',#4295,#4296);
#3166=LINE('',#4297,#4298);
#3167=FILL_AREA_STYLE_COLOUR('',#4299);
#3168=VERTEX_POINT('',#4300);
#3169=LINE('',#4301,#4302);
#3170=LINE('',#4303,#4304);
#3171=FILL_AREA_STYLE_COLOUR('',#4305);
#3172=LINE('',#4306,#4307);
#3173=FILL_AREA_STYLE_COLOUR('',#4308);
#3174=VERTEX_POINT('',#4309);
#3175=VERTEX_POINT('',#4310);
#3176=LINE('',#4311,#4312);
#3177=VERTEX_POINT('',#4313);
#3178=LINE('',#4314,#4315);
#3179=VERTEX_POINT('',#4316);
#3180=LINE('',#4317,#4318);
#3181=LINE('',#4319,#4320);
#3182=FILL_AREA_STYLE_COLOUR('',#4321);
#3183=VERTEX_POINT('',#4322);
#3184=VERTEX_POINT('',#4323);
#3185=LINE('',#4324,#4325);
#3186=VERTEX_POINT('',#4326);
#3187=LINE('',#4327,#4328);
#3188=VERTEX_POINT('',#4329);
#3189=LINE('',#4330,#4331);
#3190=LINE('',#4332,#4333);
#3191=FILL_AREA_STYLE_COLOUR('',#4334);
#3192=VERTEX_POINT('',#4335);
#3193=VERTEX_POINT('',#4336);
#3194=LINE('',#4337,#4338);
#3195=VERTEX_POINT('',#4339);
#3196=LINE('',#4340,#4341);
#3197=VERTEX_POINT('',#4342);
#3198=LINE('',#4343,#4344);
#3199=LINE('',#4345,#4346);
#3200=FILL_AREA_STYLE_COLOUR('',#4347);
#3201=VERTEX_POINT('',#4348);
#3202=VERTEX_POINT('',#4349);
#3203=LINE('',#4350,#4351);
#3204=VERTEX_POINT('',#4352);
#3205=LINE('',#4353,#4354);
#3206=VERTEX_POINT('',#4355);
#3207=LINE('',#4356,#4357);
#3208=LINE('',#4358,#4359);
#3209=FILL_AREA_STYLE_COLOUR('',#4360);
#3210=VERTEX_POINT('',#4361);
#3211=LINE('',#4362,#4363);
#3212=LINE('',#4364,#4365);
#3213=LINE('',#4366,#4367);
#3214=VERTEX_POINT('',#4368);
#3215=LINE('',#4369,#4370);
#3216=LINE('',#4371,#4372);
#3217=FILL_AREA_STYLE_COLOUR('',#4373);
#3218=VERTEX_POINT('',#4374);
#3219=LINE('',#4375,#4376);
#3220=LINE('',#4377,#4378);
#3221=FILL_AREA_STYLE_COLOUR('',#4379);
#3222=VERTEX_POINT('',#4380);
#3223=LINE('',#4381,#4382);
#3224=LINE('',#4383,#4384);
#3225=FILL_AREA_STYLE_COLOUR('',#4385);
#3226=VERTEX_POINT('',#4386);
#3227=LINE('',#4387,#4388);
#3228=VERTEX_POINT('',#4389);
#3229=LINE('',#4390,#4391);
#3230=LINE('',#4392,#4393);
#3231=FILL_AREA_STYLE_COLOUR('',#4394);
#3232=VERTEX_POINT('',#4395);
#3233=LINE('',#4396,#4397);
#3234=VERTEX_POINT('',#4398);
#3235=LINE('',#4399,#4400);
#3236=LINE('',#4401,#4402);
#3237=FILL_AREA_STYLE_COLOUR('',#4403);
#3238=VERTEX_POINT('',#4404);
#3239=LINE('',#4405,#4406);
#3240=LINE('',#4407,#4408);
#3241=FILL_AREA_STYLE_COLOUR('',#4409);
#3242=VERTEX_POINT('',#4410);
#3243=LINE('',#4411,#4412);
#3244=LINE('',#4413,#4414);
#3245=FILL_AREA_STYLE_COLOUR('',#4415);
#3246=VERTEX_POINT('',#4416);
#3247=LINE('',#4417,#4418);
#3248=VERTEX_POINT('',#4419);
#3249=LINE('',#4420,#4421);
#3250=LINE('',#4422,#4423);
#3251=FILL_AREA_STYLE_COLOUR('',#4424);
#3252=LINE('',#4425,#4426);
#3253=LINE('',#4427,#4428);
#3254=LINE('',#4429,#4430);
#3255=FILL_AREA_STYLE_COLOUR('',#4431);
#3256=LINE('',#4432,#4433);
#3257=FILL_AREA_STYLE_COLOUR('',#4434);
#3258=LINE('',#4435,#4436);
#3259=FILL_AREA_STYLE_COLOUR('',#4437);
#3260=LINE('',#4438,#4439);
#3261=FILL_AREA_STYLE_COLOUR('',#4440);
#3262=COLOUR_RGB('',0.82745099067688,0.82745099067688,0.82745099067688);
#3263=CARTESIAN_POINT('',(3.0,8.13,3.67381906146713E-16));
#3264=CARTESIAN_POINT('',(3.0,8.64,0.0));
#3265=CARTESIAN_POINT('',(3.0,8.385,3.67381906146713E-16));
#3266=VECTOR('',#4441,1.0);
#3267=CARTESIAN_POINT('',(2.53,8.13,-1.61217244735171));
#3268=AXIS2_PLACEMENT_3D('',#4442,#4443,#4444);
#3269=CARTESIAN_POINT('',(-2.53,8.13,-1.61217244735171));
#3270=AXIS2_PLACEMENT_3D('',#4445,#4446,#4447);
#3271=CARTESIAN_POINT('',(-3.0,8.13,-3.67381906146713E-16));
#3272=AXIS2_PLACEMENT_3D('',#4448,#4449,#4450);
#3273=CARTESIAN_POINT('',(-3.0,8.64,-3.67381906146713E-16));
#3274=CARTESIAN_POINT('',(-3.0,8.385,-3.67381906146713E-16));
#3275=VECTOR('',#4451,1.0);
#3276=AXIS2_PLACEMENT_3D('',#4452,#4453,#4454);
#3277=COLOUR_RGB('',0.82745099067688,0.82745099067688,0.82745099067688);
#3278=CARTESIAN_POINT('',(2.413,13.9435867375,1.84475210714824E-16));
#3279=CARTESIAN_POINT('',(2.413,8.64,2.9549751317734E-16));
#3280=CARTESIAN_POINT('',(2.413,11.13,2.9549751317734E-16));
#3281=VECTOR('',#4455,1.0);
#3282=CARTESIAN_POINT('',(1.38348834472864,8.64,-1.977));
#3283=AXIS2_PLACEMENT_3D('',#4456,#4457,#4458);
#3284=CARTESIAN_POINT('',(1.38348834472864,13.9435867375,-1.977));
#3285=CARTESIAN_POINT('',(1.38348834472864,11.13,-1.977));
#3286=VECTOR('',#4459,1.0);
#3287=AXIS2_PLACEMENT_3D('',#4460,#4461,#4462);
#3288=COLOUR_RGB('',0.82745099067688,0.82745099067688,0.82745099067688);
#3289=CARTESIAN_POINT('',(-2.413,8.64,-2.9549751317734E-16));
#3290=CARTESIAN_POINT('',(-2.413,13.9435867375,-4.06519815639855E-16));
#3291=CARTESIAN_POINT('',(-2.413,11.13,-2.9549751317734E-16));
#3292=VECTOR('',#4463,1.0);
#3293=AXIS2_PLACEMENT_3D('',#4464,#4465,#4466);
#3294=AXIS2_PLACEMENT_3D('',#4467,#4468,#4469);
#3295=COLOUR_RGB('',0.82745099067688,0.82745099067688,0.82745099067688);
#3296=CARTESIAN_POINT('',(2.1265867375,14.23,1.49400860607174E-16));
#3297=CARTESIAN_POINT('',(2.26979336875,14.08679336875,1.66938035660999E-16));
#3298=VECTOR('',#4470,1.0);
#3299=CARTESIAN_POINT('',(0.783480792432651,14.23,-1.977));
#3301=CARTESIAN_POINT('',(1.38348834472865,13.9435867375,-1.977));
#3302=CARTESIAN_POINT('',(1.06455662089346,14.1264455533683,-1.977));
#3303=CARTESIAN_POINT('',(0.783480792432653,14.23,-1.977));
#3310=AXIS2_PLACEMENT_3D('',#4471,#4472,#4473);
#3311=COLOUR_RGB('',0.82745099067688,0.82745099067688,0.82745099067688);
#3312=CARTESIAN_POINT('',(-2.1265867375,14.23,-3.71445465532206E-16));
#3313=CARTESIAN_POINT('',(-2.26979336875,14.08679336875,-3.8898264058603E-16));
#3314=VECTOR('',#4474,1.0);
#3315=AXIS2_PLACEMENT_3D('',#4475,#4476,#4477);
#3316=COLOUR_RGB('',0.858823537826538,0.886274516582489,0.91372549533844);
#3317=CARTESIAN_POINT('',(1.27,14.23,0.23916050489005));
#3318=CARTESIAN_POINT('',(1.27,21.7375945496336,1.42824666581731));
#3319=CARTESIAN_POINT('',(1.27,17.2287972748168,0.714123332908654));
#3320=VECTOR('',#4478,1.0);
#3321=CARTESIAN_POINT('',(1.18627700768858,14.23,-0.219975250947539));
#3322=AXIS2_PLACEMENT_3D('',#4479,#4480,#4481);
#3323=CARTESIAN_POINT('',(-1.18627700768858,14.23,-0.219975250947537));
#3324=CARTESIAN_POINT('',(-1.18973859530478,14.294966443123,-0.200410391053458));
#3325=CARTESIAN_POINT('',(-1.18226053483204,14.1426763975358,-0.244803985793736));
#3326=CARTESIAN_POINT('',(-1.17147846620784,13.9967559736506,-0.296866275360393));
#3327=CARTESIAN_POINT('',(-1.14002911114049,13.7979708760616,-0.396469316448772));
#3328=CARTESIAN_POINT('',(-1.12690160675099,13.7351221865778,-0.433322763558233));
#3329=CARTESIAN_POINT('',(-1.09140984901896,13.6184167236488,-0.516236758114749));
#3330=CARTESIAN_POINT('',(-1.06907330521425,13.5645928141287,-0.5623554085859));
#3331=CARTESIAN_POINT('',(-1.00877107947691,13.4680465995048,-0.664482687817931));
#3332=CARTESIAN_POINT('',(-0.968804892401789,13.4238941883829,-0.722954255797121));
#3333=CARTESIAN_POINT('',(-0.872008793989357,13.3536120818814,-0.83716560241785));
#3334=CARTESIAN_POINT('',(-0.815134651450953,13.3269730787291,-0.892553639308107));
#3335=CARTESIAN_POINT('',(-0.65867557015183,13.2733187389718,-1.01880648875022));
#3336=CARTESIAN_POINT('',(-0.536470299256524,13.2520283102907,-1.08968135376863));
#3337=CARTESIAN_POINT('',(-0.272937858216504,13.2259318191297,-1.18351626954003));
#3338=CARTESIAN_POINT('',(-0.131644073017219,13.2208743888491,-1.2065));
#3339=CARTESIAN_POINT('',(0.13164407301722,13.2208743888491,-1.2065));
#3340=CARTESIAN_POINT('',(0.272937858216506,13.2259318191297,-1.18351626954003));
#3341=CARTESIAN_POINT('',(0.536470299256525,13.2520283102907,-1.08968135376863));
#3342=CARTESIAN_POINT('',(0.658675570151832,13.2733187389718,-1.01880648875022));
#3343=CARTESIAN_POINT('',(0.815134651450955,13.3269730787291,-0.892553639308106));
#3344=CARTESIAN_POINT('',(0.872008793989357,13.3536120818814,-0.837165602417849));
#3345=CARTESIAN_POINT('',(0.968804892401789,13.4238941883829,-0.722954255797121));
#3346=CARTESIAN_POINT('',(1.00877107947691,13.4680465995048,-0.66448268781793));
#3347=CARTESIAN_POINT('',(1.06907330521425,13.5645928141287,-0.562355408585899));
#3348=CARTESIAN_POINT('',(1.09140984901896,13.6184167236488,-0.516236758114748));
#3349=CARTESIAN_POINT('',(1.12690160675099,13.7351221865778,-0.433322763558231));
#3350=CARTESIAN_POINT('',(1.14002911114049,13.7979708760616,-0.396469316448772));
#3351=CARTESIAN_POINT('',(1.17147846620784,13.9967559736506,-0.296866275360393));
#3352=CARTESIAN_POINT('',(1.18226053483204,14.1426763975358,-0.244803985793735));
#3353=CARTESIAN_POINT('',(1.18973859530478,14.294966443123,-0.200410391053457));
#3354=CARTESIAN_POINT('',(-1.27,14.23,0.239160504890049));
#3355=AXIS2_PLACEMENT_3D('',#4482,#4483,#4484);
#3356=CARTESIAN_POINT('',(-1.27,21.7375945496336,1.42824666581731));
#3357=CARTESIAN_POINT('',(-1.27,17.2287972748168,0.714123332908654));
#3358=VECTOR('',#4485,1.0);
#3359=CARTESIAN_POINT('',(0.0,21.9362663202347,0.173882473261483));
#3360=AXIS2_PLACEMENT_3D('',#4486,#4487,#4488);
#3361=AXIS2_PLACEMENT_3D('',#4489,#4490,#4491);
#3362=COLOUR_RGB('',0.811764717102051,0.831372559070587,0.850980401039124);
#3363=CARTESIAN_POINT('',(2.44,2.0,-2.0));
#3364=CARTESIAN_POINT('',(2.44,3.0,-2.0));
#3365=CARTESIAN_POINT('',(2.44,4.2825,-2.0));
#3366=VECTOR('',#4492,1.0);
#3367=CARTESIAN_POINT('',(2.52,2.0,-2.0));
#3368=CARTESIAN_POINT('',(0.0,2.0,-2.0));
#3369=VECTOR('',#4493,1.0);
#3370=CARTESIAN_POINT('',(2.52,3.0,-2.0));
#3371=CARTESIAN_POINT('',(2.52,3.5325,-2.0));
#3372=VECTOR('',#4494,1.0);
#3373=CARTESIAN_POINT('',(0.0,3.0,-2.0));
#3374=VECTOR('',#4495,1.0);
#3375=COLOUR_RGB('',0.811764717102051,0.831372559070587,0.850980401039124);
#3376=CARTESIAN_POINT('',(2.44,2.0,2.0));
#3377=CARTESIAN_POINT('',(2.44,2.0,0.0));
#3378=VECTOR('',#4496,1.0);
#3379=CARTESIAN_POINT('',(2.52,2.0,2.0));
#3380=CARTESIAN_POINT('',(0.0,2.0,2.0));
#3381=VECTOR('',#4497,1.0);
#3382=CARTESIAN_POINT('',(2.52,2.0,0.0));
#3383=VECTOR('',#4498,1.0);
#3384=COLOUR_RGB('',0.811764717102051,0.831372559070587,0.850980401039124);
#3385=CARTESIAN_POINT('',(2.44,3.0,2.0));
#3386=CARTESIAN_POINT('',(2.44,3.0,0.0));
#3387=VECTOR('',#4499,1.0);
#3388=CARTESIAN_POINT('',(2.52,3.0,2.0));
#3389=CARTESIAN_POINT('',(2.52,3.0,0.0));
#3390=VECTOR('',#4500,1.0);
#3391=CARTESIAN_POINT('',(0.0,3.0,2.0));
#3392=VECTOR('',#4501,1.0);
#3393=COLOUR_RGB('',0.811764717102051,0.831372559070587,0.850980401039124);
#3394=CARTESIAN_POINT('',(-2.44,3.0,2.0));
#3395=CARTESIAN_POINT('',(-2.44,3.0,-2.0));
#3396=CARTESIAN_POINT('',(-2.44,3.0,-2.9880395033266E-16));
#3397=VECTOR('',#4502,1.0);
#3398=CARTESIAN_POINT('',(-2.52,3.0,2.0));
#3399=CARTESIAN_POINT('',(0.0,3.0,2.0));
#3400=VECTOR('',#4503,1.0);
#3401=CARTESIAN_POINT('',(-2.52,3.0,-2.0));
#3402=CARTESIAN_POINT('',(-2.52,3.0,0.0));
#3403=VECTOR('',#4504,1.0);
#3404=CARTESIAN_POINT('',(0.0,3.0,-2.0));
#3405=VECTOR('',#4505,1.0);
#3406=COLOUR_RGB('',0.811764717102051,0.831372559070587,0.850980401039124);
#3407=CARTESIAN_POINT('',(2.44,4.2825,2.0));
#3408=VECTOR('',#4506,1.0);
#3409=CARTESIAN_POINT('',(2.52,3.5325,2.0));
#3410=VECTOR('',#4507,1.0);
#3411=COLOUR_RGB('',0.811764717102051,0.831372559070587,0.850980401039124);
#3412=CARTESIAN_POINT('',(-2.44,2.0,2.0));
#3413=CARTESIAN_POINT('',(-2.44,4.2825,2.0));
#3414=VECTOR('',#4508,1.0);
#3415=CARTESIAN_POINT('',(-2.52,2.0,2.0));
#3416=CARTESIAN_POINT('',(0.0,2.0,2.0));
#3417=VECTOR('',#4509,1.0);
#3418=CARTESIAN_POINT('',(-2.52,3.5325,2.0));
#3419=VECTOR('',#4510,1.0);
#3420=COLOUR_RGB('',0.811764717102051,0.831372559070587,0.850980401039124);
#3421=CARTESIAN_POINT('',(-2.44,7.71,3.555));
#3422=CARTESIAN_POINT('',(-2.44,1.01,3.555));
#3423=CARTESIAN_POINT('',(-2.44,5.315,3.555));
#3424=VECTOR('',#4511,1.0);
#3425=CARTESIAN_POINT('',(-2.52,7.71,3.555));
#3426=CARTESIAN_POINT('',(0.0,7.71,3.555));
#3427=VECTOR('',#4512,1.0);
#3428=CARTESIAN_POINT('',(-2.52,1.01,3.555));
#3429=CARTESIAN_POINT('',(-2.52,4.565,3.555));
#3430=VECTOR('',#4513,1.0);
#3431=CARTESIAN_POINT('',(0.0,1.01,3.555));
#3432=VECTOR('',#4514,1.0);
#3433=COLOUR_RGB('',0.811764717102051,0.831372559070587,0.850980401039124);
#3434=CARTESIAN_POINT('',(2.44,1.01,3.555));
#3435=CARTESIAN_POINT('',(2.44,7.71,3.555));
#3436=CARTESIAN_POINT('',(2.44,5.315,3.555));
#3437=VECTOR('',#4515,1.0);
#3438=CARTESIAN_POINT('',(2.52,1.01,3.555));
#3439=CARTESIAN_POINT('',(0.0,1.01,3.555));
#3440=VECTOR('',#4516,1.0);
#3441=CARTESIAN_POINT('',(2.52,7.71,3.555));
#3442=CARTESIAN_POINT('',(2.52,4.565,3.555));
#3443=VECTOR('',#4517,1.0);
#3444=CARTESIAN_POINT('',(0.0,7.71,3.555));
#3445=VECTOR('',#4518,1.0);
#3446=COLOUR_RGB('',0.811764717102051,0.831372559070587,0.850980401039124);
#3447=CARTESIAN_POINT('',(-2.53,7.72,-4.055));
#3448=CARTESIAN_POINT('',(2.53,7.72,-4.055));
#3449=CARTESIAN_POINT('',(0.0,7.72,-4.055));
#3450=VECTOR('',#4519,1.0);
#3451=CARTESIAN_POINT('',(-2.53,8.13,-4.055));
#3452=CARTESIAN_POINT('',(-2.53,7.92,-4.055));
#3453=VECTOR('',#4520,1.0);
#3454=CARTESIAN_POINT('',(2.53,8.13,-4.055));
#3455=CARTESIAN_POINT('',(0.0,8.13,-4.055));
#3456=VECTOR('',#4521,1.0);
#3457=CARTESIAN_POINT('',(2.53,7.92,-4.055));
#3458=VECTOR('',#4522,1.0);
#3459=COLOUR_RGB('',0.811764717102051,0.831372559070587,0.850980401039124);
#3460=CARTESIAN_POINT('',(-2.44,1.01,-3.555));
#3461=CARTESIAN_POINT('',(-2.44,1.01,-2.9880395033266E-16));
#3462=VECTOR('',#4523,1.0);
#3463=CARTESIAN_POINT('',(-2.52,1.01,-3.555));
#3464=CARTESIAN_POINT('',(-2.52,1.01,0.0));
#3465=VECTOR('',#4524,1.0);
#3466=CARTESIAN_POINT('',(0.0,1.01,-3.555));
#3467=VECTOR('',#4525,1.0);
#3468=COLOUR_RGB('',0.811764717102051,0.831372559070587,0.850980401039124);
#3469=CARTESIAN_POINT('',(2.44,1.01,-3.555));
#3470=CARTESIAN_POINT('',(2.44,1.01,0.0));
#3471=VECTOR('',#4526,1.0);
#3472=CARTESIAN_POINT('',(2.52,1.01,-3.555));
#3473=CARTESIAN_POINT('',(0.0,1.01,-3.555));
#3474=VECTOR('',#4527,1.0);
#3475=CARTESIAN_POINT('',(2.52,1.01,0.0));
#3476=VECTOR('',#4528,1.0);
#3477=COLOUR_RGB('',0.811764717102051,0.831372559070587,0.850980401039124);
#3478=CARTESIAN_POINT('',(-2.44,7.71,-3.555));
#3479=CARTESIAN_POINT('',(-2.44,5.315,-3.555));
#3480=VECTOR('',#4529,1.0);
#3481=CARTESIAN_POINT('',(-2.52,7.71,-3.555));
#3482=CARTESIAN_POINT('',(-2.52,4.565,-3.555));
#3483=VECTOR('',#4530,1.0);
#3484=CARTESIAN_POINT('',(0.0,7.71,-3.555));
#3485=VECTOR('',#4531,1.0);
#3486=COLOUR_RGB('',0.811764717102051,0.831372559070587,0.850980401039124);
#3487=CARTESIAN_POINT('',(2.44,7.71,-3.555));
#3488=CARTESIAN_POINT('',(2.44,5.315,-3.555));
#3489=VECTOR('',#4532,1.0);
#3490=CARTESIAN_POINT('',(2.52,7.71,-3.555));
#3491=CARTESIAN_POINT('',(0.0,7.71,-3.555));
#3492=VECTOR('',#4533,1.0);
#3493=CARTESIAN_POINT('',(2.52,4.565,-3.555));
#3494=VECTOR('',#4534,1.0);
#3495=COLOUR_RGB('',0.811764717102051,0.831372559070587,0.850980401039124);
#3496=CARTESIAN_POINT('',(-2.53,7.71,3.565));
#3497=CARTESIAN_POINT('',(-2.44,7.71,3.565));
#3498=CARTESIAN_POINT('',(-1.47,7.71,3.565));
#3499=VECTOR('',#4535,1.0);
#3500=CARTESIAN_POINT('',(-2.53,7.71,-3.565));
#3501=CARTESIAN_POINT('',(-2.53,7.71,0.0));
#3502=VECTOR('',#4536,1.0);
#3503=CARTESIAN_POINT('',(-2.44,7.71,-3.565));
#3504=CARTESIAN_POINT('',(-1.47,7.71,-3.565));
#3505=VECTOR('',#4537,1.0);
#3506=CARTESIAN_POINT('',(-2.44,7.71,-2.9880395033266E-16));
#3507=VECTOR('',#4538,1.0);
#3508=CARTESIAN_POINT('',(-2.52,7.71,0.0));
#3509=VECTOR('',#4539,1.0);
#3510=CARTESIAN_POINT('',(-2.44,7.71,-2.9880395033266E-16));
#3511=VECTOR('',#4540,1.0);
#3512=COLOUR_RGB('',0.811764717102051,0.831372559070587,0.850980401039124);
#3513=CARTESIAN_POINT('',(2.44,7.71,3.565));
#3514=CARTESIAN_POINT('',(2.53,7.71,3.565));
#3515=CARTESIAN_POINT('',(1.47,7.71,3.565));
#3516=VECTOR('',#4541,1.0);
#3517=CARTESIAN_POINT('',(2.44,7.71,0.0));
#3518=VECTOR('',#4542,1.0);
#3519=CARTESIAN_POINT('',(2.52,7.71,0.0));
#3520=VECTOR('',#4543,1.0);
#3521=CARTESIAN_POINT('',(2.44,7.71,-3.565));
#3522=CARTESIAN_POINT('',(2.44,7.71,0.0));
#3523=VECTOR('',#4544,1.0);
#3524=CARTESIAN_POINT('',(2.53,7.71,-3.565));
#3525=CARTESIAN_POINT('',(1.47,7.71,-3.565));
#3526=VECTOR('',#4545,1.0);
#3527=CARTESIAN_POINT('',(2.53,7.71,0.0));
#3528=VECTOR('',#4546,1.0);
#3529=COLOUR_RGB('',0.811764717102051,0.831372559070587,0.850980401039124);
#3530=CARTESIAN_POINT('',(2.53,8.13,0.0));
#3531=VECTOR('',#4547,1.0);
#3532=CARTESIAN_POINT('',(-2.53,8.13,0.0));
#3533=VECTOR('',#4548,1.0);
#3534=COLOUR_RGB('',0.811764717102051,0.831372559070587,0.850980401039124);
#3535=CARTESIAN_POINT('',(2.53,8.13,1.61217244735171));
#3536=CARTESIAN_POINT('',(-2.53,8.13,1.61217244735171));
#3537=AXIS2_PLACEMENT_3D('',#4549,#4550,#4551);
#3538=CARTESIAN_POINT('',(-2.53,8.13,4.055));
#3539=CARTESIAN_POINT('',(-2.53,8.13,0.0));
#3540=VECTOR('',#4552,1.0);
#3541=CARTESIAN_POINT('',(2.53,8.13,4.055));
#3542=CARTESIAN_POINT('',(0.0,8.13,4.055));
#3543=VECTOR('',#4553,1.0);
#3544=CARTESIAN_POINT('',(2.53,8.13,0.0));
#3545=VECTOR('',#4554,1.0);
#3546=COLOUR_RGB('',0.811764717102051,0.831372559070587,0.850980401039124);
#3547=CARTESIAN_POINT('',(-2.52,2.0,-2.0));
#3548=CARTESIAN_POINT('',(-2.52,3.5325,-2.0));
#3549=VECTOR('',#4555,1.0);
#3550=CARTESIAN_POINT('',(-2.52,2.0,0.0));
#3551=VECTOR('',#4556,1.0);
#3552=COLOUR_RGB('',0.811764717102051,0.831372559070587,0.850980401039124);
#3553=CARTESIAN_POINT('',(-2.44,2.0,-2.0));
#3554=CARTESIAN_POINT('',(-2.44,2.0,-2.9880395033266E-16));
#3555=VECTOR('',#4557,1.0);
#3556=CARTESIAN_POINT('',(0.0,2.0,-2.0));
#3557=VECTOR('',#4558,1.0);
#3558=COLOUR_RGB('',0.811764717102051,0.831372559070587,0.850980401039124);
#3559=CARTESIAN_POINT('',(-2.44,4.2825,-2.0));
#3560=VECTOR('',#4559,1.0);
#3561=COLOUR_RGB('',0.811764717102051,0.831372559070587,0.850980401039124);
#3562=COLOUR_RGB('',0.811764717102051,0.831372559070587,0.850980401039124);
#3563=CARTESIAN_POINT('',(2.53,7.72,4.055));
#3564=CARTESIAN_POINT('',(-2.53,7.72,4.055));
#3565=CARTESIAN_POINT('',(0.0,7.72,4.055));
#3566=VECTOR('',#4560,1.0);
#3567=CARTESIAN_POINT('',(2.53,7.92,4.055));
#3568=VECTOR('',#4561,1.0);
#3569=CARTESIAN_POINT('',(-2.53,7.92,4.055));
#3570=VECTOR('',#4562,1.0);
#3571=COLOUR_RGB('',0.811764717102051,0.831372559070587,0.850980401039124);
#3572=CARTESIAN_POINT('',(-2.53,7.72,3.565));
#3573=CARTESIAN_POINT('',(-2.53,7.72,0.0));
#3574=VECTOR('',#4563,1.0);
#3575=CARTESIAN_POINT('',(-2.53,8.13,0.0));
#3576=VECTOR('',#4564,1.0);
#3577=CARTESIAN_POINT('',(-2.53,7.72,-3.565));
#3578=CARTESIAN_POINT('',(-2.53,7.72,0.0));
#3579=VECTOR('',#4565,1.0);
#3580=CARTESIAN_POINT('',(-2.53,6.9925,-3.565));
#3581=VECTOR('',#4566,1.0);
#3582=CARTESIAN_POINT('',(-2.53,6.9925,3.565));
#3583=VECTOR('',#4567,1.0);
#3584=COLOUR_RGB('',0.811764717102051,0.831372559070587,0.850980401039124);
#3585=CARTESIAN_POINT('',(2.53,7.72,3.565));
#3586=CARTESIAN_POINT('',(2.53,6.9925,3.565));
#3587=VECTOR('',#4568,1.0);
#3588=CARTESIAN_POINT('',(2.53,7.72,-3.565));
#3589=CARTESIAN_POINT('',(2.53,6.9925,-3.565));
#3590=VECTOR('',#4569,1.0);
#3591=CARTESIAN_POINT('',(2.53,7.72,0.0));
#3592=VECTOR('',#4570,1.0);
#3593=CARTESIAN_POINT('',(2.53,8.13,0.0));
#3594=VECTOR('',#4571,1.0);
#3595=CARTESIAN_POINT('',(2.53,7.72,0.0));
#3596=VECTOR('',#4572,1.0);
#3597=COLOUR_RGB('',0.82745099067688,0.82745099067688,0.82745099067688);
#3598=AXIS2_PLACEMENT_3D('',#4573,#4574,#4575);
#3599=COLOUR_RGB('',0.82745099067688,0.82745099067688,0.82745099067688);
#3600=AXIS2_PLACEMENT_3D('',#4576,#4577,#4578);
#3601=COLOUR_RGB('',0.858823537826538,0.886274516582489,0.91372549533844);
#3602=CARTESIAN_POINT('',(0.0,21.5389227790325,2.68261085837313));
#3603=AXIS2_PLACEMENT_3D('',#4579,#4580,#4581);
#3604=AXIS2_PLACEMENT_3D('',#4582,#4583,#4584);
#3605=AXIS2_PLACEMENT_3D('',#4585,#4586,#4587);
#3606=COLOUR_RGB('',0.858823537826538,0.886274516582489,0.91372549533844);
#3607=COLOUR_RGB('',0.82745099067688,0.82745099067688,0.82745099067688);
#3608=AXIS2_PLACEMENT_3D('',#4588,#4589,#4590);
#3609=COLOUR_RGB('',0.82745099067688,0.82745099067688,0.82745099067688);
#3610=CARTESIAN_POINT('',(-1.38348834472864,8.64,-1.977));
#3611=CARTESIAN_POINT('',(0.0,8.64,-1.977));
#3612=VECTOR('',#4591,1.0);
#3613=CARTESIAN_POINT('',(-1.38348834472864,13.9435867375,-1.977));
#3614=CARTESIAN_POINT('',(-1.38348834472864,11.13,-1.977));
#3615=VECTOR('',#4592,1.0);
#3616=CARTESIAN_POINT('',(-0.78348079243265,14.23,-1.977));
#3618=CARTESIAN_POINT('',(-0.783480792432652,14.23,-1.977));
#3619=CARTESIAN_POINT('',(-1.06455662089346,14.1264455533683,-1.977));
#3620=CARTESIAN_POINT('',(-1.38348834472864,13.9435867375,-1.977));
#3627=CARTESIAN_POINT('',(-0.531646684375,14.23,-1.977));
#3628=VECTOR('',#4593,1.0);
#3629=COLOUR_RGB('',0.82745099067688,0.82745099067688,0.82745099067688);
#3630=AXIS2_PLACEMENT_3D('',#4594,#4595,#4596);
#3631=COLOUR_RGB('',0.82745099067688,0.82745099067688,0.82745099067688);
#3632=AXIS2_PLACEMENT_3D('',#4597,#4598,#4599);
#3633=COLOUR_RGB('',0.82745099067688,0.82745099067688,0.82745099067688);
#3634=AXIS2_PLACEMENT_3D('',#4600,#4601,#4602);
#3635=COLOUR_RGB('',0.82745099067688,0.82745099067688,0.82745099067688);
#3636=AXIS2_PLACEMENT_3D('',#4603,#4604,#4605);
#3637=COLOUR_RGB('',0.82745099067688,0.82745099067688,0.82745099067688);
#3638=COLOUR_RGB('',1.0,0.0,0.0);
#3639=CARTESIAN_POINT('',(2.54,7.72,3.565));
#3640=CARTESIAN_POINT('',(1.47,7.72,3.565));
#3641=VECTOR('',#4606,1.0);
#3642=CARTESIAN_POINT('',(2.54,1.0,3.565));
#3643=CARTESIAN_POINT('',(2.54,4.9625,3.565));
#3644=VECTOR('',#4607,1.0);
#3645=CARTESIAN_POINT('',(2.44,1.0,3.565));
#3646=CARTESIAN_POINT('',(2.94,1.0,3.565));
#3647=VECTOR('',#4608,1.0);
#3648=CARTESIAN_POINT('',(2.44,6.065,3.565));
#3649=VECTOR('',#4609,1.0);
#3650=COLOUR_RGB('',1.0,0.0,0.0);
#3651=CARTESIAN_POINT('',(-2.44,1.0,3.565));
#3652=CARTESIAN_POINT('',(-2.44,6.065,3.565));
#3653=VECTOR('',#4610,1.0);
#3654=CARTESIAN_POINT('',(-2.54,1.0,3.565));
#3655=CARTESIAN_POINT('',(-2.94,1.0,3.565));
#3656=VECTOR('',#4611,1.0);
#3657=CARTESIAN_POINT('',(-2.54,7.72,3.565));
#3658=CARTESIAN_POINT('',(-2.54,4.9625,3.565));
#3659=VECTOR('',#4612,1.0);
#3660=CARTESIAN_POINT('',(-1.47,7.72,3.565));
#3661=VECTOR('',#4613,1.0);
#3662=COLOUR_RGB('',1.0,0.0,0.0);
#3663=CARTESIAN_POINT('',(2.54,7.72,-3.565));
#3664=CARTESIAN_POINT('',(1.47,7.72,-3.565));
#3665=VECTOR('',#4614,1.0);
#3666=CARTESIAN_POINT('',(2.54,7.72,-4.065));
#3667=CARTESIAN_POINT('',(2.54,7.72,0.0));
#3668=VECTOR('',#4615,1.0);
#3669=CARTESIAN_POINT('',(-2.54,7.72,-4.065));
#3670=CARTESIAN_POINT('',(0.0,7.72,-4.065));
#3671=VECTOR('',#4616,1.0);
#3672=CARTESIAN_POINT('',(-2.54,7.72,-3.565));
#3673=CARTESIAN_POINT('',(-2.54,7.72,0.0));
#3674=VECTOR('',#4617,1.0);
#3675=CARTESIAN_POINT('',(-1.47,7.72,-3.565));
#3676=VECTOR('',#4618,1.0);
#3677=COLOUR_RGB('',1.0,0.0,0.0);
#3678=CARTESIAN_POINT('',(-2.54,7.72,4.065));
#3679=CARTESIAN_POINT('',(-2.54,7.72,0.0));
#3680=VECTOR('',#4619,1.0);
#3681=CARTESIAN_POINT('',(2.54,7.72,4.065));
#3682=CARTESIAN_POINT('',(0.0,7.72,4.065));
#3683=VECTOR('',#4620,1.0);
#3684=CARTESIAN_POINT('',(2.54,7.72,0.0));
#3685=VECTOR('',#4621,1.0);
#3686=COLOUR_RGB('',1.0,0.0,0.0);
#3687=CARTESIAN_POINT('',(-2.44,2.01,-1.99));
#3688=CARTESIAN_POINT('',(-2.44,2.99,-1.99));
#3689=CARTESIAN_POINT('',(-2.44,4.2825,-1.99));
#3690=VECTOR('',#4622,1.0);
#3691=CARTESIAN_POINT('',(-2.44,2.99,1.99));
#3692=CARTESIAN_POINT('',(-2.44,2.99,-2.9880395033266E-16));
#3693=VECTOR('',#4623,1.0);
#3694=CARTESIAN_POINT('',(-2.44,2.01,1.99));
#3695=CARTESIAN_POINT('',(-2.44,4.2825,1.99));
#3696=VECTOR('',#4624,1.0);
#3697=CARTESIAN_POINT('',(-2.44,2.01,-2.9880395033266E-16));
#3698=VECTOR('',#4625,1.0);
#3699=COLOUR_RGB('',1.0,0.0,0.0);
#3700=CARTESIAN_POINT('',(-2.44,1.0,-3.565));
#3701=CARTESIAN_POINT('',(-2.44,6.065,-3.565));
#3702=VECTOR('',#4626,1.0);
#3703=CARTESIAN_POINT('',(-2.44,1.0,-2.9880395033266E-16));
#3704=VECTOR('',#4627,1.0);
#3705=COLOUR_RGB('',1.0,0.0,0.0);
#3706=CARTESIAN_POINT('',(2.44,2.99,-1.99));
#3707=CARTESIAN_POINT('',(2.44,2.01,-1.99));
#3708=CARTESIAN_POINT('',(2.44,4.2825,-1.99));
#3709=VECTOR('',#4628,1.0);
#3710=CARTESIAN_POINT('',(2.44,2.01,1.99));
#3711=CARTESIAN_POINT('',(2.44,2.01,0.0));
#3712=VECTOR('',#4629,1.0);
#3713=CARTESIAN_POINT('',(2.44,2.99,1.99));
#3714=CARTESIAN_POINT('',(2.44,4.2825,1.99));
#3715=VECTOR('',#4630,1.0);
#3716=CARTESIAN_POINT('',(2.44,2.99,0.0));
#3717=VECTOR('',#4631,1.0);
#3718=COLOUR_RGB('',0.82745099067688,0.82745099067688,0.82745099067688);
#3719=CARTESIAN_POINT('',(-0.76,0.218987103143517,2.795));
#3720=CARTESIAN_POINT('',(0.76,0.218987103143517,2.795));
#3721=CARTESIAN_POINT('',(-0.772980572690918,0.2254446794609,2.795));
#3722=CARTESIAN_POINT('',(-0.660272139844527,0.16873748571855,2.795));
#3723=CARTESIAN_POINT('',(-0.530675241088911,0.121123391762651,2.795));
#3724=CARTESIAN_POINT('',(-0.263628902731144,0.0590749799133944,2.795));
#3725=CARTESIAN_POINT('',(-0.126170109997661,0.0446809232694754,2.795));
#3726=CARTESIAN_POINT('',(0.126170109997661,0.0446809232694754,2.795));
#3727=CARTESIAN_POINT('',(0.263628902731145,0.0590749799133944,2.795));
#3728=CARTESIAN_POINT('',(0.530675241088912,0.121123391762651,2.795));
#3729=CARTESIAN_POINT('',(0.660272139844528,0.16873748571855,2.795));
#3730=CARTESIAN_POINT('',(0.772980572690919,0.2254446794609,2.795));
#3731=CARTESIAN_POINT('',(-0.76,-2.54,2.795));
#3732=CARTESIAN_POINT('',(-0.76,7.21,2.795));
#3733=VECTOR('',#4632,1.0);
#3734=CARTESIAN_POINT('',(-0.51,-2.79,2.795));
#3735=CARTESIAN_POINT('',(-0.76,-2.54,2.795));
#3736=VECTOR('',#4633,1.0);
#3737=CARTESIAN_POINT('',(0.51,-2.79,2.795));
#3738=CARTESIAN_POINT('',(-0.51,-2.79,2.795));
#3739=VECTOR('',#4634,1.0);
#3740=CARTESIAN_POINT('',(0.76,-2.54,2.795));
#3741=CARTESIAN_POINT('',(0.76,-2.54,2.795));
#3742=VECTOR('',#4635,1.0);
#3743=CARTESIAN_POINT('',(0.76,7.21,2.795));
#3744=VECTOR('',#4636,1.0);
#3745=CARTESIAN_POINT('',(0.38,-0.726820693123827,2.795));
#3746=CARTESIAN_POINT('',(0.38,-2.05317930687617,2.795));
#3747=CARTESIAN_POINT('',(0.380000000000001,0.44275920880954,2.795));
#3748=VECTOR('',#4637,1.0);
#3749=CARTESIAN_POINT('',(-0.379999999999999,-2.05317930687617,2.795));
#3750=AXIS2_PLACEMENT_3D('',#4638,#4639,#4640);
#3751=CARTESIAN_POINT('',(-0.379999999999999,-0.726820693123827,2.795));
#3752=CARTESIAN_POINT('',(-0.379999999999999,0.44275920880954,2.795));
#3753=VECTOR('',#4641,1.0);
#3754=AXIS2_PLACEMENT_3D('',#4642,#4643,#4644);
#3755=COLOUR_RGB('',0.82745099067688,0.82745099067688,0.82745099067688);
#3756=CARTESIAN_POINT('',(-0.76,0.218987103143517,2.285));
#3757=AXIS2_PLACEMENT_3D('',#4645,#4646,#4647);
#3758=CARTESIAN_POINT('',(-0.76,-2.54,2.285));
#3759=CARTESIAN_POINT('',(-0.76,7.21,2.285));
#3760=VECTOR('',#4648,1.0);
#3761=CARTESIAN_POINT('',(-0.76,-2.54,2.285));
#3762=VECTOR('',#4649,1.0);
#3763=COLOUR_RGB('',0.82745099067688,0.82745099067688,0.82745099067688);
#3764=CARTESIAN_POINT('',(-0.379999999999999,-0.726820693123827,2.285));
#3765=CARTESIAN_POINT('',(-0.379999999999999,-2.05317930687617,2.285));
#3766=CARTESIAN_POINT('',(-0.379999999999999,0.44275920880954,2.285));
#3767=VECTOR('',#4650,1.0);
#3768=CARTESIAN_POINT('',(-0.379999999999999,-0.726820693123827,1.775));
#3769=VECTOR('',#4651,1.0);
#3770=CARTESIAN_POINT('',(-0.379999999999999,-2.05317930687617,1.775));
#3771=VECTOR('',#4652,1.0);
#3772=COLOUR_RGB('',0.82745099067688,0.82745099067688,0.82745099067688);
#3773=CARTESIAN_POINT('',(0.38,-2.05317930687617,2.285));
#3774=AXIS2_PLACEMENT_3D('',#4653,#4654,#4655);
#3775=CARTESIAN_POINT('',(0.38,-2.05317930687617,1.775));
#3776=VECTOR('',#4656,1.0);
#3777=COLOUR_RGB('',0.82745099067688,0.82745099067688,0.82745099067688);
#3778=CARTESIAN_POINT('',(0.38,-0.726820693123827,2.285));
#3779=CARTESIAN_POINT('',(0.380000000000001,0.44275920880954,2.285));
#3780=VECTOR('',#4657,1.0);
#3781=CARTESIAN_POINT('',(0.38,-0.726820693123827,1.775));
#3782=VECTOR('',#4658,1.0);
#3783=COLOUR_RGB('',0.82745099067688,0.82745099067688,0.82745099067688);
#3784=AXIS2_PLACEMENT_3D('',#4659,#4660,#4661);
#3785=COLOUR_RGB('',0.82745099067688,0.82745099067688,0.82745099067688);
#3786=CARTESIAN_POINT('',(0.76,0.218987103143517,2.285));
#3787=AXIS2_PLACEMENT_3D('',#4662,#4663,#4664);
#3788=CARTESIAN_POINT('',(0.76,-2.54,2.285));
#3789=CARTESIAN_POINT('',(0.76,-2.54,2.285));
#3790=VECTOR('',#4665,1.0);
#3791=CARTESIAN_POINT('',(0.76,7.21,2.285));
#3792=VECTOR('',#4666,1.0);
#3793=COLOUR_RGB('',0.82745099067688,0.82745099067688,0.82745099067688);
#3794=CARTESIAN_POINT('',(0.51,-2.79,2.285));
#3795=CARTESIAN_POINT('',(0.51,-2.79,2.285));
#3796=VECTOR('',#4667,1.0);
#3797=CARTESIAN_POINT('',(0.76,-2.54,2.285));
#3798=VECTOR('',#4668,1.0);
#3799=COLOUR_RGB('',0.82745099067688,0.82745099067688,0.82745099067688);
#3800=CARTESIAN_POINT('',(-0.51,-2.79,2.285));
#3801=CARTESIAN_POINT('',(-0.51,-2.79,2.285));
#3802=VECTOR('',#4669,1.0);
#3803=CARTESIAN_POINT('',(-0.51,-2.79,2.285));
#3804=VECTOR('',#4670,1.0);
#3805=COLOUR_RGB('',0.82745099067688,0.82745099067688,0.82745099067688);
#3806=CARTESIAN_POINT('',(-0.76,-2.54,2.285));
#3807=VECTOR('',#4671,1.0);
#3808=COLOUR_RGB('',0.82745099067688,0.82745099067688,0.82745099067688);
#3809=CARTESIAN_POINT('',(0.772980572690919,0.2254446794609,2.285));
#3810=CARTESIAN_POINT('',(0.660272139844527,0.16873748571855,2.285));
#3811=CARTESIAN_POINT('',(0.530675241088911,0.121123391762651,2.285));
#3812=CARTESIAN_POINT('',(0.263628902731144,0.0590749799133944,2.285));
#3813=CARTESIAN_POINT('',(0.126170109997661,0.0446809232694754,2.285));
#3814=CARTESIAN_POINT('',(-0.126170109997661,0.0446809232694754,2.285));
#3815=CARTESIAN_POINT('',(-0.263628902731144,0.0590749799133944,2.285));
#3816=CARTESIAN_POINT('',(-0.530675241088911,0.121123391762651,2.285));
#3817=CARTESIAN_POINT('',(-0.660272139844527,0.16873748571855,2.285));
#3818=CARTESIAN_POINT('',(-0.772980572690918,0.2254446794609,2.285));
#3819=COLOUR_RGB('',0.82745099067688,0.82745099067688,0.82745099067688);
#3820=CARTESIAN_POINT('',(-0.76,0.218987103143517,-2.285));
#3821=CARTESIAN_POINT('',(0.76,0.218987103143517,-2.285));
#3822=CARTESIAN_POINT('',(-0.772980572690918,0.2254446794609,-2.285));
#3823=CARTESIAN_POINT('',(-0.660272139844527,0.16873748571855,-2.285));
#3824=CARTESIAN_POINT('',(-0.530675241088911,0.121123391762651,-2.285));
#3825=CARTESIAN_POINT('',(-0.263628902731144,0.0590749799133944,-2.285));
#3826=CARTESIAN_POINT('',(-0.126170109997661,0.0446809232694754,-2.285));
#3827=CARTESIAN_POINT('',(0.126170109997661,0.0446809232694754,-2.285));
#3828=CARTESIAN_POINT('',(0.263628902731145,0.0590749799133944,-2.285));
#3829=CARTESIAN_POINT('',(0.530675241088912,0.121123391762651,-2.285));
#3830=CARTESIAN_POINT('',(0.660272139844528,0.16873748571855,-2.285));
#3831=CARTESIAN_POINT('',(0.772980572690919,0.2254446794609,-2.285));
#3832=CARTESIAN_POINT('',(-0.76,-2.54,-2.285));
#3833=CARTESIAN_POINT('',(-0.76,7.21,-2.285));
#3834=VECTOR('',#4672,1.0);
#3835=CARTESIAN_POINT('',(-0.51,-2.79,-2.285));
#3836=CARTESIAN_POINT('',(-0.76,-2.54,-2.285));
#3837=VECTOR('',#4673,1.0);
#3838=CARTESIAN_POINT('',(0.51,-2.79,-2.285));
#3839=CARTESIAN_POINT('',(-0.51,-2.79,-2.285));
#3840=VECTOR('',#4674,1.0);
#3841=CARTESIAN_POINT('',(0.76,-2.54,-2.285));
#3842=CARTESIAN_POINT('',(0.76,-2.54,-2.285));
#3843=VECTOR('',#4675,1.0);
#3844=CARTESIAN_POINT('',(0.76,7.21,-2.285));
#3845=VECTOR('',#4676,1.0);
#3846=CARTESIAN_POINT('',(0.38,-0.726820693123827,-2.285));
#3847=CARTESIAN_POINT('',(0.38,-2.05317930687617,-2.285));
#3848=CARTESIAN_POINT('',(0.380000000000001,0.44275920880954,-2.285));
#3849=VECTOR('',#4677,1.0);
#3850=CARTESIAN_POINT('',(-0.379999999999999,-2.05317930687617,-2.285));
#3851=AXIS2_PLACEMENT_3D('',#4678,#4679,#4680);
#3852=CARTESIAN_POINT('',(-0.379999999999999,-0.726820693123827,-2.285));
#3853=CARTESIAN_POINT('',(-0.379999999999999,0.44275920880954,-2.285));
#3854=VECTOR('',#4681,1.0);
#3855=AXIS2_PLACEMENT_3D('',#4682,#4683,#4684);
#3856=COLOUR_RGB('',0.82745099067688,0.82745099067688,0.82745099067688);
#3857=CARTESIAN_POINT('',(-0.76,0.218987103143517,-2.795));
#3858=AXIS2_PLACEMENT_3D('',#4685,#4686,#4687);
#3859=CARTESIAN_POINT('',(-0.76,-2.54,-2.795));
#3860=CARTESIAN_POINT('',(-0.76,7.21,-2.795));
#3861=VECTOR('',#4688,1.0);
#3862=CARTESIAN_POINT('',(-0.76,-2.54,-2.795));
#3863=VECTOR('',#4689,1.0);
#3864=COLOUR_RGB('',0.82745099067688,0.82745099067688,0.82745099067688);
#3865=CARTESIAN_POINT('',(-0.379999999999999,-0.726820693123827,-2.795));
#3866=CARTESIAN_POINT('',(-0.379999999999999,-2.05317930687617,-2.795));
#3867=CARTESIAN_POINT('',(-0.379999999999999,0.44275920880954,-2.795));
#3868=VECTOR('',#4690,1.0);
#3869=CARTESIAN_POINT('',(-0.379999999999999,-0.726820693123827,-3.305));
#3870=VECTOR('',#4691,1.0);
#3871=CARTESIAN_POINT('',(-0.379999999999999,-2.05317930687617,-3.305));
#3872=VECTOR('',#4692,1.0);
#3873=COLOUR_RGB('',0.82745099067688,0.82745099067688,0.82745099067688);
#3874=CARTESIAN_POINT('',(0.38,-2.05317930687617,-2.795));
#3875=AXIS2_PLACEMENT_3D('',#4693,#4694,#4695);
#3876=CARTESIAN_POINT('',(0.38,-2.05317930687617,-3.305));
#3877=VECTOR('',#4696,1.0);
#3878=COLOUR_RGB('',0.82745099067688,0.82745099067688,0.82745099067688);
#3879=CARTESIAN_POINT('',(0.38,-0.726820693123827,-2.795));
#3880=CARTESIAN_POINT('',(0.380000000000001,0.44275920880954,-2.795));
#3881=VECTOR('',#4697,1.0);
#3882=CARTESIAN_POINT('',(0.38,-0.726820693123827,-3.305));
#3883=VECTOR('',#4698,1.0);
#3884=COLOUR_RGB('',0.82745099067688,0.82745099067688,0.82745099067688);
#3885=AXIS2_PLACEMENT_3D('',#4699,#4700,#4701);
#3886=COLOUR_RGB('',0.82745099067688,0.82745099067688,0.82745099067688);
#3887=CARTESIAN_POINT('',(0.76,0.218987103143517,-2.795));
#3888=AXIS2_PLACEMENT_3D('',#4702,#4703,#4704);
#3889=CARTESIAN_POINT('',(0.76,-2.54,-2.795));
#3890=CARTESIAN_POINT('',(0.76,-2.54,-2.795));
#3891=VECTOR('',#4705,1.0);
#3892=CARTESIAN_POINT('',(0.76,7.21,-2.795));
#3893=VECTOR('',#4706,1.0);
#3894=COLOUR_RGB('',0.82745099067688,0.82745099067688,0.82745099067688);
#3895=CARTESIAN_POINT('',(0.51,-2.79,-2.795));
#3896=CARTESIAN_POINT('',(0.51,-2.79,-2.795));
#3897=VECTOR('',#4707,1.0);
#3898=CARTESIAN_POINT('',(0.76,-2.54,-2.795));
#3899=VECTOR('',#4708,1.0);
#3900=COLOUR_RGB('',0.82745099067688,0.82745099067688,0.82745099067688);
#3901=CARTESIAN_POINT('',(-0.51,-2.79,-2.795));
#3902=CARTESIAN_POINT('',(-0.51,-2.79,-2.795));
#3903=VECTOR('',#4709,1.0);
#3904=CARTESIAN_POINT('',(-0.51,-2.79,-2.795));
#3905=VECTOR('',#4710,1.0);
#3906=COLOUR_RGB('',0.82745099067688,0.82745099067688,0.82745099067688);
#3907=CARTESIAN_POINT('',(-0.76,-2.54,-2.795));
#3908=VECTOR('',#4711,1.0);
#3909=COLOUR_RGB('',0.82745099067688,0.82745099067688,0.82745099067688);
#3910=CARTESIAN_POINT('',(0.772980572690919,0.2254446794609,-2.795));
#3911=CARTESIAN_POINT('',(0.660272139844527,0.16873748571855,-2.795));
#3912=CARTESIAN_POINT('',(0.530675241088911,0.121123391762651,-2.795));
#3913=CARTESIAN_POINT('',(0.263628902731144,0.0590749799133944,-2.795));
#3914=CARTESIAN_POINT('',(0.126170109997661,0.0446809232694754,-2.795));
#3915=CARTESIAN_POINT('',(-0.126170109997661,0.0446809232694754,-2.795));
#3916=CARTESIAN_POINT('',(-0.263628902731144,0.0590749799133944,-2.795));
#3917=CARTESIAN_POINT('',(-0.530675241088911,0.121123391762651,-2.795));
#3918=CARTESIAN_POINT('',(-0.660272139844527,0.16873748571855,-2.795));
#3919=CARTESIAN_POINT('',(-0.772980572690918,0.2254446794609,-2.795));
#3920=COLOUR_RGB('',0.82745099067688,0.82745099067688,0.82745099067688);
#3921=CARTESIAN_POINT('',(-0.76,0.218987103143517,0.255));
#3922=CARTESIAN_POINT('',(0.76,0.218987103143517,0.255));
#3923=CARTESIAN_POINT('',(-0.772980572690918,0.2254446794609,0.255));
#3924=CARTESIAN_POINT('',(-0.660272139844527,0.16873748571855,0.255));
#3925=CARTESIAN_POINT('',(-0.530675241088911,0.121123391762651,0.255));
#3926=CARTESIAN_POINT('',(-0.263628902731144,0.0590749799133943,0.255));
#3927=CARTESIAN_POINT('',(-0.126170109997661,0.0446809232694754,0.255));
#3928=CARTESIAN_POINT('',(0.126170109997662,0.0446809232694754,0.255));
#3929=CARTESIAN_POINT('',(0.263628902731145,0.0590749799133945,0.255));
#3930=CARTESIAN_POINT('',(0.530675241088912,0.121123391762651,0.255));
#3931=CARTESIAN_POINT('',(0.660272139844527,0.16873748571855,0.255));
#3932=CARTESIAN_POINT('',(0.772980572690919,0.2254446794609,0.255));
#3933=CARTESIAN_POINT('',(-0.76,-3.81,0.255));
#3934=CARTESIAN_POINT('',(-0.76,5.94,0.255));
#3935=VECTOR('',#4712,1.0);
#3936=CARTESIAN_POINT('',(-0.51,-4.06,0.255));
#3937=CARTESIAN_POINT('',(-0.76,-3.81,0.255));
#3938=VECTOR('',#4713,1.0);
#3939=CARTESIAN_POINT('',(0.51,-4.06,0.255));
#3940=CARTESIAN_POINT('',(-0.51,-4.06,0.255));
#3941=VECTOR('',#4714,1.0);
#3942=CARTESIAN_POINT('',(0.76,-3.81,0.255));
#3943=CARTESIAN_POINT('',(0.76,-3.81,0.255));
#3944=VECTOR('',#4715,1.0);
#3945=CARTESIAN_POINT('',(0.76,5.94,0.255));
#3946=VECTOR('',#4716,1.0);
#3947=CARTESIAN_POINT('',(0.38,-1.99682069312383,0.255));
#3948=CARTESIAN_POINT('',(0.38,-3.32317930687617,0.255));
#3949=CARTESIAN_POINT('',(0.380000000000001,-0.82724079119046,0.255));
#3950=VECTOR('',#4717,1.0);
#3951=CARTESIAN_POINT('',(-0.379999999999999,-3.32317930687617,0.255));
#3952=AXIS2_PLACEMENT_3D('',#4718,#4719,#4720);
#3953=CARTESIAN_POINT('',(-0.379999999999999,-1.99682069312383,0.255));
#3954=CARTESIAN_POINT('',(-0.379999999999999,-0.82724079119046,0.255));
#3955=VECTOR('',#4721,1.0);
#3956=AXIS2_PLACEMENT_3D('',#4722,#4723,#4724);
#3957=COLOUR_RGB('',0.82745099067688,0.82745099067688,0.82745099067688);
#3958=CARTESIAN_POINT('',(-0.76,0.218987103143517,-0.255));
#3959=AXIS2_PLACEMENT_3D('',#4725,#4726,#4727);
#3960=CARTESIAN_POINT('',(-0.76,-3.81,-0.255));
#3961=CARTESIAN_POINT('',(-0.76,5.94,-0.255));
#3962=VECTOR('',#4728,1.0);
#3963=CARTESIAN_POINT('',(-0.76,-3.81,-0.255));
#3964=VECTOR('',#4729,1.0);
#3965=COLOUR_RGB('',0.82745099067688,0.82745099067688,0.82745099067688);
#3966=CARTESIAN_POINT('',(-0.379999999999999,-1.99682069312383,-0.255));
#3967=CARTESIAN_POINT('',(-0.379999999999999,-3.32317930687617,-0.255));
#3968=CARTESIAN_POINT('',(-0.379999999999999,-0.82724079119046,-0.255));
#3969=VECTOR('',#4730,1.0);
#3970=CARTESIAN_POINT('',(-0.379999999999999,-1.99682069312383,-0.765));
#3971=VECTOR('',#4731,1.0);
#3972=CARTESIAN_POINT('',(-0.379999999999999,-3.32317930687617,-0.765));
#3973=VECTOR('',#4732,1.0);
#3974=COLOUR_RGB('',0.82745099067688,0.82745099067688,0.82745099067688);
#3975=CARTESIAN_POINT('',(0.38,-3.32317930687617,-0.255));
#3976=AXIS2_PLACEMENT_3D('',#4733,#4734,#4735);
#3977=CARTESIAN_POINT('',(0.38,-3.32317930687617,-0.765));
#3978=VECTOR('',#4736,1.0);
#3979=COLOUR_RGB('',0.82745099067688,0.82745099067688,0.82745099067688);
#3980=CARTESIAN_POINT('',(0.38,-1.99682069312383,-0.255));
#3981=CARTESIAN_POINT('',(0.380000000000001,-0.82724079119046,-0.255));
#3982=VECTOR('',#4737,1.0);
#3983=CARTESIAN_POINT('',(0.38,-1.99682069312383,-0.765));
#3984=VECTOR('',#4738,1.0);
#3985=COLOUR_RGB('',0.82745099067688,0.82745099067688,0.82745099067688);
#3986=AXIS2_PLACEMENT_3D('',#4739,#4740,#4741);
#3987=COLOUR_RGB('',0.82745099067688,0.82745099067688,0.82745099067688);
#3988=CARTESIAN_POINT('',(0.76,0.218987103143517,-0.255));
#3989=AXIS2_PLACEMENT_3D('',#4742,#4743,#4744);
#3990=CARTESIAN_POINT('',(0.76,-3.81,-0.255));
#3991=CARTESIAN_POINT('',(0.76,-3.81,-0.255));
#3992=VECTOR('',#4745,1.0);
#3993=CARTESIAN_POINT('',(0.76,5.94,-0.255));
#3994=VECTOR('',#4746,1.0);
#3995=COLOUR_RGB('',0.82745099067688,0.82745099067688,0.82745099067688);
#3996=CARTESIAN_POINT('',(0.51,-4.06,-0.255));
#3997=CARTESIAN_POINT('',(0.51,-4.06,-0.255));
#3998=VECTOR('',#4747,1.0);
#3999=CARTESIAN_POINT('',(0.76,-3.81,-0.255));
#4000=VECTOR('',#4748,1.0);
#4001=COLOUR_RGB('',0.82745099067688,0.82745099067688,0.82745099067688);
#4002=CARTESIAN_POINT('',(-0.51,-4.06,-0.255));
#4003=CARTESIAN_POINT('',(-0.51,-4.06,-0.255));
#4004=VECTOR('',#4749,1.0);
#4005=CARTESIAN_POINT('',(-0.51,-4.06,-0.255));
#4006=VECTOR('',#4750,1.0);
#4007=COLOUR_RGB('',0.82745099067688,0.82745099067688,0.82745099067688);
#4008=CARTESIAN_POINT('',(-0.76,-3.81,-0.255));
#4009=VECTOR('',#4751,1.0);
#4010=COLOUR_RGB('',0.82745099067688,0.82745099067688,0.82745099067688);
#4011=CARTESIAN_POINT('',(0.772980572690919,0.2254446794609,-0.255));
#4012=CARTESIAN_POINT('',(0.660272139844528,0.16873748571855,-0.255));
#4013=CARTESIAN_POINT('',(0.530675241088912,0.121123391762651,-0.255));
#4014=CARTESIAN_POINT('',(0.263628902731145,0.0590749799133944,-0.255));
#4015=CARTESIAN_POINT('',(0.126170109997662,0.0446809232694754,-0.255));
#4016=CARTESIAN_POINT('',(-0.126170109997661,0.0446809232694754,-0.255));
#4017=CARTESIAN_POINT('',(-0.263628902731145,0.0590749799133945,-0.255));
#4018=CARTESIAN_POINT('',(-0.530675241088912,0.121123391762651,-0.255));
#4019=CARTESIAN_POINT('',(-0.660272139844527,0.16873748571855,-0.255));
#4020=CARTESIAN_POINT('',(-0.772980572690918,0.2254446794609,-0.255));
#4021=COLOUR_RGB('',1.0,0.0,0.0);
#4022=CARTESIAN_POINT('',(-1.2747548783982,0.5,2.54));
#4023=CARTESIAN_POINT('',(1.2747548783982,0.5,2.54));
#4024=CARTESIAN_POINT('',(-1.2747548783982,0.5,2.54));
#4025=CARTESIAN_POINT('',(-1.2747548783982,0.5,2.56187352483474));
#4026=CARTESIAN_POINT('',(-1.27137799200516,0.5,2.58549026272039));
#4027=CARTESIAN_POINT('',(-1.25823178282281,0.5,2.63108076813406));
#4028=CARTESIAN_POINT('',(-1.24860075314646,0.5,2.65309429950409));
#4029=CARTESIAN_POINT('',(-1.22631179513459,0.5,2.69498143612151));
#4030=CARTESIAN_POINT('',(-1.20937283880789,0.5,2.72057289016552));
#4031=CARTESIAN_POINT('',(-1.16278017800807,0.5,2.78198874097324));
#4032=CARTESIAN_POINT('',(-1.1198185792863,0.5,2.82643798267701));
#4033=CARTESIAN_POINT('',(-1.03853615656904,0.5,2.89919479421853));
#4034=CARTESIAN_POINT('',(-0.988456762813719,0.5,2.93772259755399));
#4035=CARTESIAN_POINT('',(-0.883420766730929,0.5,3.00760532342062));
#4036=CARTESIAN_POINT('',(-0.828473058731296,0.5,3.0389736134918));
#4037=CARTESIAN_POINT('',(-0.663797129973958,0.5,3.12203580107085));
#4038=CARTESIAN_POINT('',(-0.533532583842173,0.5,3.1700338900127));
#4039=CARTESIAN_POINT('',(-0.265070835962774,0.5,3.23258961383284));
#4040=CARTESIAN_POINT('',(-0.12686420626617,0.5,3.24710678118655));
#4041=CARTESIAN_POINT('',(0.126864206266171,0.5,3.24710678118655));
#4042=CARTESIAN_POINT('',(0.265070835962774,0.5,3.23258961383284));
#4043=CARTESIAN_POINT('',(0.533532583842173,0.5,3.1700338900127));
#4044=CARTESIAN_POINT('',(0.663797129973958,0.5,3.12203580107085));
#4045=CARTESIAN_POINT('',(0.828473058731297,0.5,3.0389736134918));
#4046=CARTESIAN_POINT('',(0.88342076673093,0.5,3.00760532342062));
#4047=CARTESIAN_POINT('',(0.988456762813719,0.5,2.93772259755399));
#4048=CARTESIAN_POINT('',(1.03853615656904,0.5,2.89919479421853));
#4049=CARTESIAN_POINT('',(1.1198185792863,0.5,2.82643798267701));
#4050=CARTESIAN_POINT('',(1.16278017800807,0.5,2.78198874097324));
#4051=CARTESIAN_POINT('',(1.20937283880789,0.5,2.72057289016552));
#4052=CARTESIAN_POINT('',(1.22631179513459,0.5,2.69498143612151));
#4053=CARTESIAN_POINT('',(1.24860075314646,0.5,2.65309429950409));
#4054=CARTESIAN_POINT('',(1.25823178282281,0.5,2.63108076813406));
#4055=CARTESIAN_POINT('',(1.27137799200516,0.5,2.58549026272039));
#4056=CARTESIAN_POINT('',(1.2747548783982,0.5,2.56187352483474));
#4057=CARTESIAN_POINT('',(1.2747548783982,0.5,2.54));
#4058=CARTESIAN_POINT('',(1.2747548783982,0.5,2.54));
#4059=CARTESIAN_POINT('',(1.2747548783982,0.5,2.51812647516526));
#4060=CARTESIAN_POINT('',(1.27137799200516,0.5,2.49450973727961));
#4061=CARTESIAN_POINT('',(1.25823178282281,0.5,2.44891923186594));
#4062=CARTESIAN_POINT('',(1.24860075314646,0.5,2.42690570049591));
#4063=CARTESIAN_POINT('',(1.22631179513459,0.5,2.38501856387849));
#4064=CARTESIAN_POINT('',(1.20937283880789,0.5,2.35942710983448));
#4065=CARTESIAN_POINT('',(1.16278017800807,0.5,2.29801125902676));
#4066=CARTESIAN_POINT('',(1.1198185792863,0.5,2.25356201732299));
#4067=CARTESIAN_POINT('',(1.03853615656904,0.5,2.18080520578147));
#4068=CARTESIAN_POINT('',(0.988456762813719,0.5,2.14227740244601));
#4069=CARTESIAN_POINT('',(0.88342076673093,0.5,2.07239467657938));
#4070=CARTESIAN_POINT('',(0.828473058731297,0.5,2.0410263865082));
#4071=CARTESIAN_POINT('',(0.663797129973958,0.5,1.95796419892915));
#4072=CARTESIAN_POINT('',(0.533532583842173,0.5,1.90996610998729));
#4073=CARTESIAN_POINT('',(0.265070835962774,0.5,1.84741038616716));
#4074=CARTESIAN_POINT('',(0.12686420626617,0.5,1.83289321881345));
#4075=CARTESIAN_POINT('',(-0.12686420626617,0.5,1.83289321881345));
#4076=CARTESIAN_POINT('',(-0.265070835962773,0.5,1.84741038616716));
#4077=CARTESIAN_POINT('',(-0.533532583842173,0.5,1.9099661099873));
#4078=CARTESIAN_POINT('',(-0.663797129973958,0.5,1.95796419892915));
#4079=CARTESIAN_POINT('',(-0.828473058731296,0.5,2.0410263865082));
#4080=CARTESIAN_POINT('',(-0.883420766730929,0.5,2.07239467657938));
#4081=CARTESIAN_POINT('',(-0.988456762813719,0.5,2.14227740244601));
#4082=CARTESIAN_POINT('',(-1.03853615656904,0.5,2.18080520578147));
#4083=CARTESIAN_POINT('',(-1.1198185792863,0.5,2.25356201732299));
#4084=CARTESIAN_POINT('',(-1.16278017800807,0.5,2.29801125902676));
#4085=CARTESIAN_POINT('',(-1.20937283880789,0.5,2.35942710983448));
#4086=CARTESIAN_POINT('',(-1.22631179513459,0.5,2.38501856387849));
#4087=CARTESIAN_POINT('',(-1.24860075314646,0.5,2.42690570049591));
#4088=CARTESIAN_POINT('',(-1.25823178282281,0.5,2.44891923186594));
#4089=CARTESIAN_POINT('',(-1.27137799200516,0.5,2.49450973727961));
#4090=CARTESIAN_POINT('',(-1.2747548783982,0.5,2.51812647516526));
#4091=CARTESIAN_POINT('',(-1.2747548783982,0.5,2.54));
#4092=COLOUR_RGB('',1.0,0.0,0.0);
#4093=CARTESIAN_POINT('',(-1.2747548783982,0.5,0.0));
#4094=CARTESIAN_POINT('',(1.2747548783982,0.5,0.0));
#4095=CARTESIAN_POINT('',(-1.2747548783982,0.5,0.0));
#4096=CARTESIAN_POINT('',(-1.2747548783982,0.5,0.0218735248347395));
#4097=CARTESIAN_POINT('',(-1.27137799200516,0.5,0.0454902627203869));
#4098=CARTESIAN_POINT('',(-1.25823178282281,0.5,0.0910807681340574));
#4099=CARTESIAN_POINT('',(-1.24860075314646,0.5,0.113094299504091));
#4100=CARTESIAN_POINT('',(-1.22631179513459,0.5,0.154981436121507));
#4101=CARTESIAN_POINT('',(-1.20937283880789,0.5,0.180572890165517));
#4102=CARTESIAN_POINT('',(-1.16278017800807,0.5,0.241988740973237));
#4103=CARTESIAN_POINT('',(-1.1198185792863,0.5,0.28643798267701));
#4104=CARTESIAN_POINT('',(-1.03853615656904,0.5,0.35919479421853));
#4105=CARTESIAN_POINT('',(-0.988456762813718,0.5,0.397722597553988));
#4106=CARTESIAN_POINT('',(-0.883420766730929,0.5,0.467605323420621));
#4107=CARTESIAN_POINT('',(-0.828473058731296,0.5,0.498973613491796));
#4108=CARTESIAN_POINT('',(-0.663797129973958,0.5,0.582035801070854));
#4109=CARTESIAN_POINT('',(-0.533532583842173,0.5,0.630033890012705));
#4110=CARTESIAN_POINT('',(-0.265070835962774,0.5,0.692589613832843));
#4111=CARTESIAN_POINT('',(-0.12686420626617,0.5,0.707106781186547));
#4112=CARTESIAN_POINT('',(0.126864206266171,0.5,0.707106781186547));
#4113=CARTESIAN_POINT('',(0.265070835962774,0.5,0.692589613832842));
#4114=CARTESIAN_POINT('',(0.533532583842174,0.5,0.630033890012705));
#4115=CARTESIAN_POINT('',(0.663797129973958,0.5,0.582035801070853));
#4116=CARTESIAN_POINT('',(0.828473058731297,0.5,0.498973613491796));
#4117=CARTESIAN_POINT('',(0.883420766730929,0.5,0.467605323420621));
#4118=CARTESIAN_POINT('',(0.988456762813719,0.5,0.397722597553988));
#4119=CARTESIAN_POINT('',(1.03853615656904,0.5,0.35919479421853));
#4120=CARTESIAN_POINT('',(1.1198185792863,0.5,0.28643798267701));
#4121=CARTESIAN_POINT('',(1.16278017800807,0.5,0.241988740973236));
#4122=CARTESIAN_POINT('',(1.20937283880789,0.5,0.180572890165516));
#4123=CARTESIAN_POINT('',(1.22631179513459,0.5,0.154981436121506));
#4124=CARTESIAN_POINT('',(1.24860075314646,0.5,0.11309429950409));
#4125=CARTESIAN_POINT('',(1.25823178282281,0.5,0.0910807681340568));
#4126=CARTESIAN_POINT('',(1.27137799200516,0.5,0.0454902627203866));
#4127=CARTESIAN_POINT('',(1.2747548783982,0.5,0.0218735248347393));
#4128=CARTESIAN_POINT('',(1.2747548783982,0.5,0.0));
#4129=CARTESIAN_POINT('',(1.2747548783982,0.5,0.0));
#4130=CARTESIAN_POINT('',(1.2747548783982,0.5,-0.0218735248347393));
#4131=CARTESIAN_POINT('',(1.27137799200516,0.5,-0.0454902627203866));
#4132=CARTESIAN_POINT('',(1.25823178282281,0.5,-0.0910807681340568));
#4133=CARTESIAN_POINT('',(1.24860075314646,0.5,-0.11309429950409));
#4134=CARTESIAN_POINT('',(1.22631179513459,0.5,-0.154981436121506));
#4135=CARTESIAN_POINT('',(1.20937283880789,0.5,-0.180572890165516));
#4136=CARTESIAN_POINT('',(1.16278017800807,0.5,-0.241988740973236));
#4137=CARTESIAN_POINT('',(1.1198185792863,0.5,-0.28643798267701));
#4138=CARTESIAN_POINT('',(1.03853615656904,0.5,-0.35919479421853));
#4139=CARTESIAN_POINT('',(0.988456762813719,0.5,-0.397722597553988));
#4140=CARTESIAN_POINT('',(0.883420766730929,0.5,-0.467605323420621));
#4141=CARTESIAN_POINT('',(0.828473058731297,0.5,-0.498973613491796));
#4142=CARTESIAN_POINT('',(0.663797129973958,0.5,-0.582035801070853));
#4143=CARTESIAN_POINT('',(0.533532583842174,0.5,-0.630033890012704));
#4144=CARTESIAN_POINT('',(0.265070835962775,0.5,-0.692589613832842));
#4145=CARTESIAN_POINT('',(0.126864206266171,0.5,-0.707106781186547));
#4146=CARTESIAN_POINT('',(-0.12686420626617,0.5,-0.707106781186547));
#4147=CARTESIAN_POINT('',(-0.265070835962774,0.5,-0.692589613832842));
#4148=CARTESIAN_POINT('',(-0.533532583842173,0.5,-0.630033890012705));
#4149=CARTESIAN_POINT('',(-0.663797129973958,0.5,-0.582035801070854));
#4150=CARTESIAN_POINT('',(-0.828473058731296,0.5,-0.498973613491796));
#4151=CARTESIAN_POINT('',(-0.883420766730929,0.5,-0.467605323420621));
#4152=CARTESIAN_POINT('',(-0.988456762813718,0.5,-0.397722597553988));
#4153=CARTESIAN_POINT('',(-1.03853615656904,0.5,-0.35919479421853));
#4154=CARTESIAN_POINT('',(-1.1198185792863,0.5,-0.28643798267701));
#4155=CARTESIAN_POINT('',(-1.16278017800807,0.5,-0.241988740973237));
#4156=CARTESIAN_POINT('',(-1.20937283880789,0.5,-0.180572890165517));
#4157=CARTESIAN_POINT('',(-1.22631179513459,0.5,-0.154981436121507));
#4158=CARTESIAN_POINT('',(-1.24860075314646,0.5,-0.113094299504091));
#4159=CARTESIAN_POINT('',(-1.25823178282281,0.5,-0.0910807681340574));
#4160=CARTESIAN_POINT('',(-1.27137799200516,0.5,-0.0454902627203869));
#4161=CARTESIAN_POINT('',(-1.2747548783982,0.5,-0.0218735248347395));
#4162=CARTESIAN_POINT('',(-1.2747548783982,0.5,0.0));
#4163=COLOUR_RGB('',1.0,0.0,0.0);
#4164=CARTESIAN_POINT('',(-1.2747548783982,0.5,-2.54));
#4165=CARTESIAN_POINT('',(1.2747548783982,0.5,-2.54));
#4166=CARTESIAN_POINT('',(-1.2747548783982,0.5,-2.54));
#4167=CARTESIAN_POINT('',(-1.2747548783982,0.5,-2.51812647516526));
#4168=CARTESIAN_POINT('',(-1.27137799200516,0.5,-2.49450973727961));
#4169=CARTESIAN_POINT('',(-1.25823178282281,0.5,-2.44891923186594));
#4170=CARTESIAN_POINT('',(-1.24860075314646,0.5,-2.42690570049591));
#4171=CARTESIAN_POINT('',(-1.22631179513459,0.5,-2.38501856387849));
#4172=CARTESIAN_POINT('',(-1.20937283880789,0.5,-2.35942710983448));
#4173=CARTESIAN_POINT('',(-1.16278017800807,0.5,-2.29801125902676));
#4174=CARTESIAN_POINT('',(-1.1198185792863,0.5,-2.25356201732299));
#4175=CARTESIAN_POINT('',(-1.03853615656904,0.5,-2.18080520578147));
#4176=CARTESIAN_POINT('',(-0.988456762813718,0.5,-2.14227740244601));
#4177=CARTESIAN_POINT('',(-0.883420766730929,0.5,-2.07239467657938));
#4178=CARTESIAN_POINT('',(-0.828473058731296,0.5,-2.0410263865082));
#4179=CARTESIAN_POINT('',(-0.663797129973958,0.5,-1.95796419892915));
#4180=CARTESIAN_POINT('',(-0.533532583842173,0.5,-1.9099661099873));
#4181=CARTESIAN_POINT('',(-0.265070835962774,0.5,-1.84741038616716));
#4182=CARTESIAN_POINT('',(-0.12686420626617,0.5,-1.83289321881345));
#4183=CARTESIAN_POINT('',(0.126864206266171,0.5,-1.83289321881345));
#4184=CARTESIAN_POINT('',(0.265070835962774,0.5,-1.84741038616716));
#4185=CARTESIAN_POINT('',(0.533532583842174,0.5,-1.9099661099873));
#4186=CARTESIAN_POINT('',(0.663797129973958,0.5,-1.95796419892915));
#4187=CARTESIAN_POINT('',(0.828473058731297,0.5,-2.0410263865082));
#4188=CARTESIAN_POINT('',(0.88342076673093,0.5,-2.07239467657938));
#4189=CARTESIAN_POINT('',(0.988456762813719,0.5,-2.14227740244601));
#4190=CARTESIAN_POINT('',(1.03853615656904,0.5,-2.18080520578147));
#4191=CARTESIAN_POINT('',(1.1198185792863,0.5,-2.25356201732299));
#4192=CARTESIAN_POINT('',(1.16278017800807,0.5,-2.29801125902676));
#4193=CARTESIAN_POINT('',(1.20937283880789,0.5,-2.35942710983448));
#4194=CARTESIAN_POINT('',(1.22631179513459,0.5,-2.38501856387849));
#4195=CARTESIAN_POINT('',(1.24860075314646,0.5,-2.42690570049591));
#4196=CARTESIAN_POINT('',(1.25823178282281,0.5,-2.44891923186594));
#4197=CARTESIAN_POINT('',(1.27137799200516,0.5,-2.49450973727961));
#4198=CARTESIAN_POINT('',(1.2747548783982,0.5,-2.51812647516526));
#4199=CARTESIAN_POINT('',(1.2747548783982,0.5,-2.54));
#4200=CARTESIAN_POINT('',(1.2747548783982,0.5,-2.54));
#4201=CARTESIAN_POINT('',(1.2747548783982,0.5,-2.56187352483474));
#4202=CARTESIAN_POINT('',(1.27137799200516,0.5,-2.58549026272039));
#4203=CARTESIAN_POINT('',(1.25823178282281,0.5,-2.63108076813406));
#4204=CARTESIAN_POINT('',(1.24860075314646,0.5,-2.65309429950409));
#4205=CARTESIAN_POINT('',(1.22631179513459,0.5,-2.69498143612151));
#4206=CARTESIAN_POINT('',(1.20937283880789,0.5,-2.72057289016552));
#4207=CARTESIAN_POINT('',(1.16278017800807,0.5,-2.78198874097324));
#4208=CARTESIAN_POINT('',(1.1198185792863,0.5,-2.82643798267701));
#4209=CARTESIAN_POINT('',(1.03853615656904,0.5,-2.89919479421853));
#4210=CARTESIAN_POINT('',(0.988456762813719,0.5,-2.93772259755399));
#4211=CARTESIAN_POINT('',(0.88342076673093,0.5,-3.00760532342062));
#4212=CARTESIAN_POINT('',(0.828473058731297,0.5,-3.0389736134918));
#4213=CARTESIAN_POINT('',(0.663797129973958,0.5,-3.12203580107085));
#4214=CARTESIAN_POINT('',(0.533532583842173,0.5,-3.1700338900127));
#4215=CARTESIAN_POINT('',(0.265070835962774,0.5,-3.23258961383284));
#4216=CARTESIAN_POINT('',(0.12686420626617,0.5,-3.24710678118655));
#4217=CARTESIAN_POINT('',(-0.12686420626617,0.5,-3.24710678118655));
#4218=CARTESIAN_POINT('',(-0.265070835962773,0.5,-3.23258961383284));
#4219=CARTESIAN_POINT('',(-0.533532583842172,0.5,-3.1700338900127));
#4220=CARTESIAN_POINT('',(-0.663797129973958,0.5,-3.12203580107085));
#4221=CARTESIAN_POINT('',(-0.828473058731296,0.5,-3.0389736134918));
#4222=CARTESIAN_POINT('',(-0.883420766730929,0.5,-3.00760532342062));
#4223=CARTESIAN_POINT('',(-0.988456762813719,0.5,-2.93772259755399));
#4224=CARTESIAN_POINT('',(-1.03853615656904,0.5,-2.89919479421853));
#4225=CARTESIAN_POINT('',(-1.1198185792863,0.5,-2.82643798267701));
#4226=CARTESIAN_POINT('',(-1.16278017800807,0.5,-2.78198874097324));
#4227=CARTESIAN_POINT('',(-1.20937283880789,0.5,-2.72057289016552));
#4228=CARTESIAN_POINT('',(-1.22631179513459,0.5,-2.69498143612151));
#4229=CARTESIAN_POINT('',(-1.24860075314646,0.5,-2.65309429950409));
#4230=CARTESIAN_POINT('',(-1.25823178282281,0.5,-2.63108076813406));
#4231=CARTESIAN_POINT('',(-1.27137799200516,0.5,-2.58549026272039));
#4232=CARTESIAN_POINT('',(-1.2747548783982,0.5,-2.56187352483474));
#4233=CARTESIAN_POINT('',(-1.2747548783982,0.5,-2.54));
#4234=COLOUR_RGB('',1.0,0.0,0.0);
#4235=CARTESIAN_POINT('',(2.54,2.01,1.99));
#4236=CARTESIAN_POINT('',(0.0,2.01,1.99));
#4237=VECTOR('',#4752,1.0);
#4238=CARTESIAN_POINT('',(2.54,2.99,1.99));
#4239=CARTESIAN_POINT('',(2.54,2.5,1.99));
#4240=VECTOR('',#4753,1.0);
#4241=CARTESIAN_POINT('',(0.0,2.99,1.99));
#4242=VECTOR('',#4754,1.0);
#4243=COLOUR_RGB('',1.0,0.0,0.0);
#4244=CARTESIAN_POINT('',(2.54,2.01,-1.99));
#4245=CARTESIAN_POINT('',(0.0,2.01,-1.99));
#4246=VECTOR('',#4755,1.0);
#4247=CARTESIAN_POINT('',(2.54,2.01,0.0));
#4248=VECTOR('',#4756,1.0);
#4249=COLOUR_RGB('',1.0,0.0,0.0);
#4250=CARTESIAN_POINT('',(2.54,2.99,-1.99));
#4251=CARTESIAN_POINT('',(2.54,2.99,0.0));
#4252=VECTOR('',#4757,1.0);
#4253=CARTESIAN_POINT('',(0.0,2.99,-1.99));
#4254=VECTOR('',#4758,1.0);
#4255=COLOUR_RGB('',1.0,0.0,0.0);
#4256=CARTESIAN_POINT('',(-2.54,2.99,-1.99));
#4257=CARTESIAN_POINT('',(0.0,2.99,-1.99));
#4258=VECTOR('',#4759,1.0);
#4259=CARTESIAN_POINT('',(-2.54,2.99,1.99));
#4260=CARTESIAN_POINT('',(-2.54,2.99,0.0));
#4261=VECTOR('',#4760,1.0);
#4262=CARTESIAN_POINT('',(0.0,2.99,1.99));
#4263=VECTOR('',#4761,1.0);
#4264=COLOUR_RGB('',1.0,0.0,0.0);
#4265=CARTESIAN_POINT('',(2.54,2.5,-1.99));
#4266=VECTOR('',#4762,1.0);
#4267=COLOUR_RGB('',1.0,0.0,0.0);
#4268=CARTESIAN_POINT('',(-2.54,2.01,-1.99));
#4269=CARTESIAN_POINT('',(0.0,2.01,-1.99));
#4270=VECTOR('',#4763,1.0);
#4271=CARTESIAN_POINT('',(-2.54,2.5,-1.99));
#4272=VECTOR('',#4764,1.0);
#4273=COLOUR_RGB('',1.0,0.0,0.0);
#4274=CARTESIAN_POINT('',(-2.54,2.01,1.99));
#4275=CARTESIAN_POINT('',(-2.54,2.5,1.99));
#4276=VECTOR('',#4765,1.0);
#4277=CARTESIAN_POINT('',(0.0,2.01,1.99));
#4278=VECTOR('',#4766,1.0);
#4279=COLOUR_RGB('',1.0,0.0,0.0);
#4280=CARTESIAN_POINT('',(-2.54,2.01,0.0));
#4281=VECTOR('',#4767,1.0);
#4282=COLOUR_RGB('',1.0,0.0,0.0);
#4283=COLOUR_RGB('',1.0,0.0,0.0);
#4284=COLOUR_RGB('',1.0,0.0,0.0);
#4285=CARTESIAN_POINT('',(-2.54,1.0,-3.565));
#4286=CARTESIAN_POINT('',(-2.54,4.9625,-3.565));
#4287=VECTOR('',#4768,1.0);
#4288=CARTESIAN_POINT('',(-2.94,1.0,-3.565));
#4289=VECTOR('',#4769,1.0);
#4290=COLOUR_RGB('',1.0,0.0,0.0);
#4291=CARTESIAN_POINT('',(-2.54,1.0,-1.80017134011889E-16));
#4292=VECTOR('',#4770,1.0);
#4293=COLOUR_RGB('',1.0,0.0,0.0);
#4294=CARTESIAN_POINT('',(2.44,1.0,-3.565));
#4295=CARTESIAN_POINT('',(2.44,1.0,0.0));
#4296=VECTOR('',#4771,1.0);
#4297=CARTESIAN_POINT('',(2.44,6.065,-3.565));
#4298=VECTOR('',#4772,1.0);
#4299=COLOUR_RGB('',1.0,0.0,0.0);
#4300=CARTESIAN_POINT('',(2.54,1.0,-3.565));
#4301=CARTESIAN_POINT('',(2.94,1.0,-3.565));
#4302=VECTOR('',#4773,1.0);
#4303=CARTESIAN_POINT('',(2.54,4.9625,-3.565));
#4304=VECTOR('',#4774,1.0);
#4305=COLOUR_RGB('',1.0,0.0,0.0);
#4306=CARTESIAN_POINT('',(2.54,1.0,0.0));
#4307=VECTOR('',#4775,1.0);
#4308=COLOUR_RGB('',1.0,0.0,0.0);
#4309=CARTESIAN_POINT('',(-2.54,0.5,3.565));
#4310=CARTESIAN_POINT('',(-2.54,0.0,3.565));
#4311=CARTESIAN_POINT('',(-2.54,1.805,3.565));
#4312=VECTOR('',#4776,1.0);
#4313=CARTESIAN_POINT('',(-2.04,0.5,3.565));
#4314=CARTESIAN_POINT('',(0.0,0.5,3.565));
#4315=VECTOR('',#4777,1.0);
#4316=CARTESIAN_POINT('',(-2.04,0.0,3.565));
#4317=CARTESIAN_POINT('',(-2.04,-0.25,3.565));
#4318=VECTOR('',#4778,1.0);
#4319=CARTESIAN_POINT('',(0.0,0.0,3.565));
#4320=VECTOR('',#4779,1.0);
#4321=COLOUR_RGB('',1.0,0.0,0.0);
#4322=CARTESIAN_POINT('',(-2.54,0.0,-3.565));
#4323=CARTESIAN_POINT('',(-2.54,0.5,-3.565));
#4324=CARTESIAN_POINT('',(-2.54,1.805,-3.565));
#4325=VECTOR('',#4780,1.0);
#4326=CARTESIAN_POINT('',(-2.04,0.0,-3.565));
#4327=CARTESIAN_POINT('',(0.0,0.0,-3.565));
#4328=VECTOR('',#4781,1.0);
#4329=CARTESIAN_POINT('',(-2.04,0.5,-3.565));
#4330=CARTESIAN_POINT('',(-2.04,-0.25,-3.565));
#4331=VECTOR('',#4782,1.0);
#4332=CARTESIAN_POINT('',(0.0,0.5,-3.565));
#4333=VECTOR('',#4783,1.0);
#4334=COLOUR_RGB('',1.0,0.0,0.0);
#4335=CARTESIAN_POINT('',(2.54,0.5,-3.565));
#4336=CARTESIAN_POINT('',(2.54,0.0,-3.565));
#4337=CARTESIAN_POINT('',(2.54,1.805,-3.565));
#4338=VECTOR('',#4784,1.0);
#4339=CARTESIAN_POINT('',(2.04,0.5,-3.565));
#4340=CARTESIAN_POINT('',(0.0,0.5,-3.565));
#4341=VECTOR('',#4785,1.0);
#4342=CARTESIAN_POINT('',(2.04,0.0,-3.565));
#4343=CARTESIAN_POINT('',(2.04,-0.25,-3.565));
#4344=VECTOR('',#4786,1.0);
#4345=CARTESIAN_POINT('',(0.0,0.0,-3.565));
#4346=VECTOR('',#4787,1.0);
#4347=COLOUR_RGB('',1.0,0.0,0.0);
#4348=CARTESIAN_POINT('',(2.54,0.0,3.565));
#4349=CARTESIAN_POINT('',(2.54,0.5,3.565));
#4350=CARTESIAN_POINT('',(2.54,1.805,3.565));
#4351=VECTOR('',#4788,1.0);
#4352=CARTESIAN_POINT('',(2.04,0.0,3.565));
#4353=CARTESIAN_POINT('',(0.0,0.0,3.565));
#4354=VECTOR('',#4789,1.0);
#4355=CARTESIAN_POINT('',(2.04,0.5,3.565));
#4356=CARTESIAN_POINT('',(2.04,-0.25,3.565));
#4357=VECTOR('',#4790,1.0);
#4358=CARTESIAN_POINT('',(0.0,0.5,3.565));
#4359=VECTOR('',#4791,1.0);
#4360=COLOUR_RGB('',1.0,0.0,0.0);
#4361=CARTESIAN_POINT('',(2.54,0.0,4.065));
#4362=CARTESIAN_POINT('',(2.54,3.86,4.065));
#4363=VECTOR('',#4792,1.0);
#4364=CARTESIAN_POINT('',(2.54,0.0,0.0));
#4365=VECTOR('',#4793,1.0);
#4366=CARTESIAN_POINT('',(2.54,0.5,0.0));
#4367=VECTOR('',#4794,1.0);
#4368=CARTESIAN_POINT('',(2.54,0.0,-4.065));
#4369=CARTESIAN_POINT('',(2.54,0.0,0.0));
#4370=VECTOR('',#4795,1.0);
#4371=CARTESIAN_POINT('',(2.54,3.86,-4.065));
#4372=VECTOR('',#4796,1.0);
#4373=COLOUR_RGB('',1.0,0.0,0.0);
#4374=CARTESIAN_POINT('',(2.04,0.0,-4.065));
#4375=CARTESIAN_POINT('',(2.04,0.0,0.0));
#4376=VECTOR('',#4797,1.0);
#4377=CARTESIAN_POINT('',(0.0,0.0,-4.065));
#4378=VECTOR('',#4798,1.0);
#4379=COLOUR_RGB('',1.0,0.0,0.0);
#4380=CARTESIAN_POINT('',(2.04,0.5,-4.065));
#4381=CARTESIAN_POINT('',(2.04,0.5,0.0));
#4382=VECTOR('',#4799,1.0);
#4383=CARTESIAN_POINT('',(2.04,1.805,-4.065));
#4384=VECTOR('',#4800,1.0);
#4385=COLOUR_RGB('',1.0,0.0,0.0);
#4386=CARTESIAN_POINT('',(-2.54,0.0,-4.065));
#4387=CARTESIAN_POINT('',(-2.54,0.0,0.0));
#4388=VECTOR('',#4801,1.0);
#4389=CARTESIAN_POINT('',(-2.04,0.0,-4.065));
#4390=CARTESIAN_POINT('',(0.0,0.0,-4.065));
#4391=VECTOR('',#4802,1.0);
#4392=CARTESIAN_POINT('',(-2.04,0.0,0.0));
#4393=VECTOR('',#4803,1.0);
#4394=COLOUR_RGB('',1.0,0.0,0.0);
#4395=CARTESIAN_POINT('',(-2.04,0.0,4.065));
#4396=CARTESIAN_POINT('',(-2.04,0.0,0.0));
#4397=VECTOR('',#4804,1.0);
#4398=CARTESIAN_POINT('',(-2.54,0.0,4.065));
#4399=CARTESIAN_POINT('',(0.0,0.0,4.065));
#4400=VECTOR('',#4805,1.0);
#4401=CARTESIAN_POINT('',(-2.54,0.0,0.0));
#4402=VECTOR('',#4806,1.0);
#4403=COLOUR_RGB('',1.0,0.0,0.0);
#4404=CARTESIAN_POINT('',(-2.04,0.5,-4.065));
#4405=CARTESIAN_POINT('',(-2.04,1.805,-4.065));
#4406=VECTOR('',#4807,1.0);
#4407=CARTESIAN_POINT('',(-2.04,0.5,0.0));
#4408=VECTOR('',#4808,1.0);
#4409=COLOUR_RGB('',1.0,0.0,0.0);
#4410=CARTESIAN_POINT('',(-2.04,0.5,4.065));
#4411=CARTESIAN_POINT('',(-2.04,0.5,0.0));
#4412=VECTOR('',#4809,1.0);
#4413=CARTESIAN_POINT('',(-2.04,1.805,4.065));
#4414=VECTOR('',#4810,1.0);
#4415=COLOUR_RGB('',1.0,0.0,0.0);
#4416=CARTESIAN_POINT('',(2.04,0.0,4.065));
#4417=CARTESIAN_POINT('',(2.04,0.0,0.0));
#4418=VECTOR('',#4811,1.0);
#4419=CARTESIAN_POINT('',(2.04,0.5,4.065));
#4420=CARTESIAN_POINT('',(2.04,1.805,4.065));
#4421=VECTOR('',#4812,1.0);
#4422=CARTESIAN_POINT('',(2.04,0.5,0.0));
#4423=VECTOR('',#4813,1.0);
#4424=COLOUR_RGB('',1.0,0.0,0.0);
#4425=CARTESIAN_POINT('',(-2.54,0.5,0.0));
#4426=VECTOR('',#4814,1.0);
#4427=CARTESIAN_POINT('',(0.0,0.5,-4.065));
#4428=VECTOR('',#4815,1.0);
#4429=CARTESIAN_POINT('',(0.0,0.5,4.065));
#4430=VECTOR('',#4816,1.0);
#4431=COLOUR_RGB('',1.0,0.0,0.0);
#4432=CARTESIAN_POINT('',(-2.54,3.86,-4.065));
#4433=VECTOR('',#4817,1.0);
#4434=COLOUR_RGB('',1.0,0.0,0.0);
#4435=CARTESIAN_POINT('',(0.0,0.0,4.065));
#4436=VECTOR('',#4818,1.0);
#4437=COLOUR_RGB('',1.0,0.0,0.0);
#4438=CARTESIAN_POINT('',(-2.54,3.86,4.065));
#4439=VECTOR('',#4819,1.0);
#4440=COLOUR_RGB('',1.0,0.0,0.0);
#4441=DIRECTION('',(0.0,1.0,0.0));
#4442=CARTESIAN_POINT('',(0.0,8.13,0.0));
#4443=DIRECTION('',(0.0,-1.0,0.0));
#4444=DIRECTION('',(1.0,0.0,0.0));
#4445=CARTESIAN_POINT('',(0.0,8.13,0.0));
#4446=DIRECTION('',(0.0,-1.0,0.0));
#4447=DIRECTION('',(1.0,0.0,0.0));
#4448=CARTESIAN_POINT('',(0.0,8.13,0.0));
#4449=DIRECTION('',(0.0,-1.0,0.0));
#4450=DIRECTION('',(1.0,0.0,0.0));
#4451=DIRECTION('',(-0.0,-1.0,-0.0));
#4452=CARTESIAN_POINT('',(0.0,8.64,0.0));
#4453=DIRECTION('',(-0.0,1.0,0.0));
#4454=DIRECTION('',(1.0,0.0,0.0));
#4455=DIRECTION('',(-6.12303176911189E-17,-1.0,-0.0));
#4456=CARTESIAN_POINT('',(3.73504937915825E-17,8.64,0.0));
#4457=DIRECTION('',(-0.0,-1.0,0.0));
#4458=DIRECTION('',(-1.0,0.0,0.0));
#4459=DIRECTION('',(6.12303176911189E-17,1.0,0.0));
#4460=CARTESIAN_POINT('',(3.62090794631112E-16,13.9435867375,0.0));
#4461=DIRECTION('',(6.12303176911189E-17,1.0,0.0));
#4462=DIRECTION('',(-1.0,6.12303176911189E-17,0.0));
#4463=DIRECTION('',(6.12303176911189E-17,1.0,0.0));
#4464=CARTESIAN_POINT('',(3.73504937915825E-17,8.64,0.0));
#4465=DIRECTION('',(-0.0,-1.0,0.0));
#4466=DIRECTION('',(-1.0,0.0,0.0));
#4467=CARTESIAN_POINT('',(3.62090794631112E-16,13.9435867375,0.0));
#4468=DIRECTION('',(6.12303176911189E-17,1.0,0.0));
#4469=DIRECTION('',(-1.0,6.12303176911189E-17,0.0));
#4470=DIRECTION('',(0.707106781186548,-0.707106781186547,8.65927457071936E-17));
#4471=CARTESIAN_POINT('',(3.79627969684937E-16,14.23,0.0));
#4472=DIRECTION('',(6.12303176911189E-17,1.0,0.0));
#4473=DIRECTION('',(-1.0,6.12303176911189E-17,0.0));
#4474=DIRECTION('',(0.707106781186548,0.707106781186547,8.65927457071936E-17));
#4475=CARTESIAN_POINT('',(3.79627969684937E-16,14.23,0.0));
#4476=DIRECTION('',(6.12303176911189E-17,1.0,0.0));
#4477=DIRECTION('',(-1.0,6.12303176911189E-17,0.0));
#4478=DIRECTION('',(0.0,0.987688340595138,0.156434465040231));
#4479=CARTESIAN_POINT('',(0.0,14.23,0.23916050489005));
#4480=DIRECTION('',(-6.12303176911189E-17,-1.0,-0.0));
#4481=DIRECTION('',(0.0,0.0,-1.0));
#4482=CARTESIAN_POINT('',(0.0,14.23,0.23916050489005));
#4483=DIRECTION('',(-6.12303176911189E-17,-1.0,-0.0));
#4484=DIRECTION('',(0.0,0.0,-1.0));
#4485=DIRECTION('',(-0.0,-0.987688340595138,-0.156434465040231));
#4486=CARTESIAN_POINT('',(0.0,21.7375945496336,1.42824666581731));
#4487=DIRECTION('',(-0.0,0.987688340595138,0.156434465040231));
#4488=DIRECTION('',(1.0,0.0,0.0));
#4489=CARTESIAN_POINT('',(0.0,21.7375945496336,1.42824666581731));
#4490=DIRECTION('',(-0.0,0.987688340595138,0.156434465040231));
#4491=DIRECTION('',(1.0,0.0,0.0));
#4492=DIRECTION('',(0.0,1.0,0.0));
#4493=DIRECTION('',(-1.0,0.0,0.0));
#4494=DIRECTION('',(0.0,-1.0,0.0));
#4495=DIRECTION('',(1.0,0.0,0.0));
#4496=DIRECTION('',(0.0,0.0,-1.0));
#4497=DIRECTION('',(1.0,0.0,0.0));
#4498=DIRECTION('',(0.0,-0.0,1.0));
#4499=DIRECTION('',(-0.0,0.0,1.0));
#4500=DIRECTION('',(-0.0,-0.0,-1.0));
#4501=DIRECTION('',(-1.0,0.0,0.0));
#4502=DIRECTION('',(1.22460635382238E-16,0.0,-1.0));
#4503=DIRECTION('',(-1.0,0.0,0.0));
#4504=DIRECTION('',(-0.0,0.0,1.0));
#4505=DIRECTION('',(1.0,0.0,0.0));
#4506=DIRECTION('',(0.0,-1.0,0.0));
#4507=DIRECTION('',(0.0,1.0,-0.0));
#4508=DIRECTION('',(0.0,1.0,-0.0));
#4509=DIRECTION('',(1.0,0.0,0.0));
#4510=DIRECTION('',(0.0,-1.0,0.0));
#4511=DIRECTION('',(-0.0,-1.0,0.0));
#4512=DIRECTION('',(1.0,0.0,0.0));
#4513=DIRECTION('',(0.0,-1.0,0.0));
#4514=DIRECTION('',(1.0,0.0,0.0));
#4515=DIRECTION('',(0.0,1.0,0.0));
#4516=DIRECTION('',(1.0,0.0,0.0));
#4517=DIRECTION('',(0.0,1.0,0.0));
#4518=DIRECTION('',(1.0,0.0,0.0));
#4519=DIRECTION('',(1.0,0.0,-0.0));
#4520=DIRECTION('',(0.0,1.0,0.0));
#4521=DIRECTION('',(1.0,0.0,0.0));
#4522=DIRECTION('',(0.0,-1.0,0.0));
#4523=DIRECTION('',(1.22460635382238E-16,0.0,-1.0));
#4524=DIRECTION('',(0.0,0.0,-1.0));
#4525=DIRECTION('',(-1.0,0.0,0.0));
#4526=DIRECTION('',(0.0,0.0,1.0));
#4527=DIRECTION('',(-1.0,0.0,0.0));
#4528=DIRECTION('',(0.0,0.0,-1.0));
#4529=DIRECTION('',(0.0,1.0,-0.0));
#4530=DIRECTION('',(0.0,1.0,0.0));
#4531=DIRECTION('',(-1.0,0.0,0.0));
#4532=DIRECTION('',(0.0,-1.0,0.0));
#4533=DIRECTION('',(-1.0,0.0,0.0));
#4534=DIRECTION('',(0.0,-1.0,0.0));
#4535=DIRECTION('',(1.0,-0.0,1.22460635382238E-16));
#4536=DIRECTION('',(0.0,0.0,-1.0));
#4537=DIRECTION('',(-1.0,0.0,-1.22460635382238E-16));
#4538=DIRECTION('',(1.22460635382238E-16,0.0,-1.0));
#4539=DIRECTION('',(0.0,0.0,1.0));
#4540=DIRECTION('',(1.22460635382238E-16,0.0,-1.0));
#4541=DIRECTION('',(1.0,0.0,0.0));
#4542=DIRECTION('',(0.0,0.0,1.0));
#4543=DIRECTION('',(0.0,0.0,-1.0));
#4544=DIRECTION('',(0.0,0.0,1.0));
#4545=DIRECTION('',(-1.0,0.0,0.0));
#4546=DIRECTION('',(0.0,0.0,-1.0));
#4547=DIRECTION('',(0.0,0.0,-1.0));
#4548=DIRECTION('',(0.0,0.0,-1.0));
#4549=CARTESIAN_POINT('',(0.0,8.13,0.0));
#4550=DIRECTION('',(0.0,-1.0,0.0));
#4551=DIRECTION('',(1.0,0.0,0.0));
#4552=DIRECTION('',(0.0,0.0,-1.0));
#4553=DIRECTION('',(-1.0,0.0,0.0));
#4554=DIRECTION('',(0.0,0.0,-1.0));
#4555=DIRECTION('',(0.0,1.0,0.0));
#4556=DIRECTION('',(0.0,0.0,-1.0));
#4557=DIRECTION('',(-1.22460635382238E-16,0.0,1.0));
#4558=DIRECTION('',(-1.0,0.0,0.0));
#4559=DIRECTION('',(-0.0,-1.0,0.0));
#4560=DIRECTION('',(-1.0,0.0,0.0));
#4561=DIRECTION('',(0.0,1.0,0.0));
#4562=DIRECTION('',(0.0,-1.0,0.0));
#4563=DIRECTION('',(0.0,0.0,-1.0));
#4564=DIRECTION('',(-0.0,0.0,1.0));
#4565=DIRECTION('',(0.0,0.0,-1.0));
#4566=DIRECTION('',(-0.0,1.0,0.0));
#4567=DIRECTION('',(0.0,-1.0,0.0));
#4568=DIRECTION('',(0.0,1.0,-0.0));
#4569=DIRECTION('',(0.0,-1.0,0.0));
#4570=DIRECTION('',(0.0,0.0,1.0));
#4571=DIRECTION('',(-0.0,-0.0,-1.0));
#4572=DIRECTION('',(0.0,0.0,1.0));
#4573=CARTESIAN_POINT('',(0.0,8.13,0.0));
#4574=DIRECTION('',(0.0,-1.0,0.0));
#4575=DIRECTION('',(1.0,0.0,0.0));
#4576=CARTESIAN_POINT('',(0.0,8.13,0.0));
#4577=DIRECTION('',(0.0,-1.0,0.0));
#4578=DIRECTION('',(1.0,0.0,0.0));
#4579=CARTESIAN_POINT('',(0.0,21.7375945496336,1.42824666581731));
#4580=DIRECTION('',(-0.0,0.987688340595138,0.156434465040231));
#4581=DIRECTION('',(1.0,0.0,0.0));
#4582=CARTESIAN_POINT('',(0.0,21.7375945496336,1.42824666581731));
#4583=DIRECTION('',(-0.0,0.987688340595138,0.156434465040231));
#4584=DIRECTION('',(1.0,0.0,0.0));
#4585=CARTESIAN_POINT('',(0.0,14.23,0.23916050489005));
#4586=DIRECTION('',(-6.12303176911189E-17,-1.0,-0.0));
#4587=DIRECTION('',(0.0,0.0,-1.0));
#4588=CARTESIAN_POINT('',(0.0,14.23,0.0));
#4589=DIRECTION('',(-6.12303176911189E-17,-1.0,0.0));
#4590=DIRECTION('',(1.0,-6.12303176911189E-17,0.0));
#4591=DIRECTION('',(1.0,0.0,0.0));
#4592=DIRECTION('',(-6.12303176911189E-17,-1.0,-0.0));
#4593=DIRECTION('',(-1.0,6.12303176911189E-17,0.0));
#4594=CARTESIAN_POINT('',(3.79627969684937E-16,14.23,0.0));
#4595=DIRECTION('',(6.12303176911189E-17,1.0,0.0));
#4596=DIRECTION('',(-1.0,6.12303176911189E-17,0.0));
#4597=CARTESIAN_POINT('',(3.62090794631112E-16,13.9435867375,0.0));
#4598=DIRECTION('',(6.12303176911189E-17,1.0,0.0));
#4599=DIRECTION('',(-1.0,6.12303176911189E-17,0.0));
#4600=CARTESIAN_POINT('',(3.73504937915825E-17,8.64,0.0));
#4601=DIRECTION('',(-0.0,-1.0,0.0));
#4602=DIRECTION('',(-1.0,0.0,0.0));
#4603=CARTESIAN_POINT('',(0.0,8.64,0.0));
#4604=DIRECTION('',(-0.0,1.0,0.0));
#4605=DIRECTION('',(1.0,0.0,0.0));
#4606=DIRECTION('',(-1.0,0.0,0.0));
#4607=DIRECTION('',(0.0,1.0,-0.0));
#4608=DIRECTION('',(1.0,0.0,0.0));
#4609=DIRECTION('',(0.0,-1.0,0.0));
#4610=DIRECTION('',(0.0,1.0,0.0));
#4611=DIRECTION('',(1.0,0.0,1.22460635382238E-16));
#4612=DIRECTION('',(0.0,-1.0,0.0));
#4613=DIRECTION('',(-1.0,-0.0,-1.22460635382238E-16));
#4614=DIRECTION('',(1.0,0.0,-0.0));
#4615=DIRECTION('',(0.0,0.0,-1.0));
#4616=DIRECTION('',(1.0,0.0,0.0));
#4617=DIRECTION('',(0.0,0.0,-1.0));
#4618=DIRECTION('',(1.0,0.0,1.22460635382238E-16));
#4619=DIRECTION('',(0.0,0.0,-1.0));
#4620=DIRECTION('',(-1.0,0.0,0.0));
#4621=DIRECTION('',(0.0,0.0,-1.0));
#4622=DIRECTION('',(0.0,1.0,-0.0));
#4623=DIRECTION('',(-1.22460635382238E-16,0.0,1.0));
#4624=DIRECTION('',(-0.0,-1.0,0.0));
#4625=DIRECTION('',(1.22460635382238E-16,0.0,-1.0));
#4626=DIRECTION('',(0.0,-1.0,-0.0));
#4627=DIRECTION('',(-1.22460635382238E-16,0.0,1.0));
#4628=DIRECTION('',(0.0,-1.0,0.0));
#4629=DIRECTION('',(0.0,0.0,1.0));
#4630=DIRECTION('',(0.0,1.0,0.0));
#4631=DIRECTION('',(0.0,0.0,-1.0));
#4632=DIRECTION('',(0.0,1.0,0.0));
#4633=DIRECTION('',(-0.707106781186547,0.707106781186548,0.0));
#4634=DIRECTION('',(-1.0,-0.0,-0.0));
#4635=DIRECTION('',(-0.707106781186546,-0.707106781186549,0.0));
#4636=DIRECTION('',(2.27738056333365E-17,-1.0,0.0));
#4637=DIRECTION('',(-3.34818355492643E-16,-1.0,0.0));
#4638=CARTESIAN_POINT('',(2.56248879537332E-16,-1.395,2.795));
#4639=DIRECTION('',(0.0,0.0,-1.0));
#4640=DIRECTION('',(1.0,0.0,0.0));
#4641=DIRECTION('',(1.25556883309741E-16,1.0,0.0));
#4642=CARTESIAN_POINT('',(2.56861182714244E-16,-1.385,2.795));
#4643=DIRECTION('',(0.0,0.0,-1.0));
#4644=DIRECTION('',(1.0,0.0,0.0));
#4645=CARTESIAN_POINT('',(-0.76,0.75,2.54));
#4646=DIRECTION('',(-1.0,0.0,0.0));
#4647=DIRECTION('',(0.0,-0.0,1.0));
#4648=DIRECTION('',(0.0,-1.0,0.0));
#4649=DIRECTION('',(0.0,0.0,1.0));
#4650=DIRECTION('',(-1.25556883309741E-16,-1.0,0.0));
#4651=DIRECTION('',(0.0,0.0,1.0));
#4652=DIRECTION('',(0.0,0.0,1.0));
#4653=CARTESIAN_POINT('',(2.56248879537332E-16,-1.395,2.285));
#4654=DIRECTION('',(0.0,0.0,1.0));
#4655=DIRECTION('',(1.0,0.0,0.0));
#4656=DIRECTION('',(0.0,0.0,1.0));
#4657=DIRECTION('',(3.34818355492643E-16,1.0,0.0));
#4658=DIRECTION('',(0.0,0.0,1.0));
#4659=CARTESIAN_POINT('',(2.56861182714244E-16,-1.385,2.285));
#4660=DIRECTION('',(0.0,0.0,1.0));
#4661=DIRECTION('',(1.0,0.0,0.0));
#4662=CARTESIAN_POINT('',(0.76,0.75,2.54));
#4663=DIRECTION('',(1.0,2.27738056333365E-17,0.0));
#4664=DIRECTION('',(0.0,0.0,-1.0));
#4665=DIRECTION('',(0.0,0.0,1.0));
#4666=DIRECTION('',(2.27738056333365E-17,-1.0,0.0));
#4667=DIRECTION('',(0.0,0.0,1.0));
#4668=DIRECTION('',(-0.707106781186546,-0.707106781186549,0.0));
#4669=DIRECTION('',(0.0,0.0,1.0));
#4670=DIRECTION('',(1.0,0.0,0.0));
#4671=DIRECTION('',(0.707106781186547,-0.707106781186548,0.0));
#4672=DIRECTION('',(0.0,1.0,0.0));
#4673=DIRECTION('',(-0.707106781186547,0.707106781186548,0.0));
#4674=DIRECTION('',(-1.0,-0.0,-0.0));
#4675=DIRECTION('',(-0.707106781186546,-0.707106781186549,0.0));
#4676=DIRECTION('',(2.27738056333365E-17,-1.0,0.0));
#4677=DIRECTION('',(-3.34818355492643E-16,-1.0,0.0));
#4678=CARTESIAN_POINT('',(2.56248879537332E-16,-1.395,-2.285));
#4679=DIRECTION('',(0.0,0.0,-1.0));
#4680=DIRECTION('',(1.0,0.0,0.0));
#4681=DIRECTION('',(1.25556883309741E-16,1.0,0.0));
#4682=CARTESIAN_POINT('',(2.56861182714244E-16,-1.385,-2.285));
#4683=DIRECTION('',(0.0,0.0,-1.0));
#4684=DIRECTION('',(1.0,0.0,0.0));
#4685=CARTESIAN_POINT('',(-0.76,0.75,-2.54));
#4686=DIRECTION('',(-1.0,0.0,0.0));
#4687=DIRECTION('',(0.0,-0.0,1.0));
#4688=DIRECTION('',(0.0,-1.0,0.0));
#4689=DIRECTION('',(0.0,0.0,1.0));
#4690=DIRECTION('',(-1.25556883309741E-16,-1.0,0.0));
#4691=DIRECTION('',(0.0,0.0,1.0));
#4692=DIRECTION('',(0.0,0.0,1.0));
#4693=CARTESIAN_POINT('',(2.56248879537332E-16,-1.395,-2.795));
#4694=DIRECTION('',(0.0,0.0,1.0));
#4695=DIRECTION('',(1.0,0.0,0.0));
#4696=DIRECTION('',(0.0,0.0,1.0));
#4697=DIRECTION('',(3.34818355492643E-16,1.0,0.0));
#4698=DIRECTION('',(0.0,0.0,1.0));
#4699=CARTESIAN_POINT('',(2.56861182714244E-16,-1.385,-2.795));
#4700=DIRECTION('',(0.0,0.0,1.0));
#4701=DIRECTION('',(1.0,0.0,0.0));
#4702=CARTESIAN_POINT('',(0.76,0.75,-2.54));
#4703=DIRECTION('',(1.0,2.27738056333365E-17,0.0));
#4704=DIRECTION('',(0.0,0.0,-1.0));
#4705=DIRECTION('',(0.0,0.0,1.0));
#4706=DIRECTION('',(2.27738056333365E-17,-1.0,0.0));
#4707=DIRECTION('',(0.0,0.0,1.0));
#4708=DIRECTION('',(-0.707106781186546,-0.707106781186549,0.0));
#4709=DIRECTION('',(0.0,0.0,1.0));
#4710=DIRECTION('',(1.0,0.0,0.0));
#4711=DIRECTION('',(0.707106781186547,-0.707106781186548,0.0));
#4712=DIRECTION('',(0.0,1.0,0.0));
#4713=DIRECTION('',(-0.707106781186547,0.707106781186548,0.0));
#4714=DIRECTION('',(-1.0,-0.0,-0.0));
#4715=DIRECTION('',(-0.707106781186546,-0.707106781186549,0.0));
#4716=DIRECTION('',(2.27738056333365E-17,-1.0,0.0));
#4717=DIRECTION('',(-3.34818355492643E-16,-1.0,0.0));
#4718=CARTESIAN_POINT('',(2.56248879537332E-16,-2.665,0.255));
#4719=DIRECTION('',(0.0,0.0,-1.0));
#4720=DIRECTION('',(1.0,0.0,0.0));
#4721=DIRECTION('',(1.25556883309741E-16,1.0,0.0));
#4722=CARTESIAN_POINT('',(2.56861182714244E-16,-2.655,0.255));
#4723=DIRECTION('',(0.0,0.0,-1.0));
#4724=DIRECTION('',(1.0,0.0,0.0));
#4725=CARTESIAN_POINT('',(-0.76,0.75,0.0));
#4726=DIRECTION('',(-1.0,0.0,0.0));
#4727=DIRECTION('',(0.0,-0.0,1.0));
#4728=DIRECTION('',(0.0,-1.0,0.0));
#4729=DIRECTION('',(0.0,0.0,1.0));
#4730=DIRECTION('',(-1.25556883309741E-16,-1.0,0.0));
#4731=DIRECTION('',(0.0,0.0,1.0));
#4732=DIRECTION('',(0.0,0.0,1.0));
#4733=CARTESIAN_POINT('',(2.56248879537332E-16,-2.665,-0.255));
#4734=DIRECTION('',(0.0,0.0,1.0));
#4735=DIRECTION('',(1.0,0.0,0.0));
#4736=DIRECTION('',(0.0,0.0,1.0));
#4737=DIRECTION('',(3.34818355492643E-16,1.0,0.0));
#4738=DIRECTION('',(0.0,0.0,1.0));
#4739=CARTESIAN_POINT('',(2.56861182714244E-16,-2.655,-0.255));
#4740=DIRECTION('',(0.0,0.0,1.0));
#4741=DIRECTION('',(1.0,0.0,0.0));
#4742=CARTESIAN_POINT('',(0.76,0.75,0.0));
#4743=DIRECTION('',(1.0,2.27738056333365E-17,0.0));
#4744=DIRECTION('',(0.0,0.0,-1.0));
#4745=DIRECTION('',(0.0,0.0,1.0));
#4746=DIRECTION('',(2.27738056333365E-17,-1.0,0.0));
#4747=DIRECTION('',(0.0,0.0,1.0));
#4748=DIRECTION('',(-0.707106781186546,-0.707106781186549,0.0));
#4749=DIRECTION('',(0.0,0.0,1.0));
#4750=DIRECTION('',(1.0,0.0,0.0));
#4751=DIRECTION('',(0.707106781186547,-0.707106781186548,0.0));
#4752=DIRECTION('',(1.0,0.0,0.0));
#4753=DIRECTION('',(0.0,1.0,0.0));
#4754=DIRECTION('',(-1.0,0.0,0.0));
#4755=DIRECTION('',(-1.0,0.0,0.0));
#4756=DIRECTION('',(0.0,0.0,-1.0));
#4757=DIRECTION('',(0.0,0.0,-1.0));
#4758=DIRECTION('',(1.0,0.0,0.0));
#4759=DIRECTION('',(1.0,0.0,0.0));
#4760=DIRECTION('',(0.0,0.0,-1.0));
#4761=DIRECTION('',(-1.0,0.0,0.0));
#4762=DIRECTION('',(0.0,-1.0,0.0));
#4763=DIRECTION('',(-1.0,0.0,0.0));
#4764=DIRECTION('',(0.0,1.0,0.0));
#4765=DIRECTION('',(0.0,-1.0,0.0));
#4766=DIRECTION('',(1.0,0.0,0.0));
#4767=DIRECTION('',(0.0,0.0,-1.0));
#4768=DIRECTION('',(-0.0,1.0,0.0));
#4769=DIRECTION('',(-1.0,0.0,-1.22460635382238E-16));
#4770=DIRECTION('',(0.0,0.0,-1.0));
#4771=DIRECTION('',(0.0,0.0,-1.0));
#4772=DIRECTION('',(0.0,1.0,0.0));
#4773=DIRECTION('',(-1.0,0.0,0.0));
#4774=DIRECTION('',(0.0,-1.0,0.0));
#4775=DIRECTION('',(0.0,-0.0,1.0));
#4776=DIRECTION('',(0.0,-1.0,0.0));
#4777=DIRECTION('',(-1.0,0.0,0.0));
#4778=DIRECTION('',(0.0,1.0,0.0));
#4779=DIRECTION('',(1.0,0.0,0.0));
#4780=DIRECTION('',(0.0,1.0,0.0));
#4781=DIRECTION('',(-1.0,0.0,0.0));
#4782=DIRECTION('',(0.0,-1.0,0.0));
#4783=DIRECTION('',(1.0,0.0,0.0));
#4784=DIRECTION('',(0.0,-1.0,0.0));
#4785=DIRECTION('',(1.0,0.0,0.0));
#4786=DIRECTION('',(0.0,1.0,-0.0));
#4787=DIRECTION('',(-1.0,0.0,0.0));
#4788=DIRECTION('',(0.0,1.0,-0.0));
#4789=DIRECTION('',(1.0,0.0,0.0));
#4790=DIRECTION('',(0.0,-1.0,0.0));
#4791=DIRECTION('',(-1.0,0.0,0.0));
#4792=DIRECTION('',(0.0,1.0,0.0));
#4793=DIRECTION('',(0.0,0.0,-1.0));
#4794=DIRECTION('',(-0.0,-0.0,-1.0));
#4795=DIRECTION('',(0.0,0.0,-1.0));
#4796=DIRECTION('',(0.0,-1.0,0.0));
#4797=DIRECTION('',(0.0,0.0,-1.0));
#4798=DIRECTION('',(-1.0,0.0,0.0));
#4799=DIRECTION('',(0.0,0.0,-1.0));
#4800=DIRECTION('',(0.0,1.0,-0.0));
#4801=DIRECTION('',(0.0,0.0,-1.0));
#4802=DIRECTION('',(-1.0,0.0,0.0));
#4803=DIRECTION('',(0.0,0.0,1.0));
#4804=DIRECTION('',(0.0,0.0,1.0));
#4805=DIRECTION('',(1.0,0.0,0.0));
#4806=DIRECTION('',(0.0,0.0,-1.0));
#4807=DIRECTION('',(0.0,-1.0,0.0));
#4808=DIRECTION('',(0.0,0.0,-1.0));
#4809=DIRECTION('',(0.0,0.0,-1.0));
#4810=DIRECTION('',(0.0,1.0,0.0));
#4811=DIRECTION('',(0.0,0.0,-1.0));
#4812=DIRECTION('',(0.0,-1.0,0.0));
#4813=DIRECTION('',(0.0,0.0,-1.0));
#4814=DIRECTION('',(-0.0,0.0,1.0));
#4815=DIRECTION('',(-1.0,0.0,0.0));
#4816=DIRECTION('',(1.0,0.0,-0.0));
#4817=DIRECTION('',(0.0,1.0,0.0));
#4818=DIRECTION('',(1.0,0.0,0.0));
#4819=DIRECTION('',(0.0,-1.0,0.0));
ENDSEC;
END-ISO-10303-21;
